primarySlug,longitude,latitude,postalCode
pasta-pino,3.2168884,50.74363,7700
da-barone-et-fils,5.4607516,50.5409924,4120
pizza-gustosa,5.4802058,50.6754914,4340
la-brezza-nova-rocourt-1,5.5497033,50.6841799,4000
la-storia-ans,5.512421,50.66334,4430
pizza-hut-delivery-houthalen,5.3770218,51.0316575,3530
grillhouse-kusadasi,5.5741936,50.9311393,3690
litaliano-nieppe,2.8574184,50.697476,59850
signature-burger-ixelles,4.3950112,50.8093402,1050
pizza-hut-delivery-ukkeluccle-2-st-job,4.3652704,50.7944917,1180
delices-de-mazagan,4.2050586,50.6927383,1480
dominos-pizza-tubize,4.2037156,50.6914912,1480
akira,4.2035757,50.6916829,1480
pizzeria-taormina-virginal,4.2052731,50.64659,1460
snack-de-la-gare-tubize,4.2052684,50.69229,1480
butcher,4.6140658,50.6692295,1348
cooking4u,5.8660955,51.0028531,6131 CK
indian-palace-nl,5.8660955,51.0028531,6131 CK
snack-pita-bodrum-vise,5.6940744,50.7378023,4600
sushi-chow,5.6950235,50.7350978,4600
shangri-la-oupeye,5.6715003,50.7347545,4684
kero-tacos-1,5.6943161,50.737713,4600
napoli-heers,5.302248,50.752292,3870
otacos-waremme,5.2540341,50.6959868,4300
la-plazza-waremme,5.25257,50.695427,4300
pizza-hut-delivery-beernem,3.3246631,51.1289345,8730
oregano-brasschaat,4.4921598,51.290567,2930
side-kebap,5.0863443,51.3187134,2370
broodjeszaak-de-vrijheid,5.0895086,51.3211208,2370
asia-delice,4.4319316,50.8369268,1150
pizza-hut-delivery-vilvoorde-1,4.470801,50.8847419,1930
snack-opwijk,4.1890306,50.9691957,1745
kfc-wijnegem,4.5018069,51.2222768,2110
lla-famiglia,5.580884,51.00532,3665
pyramide-hamont,5.54582,51.24612,3930
anatolia-23-1,5.5466132,51.2514972,3930
la-brochette-du-chalet,4.3209591,50.8674882,1083
xin-yuan,4.310531,50.8671138,1082
chez-giovanni,4.3068695,50.86666,1082
hau-wang-uccle,4.3145715,50.8586393,1080
chef-kebab-1,4.315421,50.87349,1083
dominos-pizza-jette-1,4.3240906,50.8721342,1090
dominos-pizza-berchem-sainte-agathe,4.2823889,50.8667894,1082
woodiz-basilique,4.3144861,50.8668799,1081
i-love-pizza,4.3132214,50.8736018,1083
o-delices-du-basilix,4.2923159,50.872043,1082
sushiria-jette,4.3262347,50.8729989,1090
librairie-koekelberg-iii,4.328317,50.8569599,1081
factory-buns,4.3256164,50.872284,1090
librairie-koekelberg-ii,4.3296999,50.8569799,1081
pitta-house-2,4.3112619,50.868915,1083
librairie-koekelberg,4.329865,50.8570185,1081
iskay,3.8198084,50.7116127,7860
papa-sucre-sale,3.5782116,50.6972868,7910
dominos-pizza-ronse,3.6020962,50.7427833,9600
kursatto,3.6015994,50.7475772,9600
le-meilleur-de-la-frite,3.5807412,50.6936941,7910
freros,3.6034959,50.7350915,9600
dominos-pizza-houthalen,5.373873,51.03167,3530
snack-felix-2,4.3982331,50.8478045,1030
snack-papay,4.3808233,50.8367019,1040
tamy,4.3805304,50.8364281,1040
omiros,4.3739433,50.8490727,1210
buv-moi,4.3566654,50.8476687,1000
le-pecheur,4.3534486,50.8483082,1000
le-porto-fino,4.3717928,50.8395002,1050
snack-tadim,4.3766128,50.859793,1030
le-1050,4.3726359,50.8289445,1050
volle-gas-1,4.367096,50.8334153,1050
gusto-di,4.3460338,50.8481231,1000
shapla-masala,4.3832616,50.8443804,1000
el-bocadillos,4.3577667,50.8450733,1000
oliva-etterbeek,4.388106,50.8366818,1040
snack-chez-zeki,4.3673975,50.8548619,1210
empanadas,4.4006672,50.8407666,1040
restaurant-grecque-nammos,4.3844341,50.8575141,1030
antipasti-sapori,4.4007157,50.8427711,1040
afrosian-ixelles,4.3802894,50.850166,1000
metropolis,4.3857023,50.8393238,1040
petit-palais,4.3729156,50.8567628,1030
snack-dylan,4.4176894,50.8600219,1140
osyrie,4.3680471,50.8553552,1210
snack-sibel-1,4.3927635,50.828637,1040
les-4-gouts,4.3409006,50.8596365,1080
am-princesse,4.3889265,50.8528536,1030
il-covo,4.3644857,50.84869,1000
lequinoxe,4.3587427,50.8457678,1000
booboo-cakes,4.3782268,50.8357688,1050
godo-bistrot-pizzeria-bar,4.3731433,50.8408834,1000
snack-tout-pres,4.3608833,50.851547,1000
le-laakam,4.3657552,50.8364249,1050
tasty-pizza-1030,4.3908716,50.8529949,1030
hawaiian-poke-bowl-bruxelles-1,4.3738636,50.8407464,1000
bad-by-la-parisienne,4.3559617,50.8334341,1060
sandwiched,4.3568671,50.8478189,1000
snack-dag,4.3796936,50.8591069,1030
snack-memo-chez-feyyaz,4.371001,50.860157,1030
snack-tarik,4.3721496,50.8701943,1030
ebenezer,4.379727,50.8293767,1050
tekince-kebap-pizza,4.3701779,50.8587167,1030
la-bella-puglia,4.3885769,50.833067,1040
wazawok-city-2,4.3579242,50.854536,1000
poke-bar,4.3827006,50.8368064,1040
yorker,4.361143,50.8376184,1050
il-buongustaio-bruxelles,4.3746849,50.8435933,1040
otacos-docks,4.3730967,50.8793322,1000
veganwaf,4.354391,50.8464514,1000
eastwest,4.3532288,50.8426213,1000
snack-bodrum-bruxelles,4.4083082,50.84294,1200
au-chapati,4.373023,50.847351,1210
tokyo-roll-new,4.3997054,50.8246334,1160
chamas-tacos-bxl-1,4.355169,50.8486612,1000
snack-marmaris-schaerbeek-1,4.3671369,50.8618457,1030
has-pide,4.3699121,50.8582054,1030
tamtam-gourmand,4.3655742,50.8369032,1050
la-duga,4.3673267,50.8501804,1000
tandoori-land-bruxelles,4.3651355,50.8366637,1050
ozawa,4.3537184,50.8628446,1000
sapporo-shi-sushi-ramen-bar,4.3639413,50.8483721,1000
snack-gerard-new,4.4004032,50.8405952,1040
petales-de-rose,4.392387,50.8560089,1030
snack-delice-st-michel,4.3554927,50.8519286,1000
partnership-support-be,4.4267091,50.8520382,1200
waikiki-poke-bar,4.3541874,50.8488941,1000
woodiz-porte-de-namur,4.3655133,50.836357,1050
burgerstreet-original-smashed,4.3848051,50.8575766,1030
fratellos-sc,4.4003043,50.8559602,1030
slada-bruxelles,4.3554746,50.855727,1000
el-pulgarcito,4.3994603,50.8365883,1040
pizza-express-bruxelles,4.3751637,50.8709368,1030
burger-factory-bruxelles,4.3710256,50.84949,1210
greekit-house-of-souvlaki,4.3775984,50.8455961,1000
chicken-factory-bruxelles,4.3710256,50.84949,1210
slada-laeken,4.3485478,50.8709862,1020
starbucks-schuman,4.382156,50.84276,1040
manhattan-sushi,4.3882042,50.8457285,1000
kaza,4.3788859,50.8762053,1030
le-prince-downtown-new,4.3531698,50.8487352,1000
la-cite-du-dragon,4.3746755,50.800436,1180
chikyy,4.3709083,50.8361031,1050
meli-mely,4.3995761,50.8554279,1030
starbucks-gare-du-nordnoord,4.3610623,50.8602797,1210
wingsstreet-schaerbeek,4.3848051,50.8575766,1030
snack-la-couronne,4.3786763,50.8297666,1050
latelier-a-pizza-helmet,4.389446,50.8752315,1030
kfc-brussels,4.3578964,50.8551088,1000
sushi-world-bruxelles,4.3670471,50.8497791,1000
starbucks-montgomery,4.4098591,50.8373976,1150
einab-syrian-sweets,4.3534435,50.8473113,1000
yann-culinary,4.3839638,50.845223,1000
snack-emirdag-rogier,4.3676555,50.8617171,1030
le-mezze-chez-firas,4.3797687,50.8499175,1000
time-break,4.4015061,50.8485946,1030
met-jeanine,4.3873093,50.836394,1040
corner-churros,4.3836746,50.84942,1000
caleo-cafe,4.3660869,50.8358051,1050
nawab-restaurant,4.3835191,50.8443336,1000
the-public-house-12-ixelles,4.3681528,50.8380893,1050
chez-bibo,4.3744582,50.8584814,1030
tonton-chami-madou,4.3737382,50.8496011,1210
snack-nador,4.3511538,50.8526721,1000
ocheese-saint-josse-ten-noode,4.3744347,50.8528502,1210
aragon,4.3905735,50.8470511,1000
hawaiian-poke-bowl-arenberg,4.3570805,50.8479641,1000
starbucks-rogier,4.359308,50.85535,1210
shaky-burger,4.3783707,50.8526851,1210
oakberry,4.3820352,50.8400834,1040
pizza-liloo,4.3867319,50.8327665,1040
onder-pide-new,4.374166,50.8582148,1030
sushi-house-2,4.391925,50.816666,1050
bombay-inn,4.3533476,50.8486769,1000
asya-pizzaria,4.3733986,50.8529898,1210
snack-aladdin,4.3740091,50.8330455,1050
la-riviera-bruxelles,4.3844286,50.8445235,1000
al-carso,4.41091,50.8435613,1200
poulet-servisss,4.3685833,50.8557255,1210
bns,4.3757999,50.8485676,1210
snack-sympa,4.3661102,50.8365798,1050
napoli-da-leonardo-1,4.3884612,50.8542273,1030
pizzevia-ciao-ciao,4.3771332,50.8731265,1030
miyako,4.3866768,50.8376348,1040
star-of-asia-1,4.3724794,50.8380471,1050
pizza-alba,4.414599,50.8595982,1140
il-veliero,4.3825068,50.8365436,1040
shezan,4.367369,50.8365056,1050
orchidee-rose,4.3472968,50.8484318,1000
atlasresto,4.3623686,50.8595094,1030
mumtaz,4.365068,50.8369908,1050
konya,4.3688113,50.8551593,1210
rio-sushi-1200,4.4126003,50.8439714,1200
yama-sushi-woluwe-saint-lambert,4.4162828,50.8446072,1200
la-sardegna,4.3739435,50.8482825,1210
le-paradis-du-liban,4.3980574,50.8389983,1040
pizzeria-istanbul-schaerbeek,4.3758645,50.8665692,1030
tom-yam-bruxelles,4.38383,50.8186021,1050
turkuaz-kebap,4.3741259,50.8493196,1210
hanedan-kebap-pizzeria,4.3692621,50.8570929,1210
poule-poulette-bruxelles,4.380693,50.8375441,1040
barakat,4.3648236,50.8485461,1000
topogigio,4.3892687,50.8492029,1000
pyramides-schaerbeek,4.3651691,50.8627382,1030
le-bol-de-riz,4.3803976,50.8363823,1040
phopho,4.3565052,50.8555002,1000
tekince-kebap,4.3664397,50.8634253,1030
the-purple-rose,4.354195,50.8464893,1000
greengo,4.3711647,50.8495267,1210
kitchen-151-brussels,4.3694367,50.8354636,1050
les-4-freres-pizzeria,4.3701291,50.8488847,1210
la-ruota-1,4.3865518,50.8522368,1030
otacos-brussels,4.3673348,50.8611178,1030
china-express-ixelles,4.3698605,50.8294155,1050
pizzeria-kocak,4.3702574,50.8587785,1030
jai-ho,4.3539686,50.8541899,1000
dilmon,4.3817889,50.8509845,1210
al-solito-posto,4.3655629,50.8489774,1000
new-annapurna,4.3507374,50.8519401,1000
gatsu-gatsu,4.3542404,50.8464672,1000
cuisine-speciale,4.424885,50.8484236,1200
bagel-corner,4.373372,50.8397656,1050
snack-letang,4.3828158,50.8346899,1040
sushiya,4.416408,50.8596481,1140
indian-royal-fast-food,4.3567264,50.8554443,1000
banh-mi-express,4.383338,50.841555,1040
yummy-bowl,4.3532341,50.8453778,1000
il-colosseo-bruxelles,4.3538156,50.8539322,1000
pizza-king-bruxelles,4.3745241,50.8530623,1210
snack-georges-henri,4.4126857,50.8437401,1200
enka,4.3675059,50.8503179,1000
snack-felix-1,4.3919207,50.8508108,1030
standby,4.361052,50.8395634,1000
deas-pizza-ixelles,4.3796393,50.8297941,1050
sun-wok-pizzas,4.3893413,50.8307369,1040
my-madou,4.370338,50.849019,1210
from-be-for-you,4.3527831,50.8444327,1000
kroket,4.3705887,50.8386572,1050
sushi-me-ixelles,4.3738239,50.8336806,1050
la-pizza-bio-la-pizza-bio,4.407201,50.8424447,1200
al-colosseo-forest,4.3318564,50.8283851,1190
five-guys-bruxelles,4.3579242,50.854536,1000
da-mario-take-away,4.3906603,50.8527395,1030
koala,4.3653412,50.8520143,1000
delices-agbalo,4.3544394,50.8583853,1000
allo-beyrouth,4.3716764,50.8702946,1030
kebap-center,4.355763,50.8534188,1000
why-not,4.3518212,50.8421307,1000
fresh-spicy,4.3836209,50.8396664,1040
beyranet,4.3697417,50.8578274,1030
lucysushi,4.3588862,50.8571356,1210
cocorico-bruxelles,4.3775544,50.8497639,1210
stick-that-meat-1,4.3788394,50.8405097,1040
the-food-box-brussels,4.3518465,50.8491299,1000
gabys-sandwiches,4.3955768,50.8448002,1000
louisiana-grill-gourmet,4.3513426,50.8532027,1000
daily-pates-1,4.3776722,50.8646372,1030
rubens-grillade-1040,4.403117,50.8326438,1040
donkis-wings,4.3818125,50.8373332,1040
tekince-doner,4.3663657,50.8635753,1030
joe-la-frite,4.3413976,50.8396886,1000
trattoria-al-dente,4.3672455,50.8393684,1000
keufte,4.3744168,50.8279567,1050
pizzeria-saint-pierre-etterbeek,4.3958897,50.8367326,1040
miracle,4.3904781,50.8306611,1040
tip-top-burger,4.3401049,50.8607351,1080
pizzeria-modugno,4.3981654,50.845257,1030
gabbiani-reali,4.3533169,50.8454731,1000
jm-sushi-bruxelles-1,4.3581106,50.8448997,1000
thai-chiangmai,4.3710542,50.8359339,1050
deli-liban-1,4.409813,50.8432981,1200
pizza-boom-1,4.3967983,50.8547888,1030
madina-food,4.3752124,50.856793,1030
maki-maki-1,4.3746044,50.8277003,1050
tonton-chami-ixelles,4.3642835,50.8371524,1050
love-ciabatta-bruxelles-1,4.3586131,50.8431461,1000
live-central-park,4.384407,50.8609159,1030
le-rosmarino,4.368485,50.8560184,1210
bella-ciaoo,4.4016108,50.8716439,1140
jardin-asiatique,4.3894082,50.8566804,1030
better-than-hungry,4.3677835,50.8493041,1000
foodminte,4.3706359,50.8362355,1050
sel-et-miel,4.3591525,50.8645165,1000
pizzeria-istanbul-malibran,4.3728027,50.8291519,1050
restaurant-le-royal,4.3780041,50.849752,1210
hatay-kunefe,4.3701779,50.8587167,1030
ozturk,4.3733034,50.8530809,1210
foodmaker-rogier,4.359871,50.8559177,1210
bowlsbe,4.3551554,50.860099,1000
snack-au-petit-creux,4.3850787,50.8518175,1000
gare-des-artistes,4.3504045,50.8572287,1000
otomat-merode,4.3999053,50.8394746,1040
breakpointcolonies,4.359411,50.8466278,1000
restaurant-king-hwa,4.3840211,50.844656,1040
foodmaker-ravenstein,4.3594405,50.8444875,1000
le-gourmet-bruxelles,4.3676808,50.8550672,1210
arts-bagels-etterbeek,4.3754751,50.8436843,1040
dunkin-donuts-1,4.3622942,50.8375935,1050
o-sole-mio-bruxelles-1,4.3548777,50.8587404,1000
osaison,4.3694177,50.8599658,1030
feta-oregano-ixelles,4.3692287,50.8191601,1050
chaba-thai,4.3751083,50.8434248,1040
terracotta-pizze-tapas,4.3887004,50.8366645,1040
o-senegal-vip,4.3671679,50.8365547,1050
gioia-pizza,4.4004911,50.8399803,1040
tekince-cigkofte,4.3664416,50.8634626,1030
the-better-pizza-company,4.3561231,50.8488145,1000
emirda,4.3780666,50.85917,1030
loqqum-restaurant,4.3566464,50.8554669,1000
limor-pizzeria,4.370087,50.8488716,1210
magnum-and-benjerrys-store-schaerbeek,4.3950031,50.8454779,1000
foodmaker-hubert,4.3565748,50.8483183,1000
dunkin-city-2-bruxelles,4.3575088,50.8545204,1000
brasserie-byblos-1898,4.3844626,50.8418397,1040
smashb,4.396094,50.855233,1030
la-table-du-winners,4.3779633,50.8493573,1210
pizza-hoot,4.3913677,50.8756001,1030
la-nuova-piazza-schaerbeek-1,4.3979108,50.8556683,1030
laz-burger,4.3640088,50.8480426,1000
indian-foodism-lounge,4.3732137,50.8477258,1210
saveurs-deden,4.3936543,50.8557188,1030
dunkin-centraal,4.3571035,50.8455447,1000
chickn-choice,4.3569439,50.8542665,1000
le-familial-1,4.3326428,50.863894,1080
street-kap,4.3537965,50.853887,1000
buono-buono-fatto-in-casa,4.3818796,50.8463497,1040
adam-restaurant,4.3760302,50.8570046,1030
cup-pasta-rue-montagn,4.3563846,50.8486241,1000
banh-mi-express-1210,4.3696547,50.8486847,1210
delice-lavenir,4.4099268,50.8430825,1200
los-cubas-bruxelles,4.3803446,50.8378417,1040
sushi-box-ixelles-1,4.3732418,50.8395334,1050
les-4-saisons-schaerbeek,4.3705387,50.8593354,1030
superbowl-lux,4.3673864,50.8404194,1000
spicy-grill,4.3804499,50.8449884,1000
dim-yum,4.3724527,50.8292969,1050
thai-moury-molenbeek,4.338262,50.8544982,1080
chezwawa-royal-1,4.3665933,50.8486631,1000
palermo-pizza,4.3887577,50.847758,1000
afro-luna,4.364873,50.8482155,1000
ayam-baghdad,4.3523913,50.8523294,1000
snack-merode,4.3977664,50.8386936,1040
cankaya-hatay-kunefe,4.3704256,50.8584464,1030
mundo-latino,4.3890065,50.8543184,1030
le-quai-gourmand,4.3511649,50.8630653,1000
essgo-grill,4.3906733,50.8310032,1040
le-pain-quotidien-tongres,4.4011408,50.8403972,1040
the-don-tajine,4.3765691,50.8563228,1030
los-charros-1,4.3511783,50.8528525,1000
pitta-magic,4.3716419,50.8612862,1030
arts-bagels,4.3839793,50.8417934,1040
le-parioli,4.3832748,50.8414076,1040
alba-1,4.3661571,50.8484592,1000
swagat,4.3540107,50.8577512,1000
tadim-kumpir-libano,4.358291,50.8543846,1000
khanna,4.3869094,50.8523634,1030
taste-of-indus,4.3535434,50.8488848,1000
les-delices-de-bruno,4.3620743,50.8386567,1000
food-maker,4.356728,50.8476979,1000
le-sankaran,4.3563596,50.8549067,1000
ornina-syrian-sweets,4.3755381,50.8498888,1210
pizzeria-milano,4.3892963,50.8689998,1030
lala-restaurant,4.3670944,50.8637238,1030
traiteur-liu,4.3875285,50.835876,1040
inzia,4.3657237,50.8360073,1050
bread-breakfast,4.3832087,50.8525193,1030
grillades-panios,4.3751426,50.8502978,1210
le-zinneke,4.3914099,50.8568237,1030
il-convivio,4.3606313,50.8543213,1000
wok-minute,4.3718573,50.8286951,1050
b34,4.3797896,50.8364623,1040
nigiri-roll,4.361143,50.83762,1050
my-shawarma,4.3527734,50.8491525,1000
dolphin-77-sprl,4.3897934,50.845184,1000
snack-evere,4.3996881,50.8712543,1140
bh45-bruxelles,4.3772546,50.8510945,1210
yummy-ixelles,4.3798149,50.8177881,1050
snack-araff,4.3659068,50.864184,1030
tradinatura,4.3673353,50.833332,1050
le-panier-de-meiser-schaerbeek,4.3968463,50.85504,1030
otacos-woluwe-saint-lambert,4.4068038,50.8425615,1200
kihap-fried-chicken,4.3530934,50.8484942,1000
erics-burger-streetfood,4.3642117,50.8577828,1210
latypiq,4.4006295,50.840458,1040
afro-caraibes-le-colibri-mechant,4.3657589,50.836367,1050
caffe-batavia,4.3535433,50.85347,1000
le-palais-des-delices-saint-josse-ten-noode,4.3748979,50.8494719,1210
la-maison-de-gourmands,4.366536,50.8358074,1050
cherry-flower-woluwe-saint-lambert,4.417668,50.8468,1200
cereales,4.3682885,50.835994,1050
snack-boniface,4.3656511,50.8361915,1050
friterie-dailly-bruxelles,4.3882698,50.8529716,1030
creppuccino,4.383235,50.8368218,1040
le-sacre-pain,4.3734093,50.830837,1050
fattouch-bxl,4.389904,50.8379864,1040
the-foodmaker-brussel,4.3687277,50.8405409,1000
snack-marmara-1,4.3882244,50.8536962,1030
space-food,4.3940895,50.8349235,1040
peach-pit-1000,4.3756397,50.8683464,1030
la-maison-daladdin-saint-josse,4.3739292,50.8543889,1210
chick-cheez-docks,4.3729577,50.8788106,1000
latlas-schaerbeek-1,4.375363,50.857014,1030
duo-bruxelles,4.3651372,50.8490682,1000
muss-kebab-schaerbeek,4.3650969,50.8620966,1030
domenica-cucina-popolare,4.3734047,50.8398777,1050
gustoso-pizza-bxl,4.3941336,50.8349224,1040
wicos,4.31284,50.821342,1070
pinsamore-2,4.3677597,50.849285,1000
les-4-saisons-bxl,4.3891574,50.8302584,1040
donburi-express,4.361143,50.8376184,1050
sushi-aiko-k,4.4074136,50.8267923,1150
nithis-kitchen,4.3747506,50.828033,1050
maison-du-kumpir,4.3711537,50.849558,1210
pinsamore,4.3678089,50.849405,1000
le-petit-flagey,4.3747505,50.8280325,1050
bieres-et-tout-le-bazar,4.3547442,50.8453083,1000
pizza-hut-delivery-genval,4.49388,50.7211,1332
mazzerina-genval,4.4903866,50.7278508,1332
la-mie-de-pain,4.4818072,50.73103,1310
manga-sushi,4.345278,50.8136442,1180
fisheri-fresh-fish-burger,4.3469148,50.8260505,1060
doce-tentacao-patisserie,4.3525658,50.8234457,1060
le-seth,4.344723,50.8288159,1060
sweet-sky,4.3582232,50.8043606,1180
pizzeria-lami-uccle-1,4.3524397,50.7923391,1180
hanelly-food,4.3444473,50.8310437,1060
da-giuse,4.3359815,50.803356,1180
speedy,4.3272253,50.8194704,1190
le-pont-de-luttre,4.3243399,50.8238736,1190
royale-pizza-lemonnier,4.3416667,50.8403242,1000
superbowl,4.3356853,50.8361743,1060
gel-tov,4.3604243,50.8142693,1180
latlas-1060,4.344943,50.830689,1060
le-guignol-uccle,4.3479304,50.792975,1180
da-momo-new,4.3476888,50.8256727,1060
ispahan-uccle,4.3662882,50.8046088,1180
mcdoners,4.3658038,50.8144757,1180
dominos-pizza-uccle-chaussee-d-alsemberg,4.3364939,50.8047298,1180
wok-o-clock-halal-saint-gilles-1,4.3443215,50.8300826,1060
poke-more,4.3585209,50.8039222,1180
les-enfants-du-piree-1,4.3369489,50.8072116,1180
viva-brazil,4.3449379,50.8264868,1060
le-mediterraneen,4.3413944,50.8400419,1000
nori-maki,4.3562414,50.8137051,1180
otacos-xavier-de-bue,4.3381116,50.8035632,1180
snack-cousin,4.3304799,50.8281543,1190
hamakom,4.349854,50.8225448,1060
pasta-dor-1,4.3235313,50.8237698,1190
au-petit-en-cas,4.3426764,50.8358433,1000
la-pizza-pazza-saint-gilles,4.343441,50.831173,1060
lebanese,4.3528582,50.8233392,1060
poke-time,4.3461457,50.8288209,1060
sanck-twins,4.3411907,50.8025734,1180
fast-good-saint-gilles,4.3461457,50.8288209,1060
cafe-galletos,4.3415713,50.83084,1060
foods-n-moods-1000,4.341234,50.839905,1000
pizzago,4.3368221,50.8086781,1180
kitchen-by-pj,5.8653054,51.1032895,6101 KA
rosso-peperone,4.3604117,50.8995699,1020
snack-bosphore,4.3633831,50.867365,1030
poke-n-bowl,5.6942033,50.7378327,4600
la-petite-gayoule,5.6832371,50.7159264,4681
pizza-berneau,5.7309887,50.7427452,4607
pita-daubel,5.861091,50.703153,4880
un-cent,5.6351175,50.6756846,4040
le-jasmin-vise,5.6932625,50.7364115,4600
pizzeria-bella-vita-aubel-1,5.8587614,50.7012689,4880
basilico-oupeye-1,5.6672087,50.733192,4684
fiammetta,5.6957822,50.6797621,4671
eetboutique-kaya,5.4189421,50.9075832,3590
sushi-culture,5.421273,50.906796,3590
fri-tuur-t-charlotteje,4.2391931,51.0991085,2880
de-notelaer,4.2396577,51.0992551,2880
dominos-pizza-bornem-1,4.2332509,51.096811,2880
snack-el-medina,5.6923432,50.9884185,3630
frituur-natalie,5.710942,50.9796447,3630
sofra,5.69626,50.9644592,3630
pizza-hut-delivery-maasmechelen,5.6995297,50.985642,3630
burger-kofte-maasmechelen,5.6955838,50.9886723,3630
restaurant-di-trapani,4.2430556,50.9591359,1785
okebab,4.402186,50.69827,1410
donca,4.4359849,50.7067478,1380
bella-italia-la-hulpe,4.482034,50.7307928,1310
palas-food,4.3134475,50.873455,1083
pizzeria-side,4.3946412,50.8278784,1040
la-frite-doree-watermael-boitsfort,4.403656,50.8087296,1170
pizzaitalia,4.3933062,50.8283102,1040
da-maurizio-new,4.4217231,50.8175012,1160
amore-fantasia,4.4170591,50.8154374,1160
omonni-fried-chicken,4.4074136,50.8267923,1150
com-nam,4.4028325,50.8099038,1170
mazaj,4.426498,50.8156493,1160
snack-thieffry,4.3998691,50.8307916,1040
sushi-wok-1,4.3931218,50.8284343,1040
liborio,4.4036377,50.8224266,1160
snack-aquarium,4.4004368,50.8243819,1160
little-bamboo,4.4199745,50.8178432,1160
ponto-pasta,4.3751999,50.8330089,1050
m-m,4.4255233,50.816752,1160
storia-italiana,4.4024371,50.809298,1170
de-masala-box,4.3995011,50.8245628,1160
agra,4.3996489,50.8248545,1160
dominos-pizza-oostende-2,2.9162294,51.2331238,8400
chawlas-2,2.9191892,51.2350678,8400
olis-friet-eat,2.9115785,51.2301212,8400
ristorante-pizzeria-benvenuto,2.887625,51.2202656,8400
ohana,2.9199729,51.2321658,8400
mamacita,2.9100374,51.2302524,8400
steakhouse,2.9211001,51.2343551,8400
sushi-oostende,2.8967336,51.2229187,8400
frituur-opex-oostende,2.9410876,51.2362582,8400
flavours-of-india,2.9102942,51.224864,8400
den-oude-lepel,2.9165314,51.2324505,8400
traiteur-piemonte,2.9166562,51.2313405,8400
pizza-hut-oostende,2.9084221,51.221713,8400
bavet-oostende,2.9117851,51.2311114,8400
delight-sushi-bar,2.9169871,51.2310302,8400
villa-borghese-oostende-1,2.9186504,51.2313293,8400
hawaiian-poke-bowl-oostende,2.917142,51.23228,8400
the-hungry-queen,2.9097197,51.2297828,8400
oostende-poke-bowl,2.918388,51.227541,8400
pizzeria-margarita,2.9146258,51.2319794,8400
visboetiek-emilie,2.9225484,51.2317511,8400
markies,2.9153112,51.2301494,8400
poule-poullette,2.9128059,51.230868,8400
snack-oostende-1,2.9191153,51.2296711,8400
pakistan-royal-food,2.9164435,51.2337942,8400
sensai,2.9195529,51.2350673,8400
frituur-franky,2.9110218,51.2283855,8400
burgiz-boutique,2.9152767,51.2301755,8400
de-oostendse-friethoek-oostende,2.9416491,51.2275495,8400
ruby-frituur,2.8950886,51.2179472,8400
planet-yoghurt-planet-pasta-oostende,2.9180292,51.2309915,8400
pitta-corner-oostende,2.9164431,51.2337831,8400
delco-snacks-burger-shop,2.8831453,51.2179446,8400
harbours-kitchen-vicogne-hoeve,2.9616512,51.2374909,8450
antalya-grill,2.9087838,51.2245941,8400
pitta-bon-appetit,2.9144097,51.2318024,8400
mcdonalds-oostende-drive,2.9049282,51.205983,8400
de-zeebries,2.9187381,51.2313242,8400
ronin,2.9164091,51.2325994,8400
jilles-oostende-oostende,2.9114752,51.2308922,8400
bella-italia-oostende,2.9144809,51.2326991,8400
antwerp-fried-chicken-oostende,2.9074721,51.217274,8400
tasty-subs,2.9134285,51.2255125,8400
pizza-planet-oostende,2.9149214,51.2301403,8400
frituur-hazegras,2.9241447,51.2257515,8400
selfi-snack,2.9164162,51.2324767,8400
mcdonalds-vlaanderenstraat,2.9168021,51.2324441,8400
flavors,2.917821,51.2308905,8400
sushi-shsaido,2.923122,51.228775,8400
frituur-danny,2.906713,51.2154089,8400
el-greco-oostende,2.9170093,51.2329511,8400
amy-mary-specialty-ice-creams,2.9141748,51.232124,8400
olivier-willems-chocolatier-atelier-oosteroever,2.9315989,51.2358134,8400
rizavita,2.9131492,51.231963,8400
mister-spaghetti-oostende,2.9167638,51.233041,8400
tujo,2.8938599,51.2229242,8400
osaveurs,2.920767,51.2332008,8400
het-koraal,2.9228992,51.230965,8400
twins-f-oostende,2.9177008,51.2332041,8400
deli-twist-oostende,2.9188015,51.231373,8400
snack-royal-oostende-8400,2.8822633,51.2127031,8400
izmir-kebab,2.914207,51.232292,8400
benjis-luxury-pitta,2.915532,51.232334,8400
chinees-restaurant-chi,5.7153759,50.8486979,6224 JB
dominos-pizza-lanaken,5.6499956,50.8893746,3620
frituur-restaurant-malberg,5.6582401,50.865745,6218 BE
nankaisushi,5.6496035,50.8882302,3620
orient-new,5.6650737,50.8947108,3620
achiles,5.6737455,50.8852173,3620
eethuis-zemzem,5.6507451,50.8895158,3620
pizzeria-newroz,5.6507451,50.8895158,3620
mamma-mia-kanne,5.6691349,50.8133081,3770
sushi-wolder,5.6541681,50.834446,6213 HL
daisuki-sushi-2,5.666505,50.85022,6216 CE
da-roberto-ii,5.6803091,50.8514888,6211 PP
pizza-planet-vise,5.6946873,50.7360097,4600
ada-grill-burger,5.6941176,50.8465692,6211 HL
lotus-maastricht,5.6752508,50.8442745,6214 SV
o-bubble-tea,5.6937383,50.7383555,4600
pizza-hut-delivery-asse,4.1965426,50.9118426,1730
le-lion-belge,4.418416,50.8599029,1140
snack-arc-en-ciel-evere,4.4008113,50.8714801,1140
cheat-burgers,4.3743911,50.8336928,1050
sushiline-bruxelles,4.3910123,50.8531716,1030
la-boucherie-devere,4.3998682,50.871939,1140
pizza-hut-delivery-zaventem,4.4727801,50.8798085,1930
miros,4.4002252,50.8716804,1140
orient-kitchen-evere,4.4004025,50.870054,1140
margherita-pizza,4.3868024,50.8734968,1030
turkish-kebap,4.4096982,50.8778404,1140
paradise-of-india,4.3998057,50.8687167,1140
casa-giordano,4.4154694,50.8579029,1140
snack-houwaert,4.373779,50.8527175,1210
sushi-moon-evere-2,4.400269,50.8715316,1140
pizzeria-la-ora,4.4710678,50.8888975,1930
late-night-pizza,4.3303032,50.827602,1190
new-asia-schaerbeek,4.3956731,50.8557317,1030
kefi-taverna,4.4166935,50.8635691,1140
royale-pizza-louvain,4.3993148,50.8554161,1030
mcdonalds-testlab,4.4592802,50.8928127,1935
quick-evere,4.4111602,50.8780669,1130
wok-masala,4.3899729,50.8689045,1030
nouillequisaute-jinyuan,4.4144339,50.8587057,1140
new-delhi-traiteur,4.4123924,50.8583933,1140
snack-antalya-zaventem,4.4704521,50.8847973,1930
frituur-egzon,4.4153902,50.8591074,1140
snack-tatayet,4.4020319,50.8561079,1030
dominos-pizza-evere,4.4095179,50.8779071,1140
serenata-new,4.4704492,50.8850493,1930
taverne-jack,4.3998766,50.8687882,1140
royal-city,2.888137,51.2151275,8400
pho-sure,2.9103114,51.2251273,8400
apero-bouffe-lobsang,2.9094399,51.2251064,8400
zia-maria-pizzeria,2.9026885,51.2172744,8400
pizza-thats-it-oostende,2.9071662,51.2177133,8400
yamas,2.9108129,51.2249944,8400
olivier-willems-chocolatier-shop-petit-paris,2.9099195,51.2247301,8400
fast-and-fresh,2.9088693,51.222843,8400
brasserie-faro,2.918388,51.227543,8400
funky-friet-house-oostende,2.9091783,51.225464,8400
dostendsche-baguette,2.915898,51.226467,8400
burger-king-westland-anderlecht,4.2870944,50.8387823,1070
milano-pizza-pasta,4.308187,50.8365808,1070
pizza-pazzia-toto-anderlecht,4.2978845,50.84663,1070
snack-derya,4.3189361,50.848743,1080
otacos-anderlecht,4.307244,50.8346916,1070
oroyal-burger,4.3152923,50.8582461,1080
asie-a-tik-anderlecht,4.2870944,50.8387823,1070
taiyaki-sushi-molenbeek-saint-jean,4.3152015,50.8554394,1080
o-16-art-bruxelles,4.29822,50.86416,1082
otacos-westland-antwerpen,4.2878482,50.8384493,1070
wanted-mettewie,4.3124492,50.8562741,1080
snack-ozmu-anderlecht,4.3070863,50.8397466,1070
pizza-pita-pala-9150,4.3120615,51.1701238,9150
kaya-pitta,0.0,0.0,
de-wedergeboorte,2.7566215,51.149706,8434
pizza-bella-pitta,2.8307733,51.189492,8430
trattoria-borsalino,2.8148523,51.1870881,8430
liberta,3.3272067,51.3486848,8300
lucy-chang-knokke,3.2786424,51.3491685,8300
pizza-number-1,3.2877057,51.3440506,8300
pizza-azzuro,3.2878123,51.348971,8300
restaurant-cipriani,3.282687,51.350397,8300
klein-amsterdam,3.2984896,51.354291,8300
the-foodaffair,3.2893011,51.3491317,8300
kanpai-sushi-lounge,3.2879816,51.3524664,8300
mere-liban,3.2912637,51.3528206,8300
oliva-knokke-heist,3.2416257,51.340565,8301
pitta-number-1-knokke-2,3.2880538,51.3426788,8300
la-familia-da-aldo-knokke,3.2387018,51.3411653,8301
arigato-sushi-bar-knokke,3.2885656,51.3470715,8300
bar-celona,3.2866428,51.3391859,8300
nonna,3.2393598,51.3401985,8301
amare-mio-ristorante-pizzeria-knokke,3.2901038,51.3530572,8300
pizza-sam-heist,3.2383649,51.3394195,8301
my-way,3.2888883,51.3434678,8300
yum-smaak-knokke-heist,3.2888477,51.34099,8300
golden-buddha-home,3.2882916,51.3410833,8300
bella-italia-knokke,3.2882123,51.343096,8300
dominos-pizza-knokke,3.2881033,51.3429952,8300
pitta-number-1-blankenberge,3.1272587,51.3125245,8370
pitta-corner-blankenberge-2,3.1271573,51.3152888,8370
didis-broodjes,3.1282859,51.3156107,8370
snack-pitta-zem-zem,3.1292305,51.3156801,8370
ptta-cem,3.1268987,51.3142247,8370
khaokaeng,3.1350907,51.3165103,8370
royal-punjab,3.2380768,51.340362,8301
frituur-de-ster,3.2405677,51.3399649,8301
kohinoor-indian-restaurant,3.2882123,51.343096,8300
hattori-hanzo-sword-sushi,3.13197,51.3168304,8370
martinos-blankenberge,3.1239525,51.3152606,8370
house-of-flavors,3.2379937,51.340504,8301
lamoon-thai,3.1222044,51.3149055,8370
arata-sushi,3.1317117,51.3132974,8370
pizza-portofino,3.1228834,51.3144446,8370
pitta-number-1-bredene-1,2.9667543,51.2486088,8450
restaurant-medina,3.1283168,51.3142846,8370
pronto-blankenberge,3.1253634,51.3126267,8370
by-blankenberge,3.1316549,51.3160147,8370
oasis-pizza-kebab,3.1876991,51.3131951,8380
indian-tandoori-grill,2.963579,51.2484468,8450
frietrevue,3.1282859,51.3156107,8370
t-food-dilemma,3.0830791,51.2976457,8420
pizza-sam-blankenberge,3.133781,51.3169613,8370
il-forno-de-haan,3.0336823,51.2723596,8420
t-spitje-wenduine,3.0839443,51.302284,8420
moana-pokebowls-bv,3.131441,51.31363,8370
dr-grill,5.106028,51.252831,2480
izmir-snacks,5.4785896,51.2545203,3930
adak-kebab-1,5.5421495,51.250926,3930
york-pizza-pelt,5.4281418,51.2231949,3900
eethuis-florya-neerpelt-1,5.4469011,51.2317153,3910
eethuis-kodak,5.4302185,51.2259261,3900
orient-overpelt,5.4230823,51.2119421,3900
fresh-overpelt,5.4228204,51.2119107,3900
sint-antonius-neerpelt,5.4325213,51.228675,3910
la-bella-neerpelt-3910,5.4319444,51.22917,3910
oke-poke-bowl,3.9714709,50.9226803,9420
snackbar-tasty,4.7097848,50.9945976,3120
dangelo-tremelo,4.708834,50.989834,3120
pizza-perfect,4.5721339,50.9814706,3190
king-kebap,4.6345681,50.9770486,3150
hever-kebab,4.555168,50.992436,3191
momo-sushi,4.5485015,50.9418449,1910
itaz-pizzeria-restaurant,4.5695382,50.9835441,3190
dominos-pizza-sint-katelijne-waver,4.4797446,51.0592369,2860
kebap-kursat-1,4.9792033,50.9787777,3270
milano-pizza-grill,4.6335843,50.9768089,3150
bij-t-bosske,4.6282339,51.0595826,2580
unal-snacks,4.6327539,51.0031161,3140
grissini,4.5861227,51.0000089,2820
saitama-sushi-wok-thai-3140,4.6310582,51.0043045,3140
peppino-pazzo-2,4.571911,50.981224,3190
snack-babylon-uccle-1,4.3366474,50.7997464,1180
made-in-sud,4.3363185,50.7997506,1180
arrivero-uccle,4.3372031,50.8002095,1180
le-concerto-forest-national,4.3251903,50.8097579,1190
epicuro,4.3346836,50.8025302,1180
late-night,4.3367913,50.8014862,1180
snack-dancot,4.337123,50.800243,1180
mixte-kitchen,4.358368,50.8039584,1180
otacos-cora-anderlecht,4.2801238,50.8199874,1070
snack-neerstalle,4.3164883,50.8078851,1190
friterie-stalle,4.3200066,50.7928845,1180
bagel-jackson-uccle,4.3584195,50.8039278,1180
rosso-pizzeria-pasteria,4.4019534,50.7012776,1410
ciao-pizza-waterloo-1,4.396217,50.717354,1410
mezon,4.3527461,50.7921327,1180
la-focaccia-braine-lalleud,4.3515053,50.7146019,1420
spoons,4.378565,50.784497,1180
al-mandaloun,4.390948,50.71666,1410
betobe-lebanese-street-food,4.366919,50.70082,1410
no-concept-restaurant,4.3781876,50.7842671,1180
dominos-pizza-alsemberg,4.33613,50.74163,1652
pizza-hut-delivery-waterloo,4.3976935,50.7202357,1410
unkai-sushi,4.370895,50.6846382,1420
les-delices-de-lorient,4.3994017,50.7143239,1410
tenshi-sushi-uccle,4.3605829,50.8196413,1050
ping,4.3844118,50.7145738,1410
up-day,4.3813199,50.7565492,1640
le-jardin-dasie,4.4018087,50.7029651,1410
villa-la-dolce-vita,4.3983906,50.7162149,1410
sushi-tei,4.4019827,50.7008794,1410
restaurant-le-cedre,4.3687658,50.6879458,1420
pizzeria-gloria,4.3376631,50.7404068,1652
espace-pizza-linkebeek,4.3263618,50.7749056,1630
makimasan,4.3981461,50.7185385,1410
petit-kaiyou,4.4044437,50.6929226,1410
sushi-shop-waterloo-1,4.3975916,50.718883,1410
mainoi,4.3793819,50.6856075,1420
bronzi,4.3975321,50.7203841,1410
sources-du-liban,4.3762945,50.787563,1180
royal-lebanon-waterloo,4.4034286,50.7027831,1410
soho,4.3648345,50.6967863,1420
sushi-shop-uccle-2,4.375309,50.7892568,1180
couscous-at-home-uccle,4.3698216,50.8088368,1180
triple-b,4.3761664,50.787695,1180
lamusoir,4.3979027,50.7191167,1410
dulce-panceta,4.4018442,50.7024006,1410
yoko-wok,4.4168925,50.7044173,1410
snack-la-cambre-uccle,4.3735706,50.8012434,1180
la-pomme-de-pin-uccle-1,4.3737223,50.8019804,1050
chateau-du-liban,4.4132624,50.667236,1380
showa-koi,4.3728228,50.7955,1180
joyce,4.3983522,50.719327,1410
lananas-1410,4.402346,50.701214,1410
makao,4.402005,50.700928,1410
cali,4.39834,50.717236,1410
le-kong,4.3737745,50.795284,1180
panorama-family-1,4.3341307,50.8565712,1080
zengo,4.3341323,50.8563896,1080
le-corny,4.3344058,50.8507752,1080
creperie-jadi,4.3382888,50.8545878,1080
tonton-chami-molenbeek-saint-jean,4.3362766,50.8543334,1080
le-chalet-molenbeek,4.3101835,50.8566225,1080
akid-bab-alhara,4.3360122,50.8438488,1070
o-saveurs,4.3400189,50.8582362,1080
snack-grill-dansaert,4.3439342,50.8521231,1000
boulangerie-salam,4.3386437,50.8568836,1080
restaurant-le-familial,4.3383599,50.8548151,1080
le-reve-de-sherazade,4.3296889,50.8572247,1081
le-brussels-1,4.3100562,50.8590736,1080
food-king,4.2840575,50.8455292,1700
la-cucina-tradizionale,4.2967063,50.8600906,1082
cuizy-burger,4.3291983,50.8529464,1080
bagel-jackson-osseghem,4.3266528,50.8571743,1081
i-due-fratelli,4.3027144,50.861368,1082
adam-food,4.3190061,50.8492961,1080
new-city-frit,4.2771077,50.8677655,1702
gul-food,4.3099943,50.8479888,1070
dbdb,4.2295088,50.8984502,1730
sandwich-1707,4.2771077,50.8677655,1702
chilli-grill,4.3424514,50.8525431,1000
chicken-ky-1,4.3382512,50.8445423,1070
la-medina-chez-hussin,4.3425521,50.8459048,1000
ostates,4.3282995,50.8494722,1080
la-pizza-pazza-anderlecht-1,4.3043543,50.8472284,1070
laigle-de-kawele,4.3251156,50.8489621,1080
royale-pizza-express,4.3116872,50.8583033,1080
snack-medina,4.3277586,50.8566814,1080
pmc,4.3327874,50.8568615,1080
western-burger,4.3300312,50.8499632,1080
mburger-karreveld,4.3192869,50.8575632,1080
la-queue-de-vache,4.3116327,50.8522047,1080
maison-grill-bruxelles,4.319434,50.8578394,1080
mamma-mia-1,4.3428055,50.8524046,1000
le-petit-burger-1080,4.3290492,50.8489816,1080
grano-barthelemy,4.3388157,50.849686,1000
city-chicken-1070,4.3350526,50.8439133,1070
tetiko-molenbeek,0.0,0.0,
anastasia,4.3432226,50.8481319,1000
amjam,4.2936095,50.867429,1082
buddys,4.3294512,50.8502392,1080
royale-pizza-1081,4.3309096,50.8571772,1081
best-grill-molenbeek,4.3105647,50.8574331,1080
bambou-sushi,4.327995,50.8492264,1080
hashtag-chicken-waffles-bruxelles,4.3439206,50.8481187,1000
pizza-delmar-bruxelles,4.3298756,50.8490267,1080
mon-regal,4.3299199,50.8550068,1080
solo-mio-molenbeek,4.3353139,50.8580373,1080
pizza-altamira,4.315354,50.8582023,1080
pizza-royale-molenbeek,4.3373998,50.8555416,1080
pizza-alep,4.3377792,50.8443727,1070
royalpizzadelacroix,4.3239118,50.8460996,1080
snack-les-ryads,4.3367718,50.8550215,1080
la-grande-muraille-simonis-1,4.3300415,50.8636792,1081
queens-house,4.339161,50.8492883,1000
smash-cheese-ganshoren,4.3222392,50.8726422,1083
lunch-break-sucre-sale,4.3291021,50.8489287,1080
grillade-yasmine,4.3286961,50.8491745,1080
antwerp-fried-chicken-brussels,4.3348804,50.843876,1070
jana-family-bruxelles,4.3169479,50.857941,1080
captain-johns-fish-and-chips-new,4.3419633,50.853294,1000
la-bonne-adresse-restaurant,4.3387143,50.8572093,1080
snack-ward,4.3346333,50.8438109,1070
kellyan,4.3249793,50.847084,1080
fouad-fish,4.3314811,50.8526276,1080
bella-vita-bxl,4.3438708,50.8481869,1000
o-grill-molenbeek,4.3382197,50.8543573,1080
mogusto,4.3341794,50.8391966,1070
snak-de-la-famille,4.3154125,50.8361415,1070
ribs-burgers,4.3253071,50.8095593,1190
corner-kitchen-bruxelles,4.3421802,50.8395938,1000
tonton-chami-1070,4.3254502,50.835364,1070
snack-alsemberg-1190,4.3400529,50.8156131,1190
le-monte-carlo,4.3248876,50.8124272,1190
mo-mo-saint-gilles,4.3432655,50.8250844,1060
snack-wielemans-new,4.327402,50.8243939,1190
botecos-steek-grill,4.3354955,50.8286736,1060
sina-pasta-forest,4.3425997,50.8212081,1190
joy-brussels,4.3415101,50.8213496,1190
kumas,4.3402098,50.8142562,1180
pizza-mania-anderlecht,4.307969,50.8299037,1070
maison-grill-anderlecht,4.3285076,50.8381988,1070
mille-un-biscuits,4.318333,50.8098877,1190
filet-mignon,4.3394182,50.8136768,1180
maki-maki-uccle,4.3369038,50.8041422,1180
sawa-resto,4.3369617,50.8010119,1180
laltruiste,4.3168008,50.8366316,1070
lunch-factory,4.3392771,50.8364735,1060
bens-burger,4.3122859,50.8358804,1070
la-molisana-saint-gilles,4.3452862,50.8253384,1060
los-bocadillos,4.3338922,50.8240671,1190
lebanon-uccle,4.3363117,50.8003632,1180
la-frite-de-forest,4.3191181,50.812214,1190
akwa-nord,4.328199,50.8327077,1070
pizza-deliorman,4.3268519,50.8360373,1070
bosphore-grill,4.2975821,50.8247816,1070
pizza-minute-saint-gilles,4.3343952,50.8326498,1060
pims-burger,4.3322309,50.8405877,1070
haagen-dazs-place-horta,4.3344772,50.8365108,1060
sabor-do-brazil,4.3439035,50.8287387,1060
le-wahasia,4.3396769,50.8161004,1190
kriti-petit-os,4.3388537,50.8305505,1060
mother-india-restaurant,4.3362702,50.8003255,1180
snack-el-wafa,4.3163865,50.8365645,1070
le-mainz,4.3470913,50.8137207,1180
somar,4.3303651,50.8421441,1070
b-cook,4.3459873,50.8136733,1180
tayba-sweet,4.3321569,50.8429036,1070
snack-istanbul-wayez,4.3110307,50.835412,1070
7-seven,4.3421654,50.8219526,1190
zam-zam-halal-indian,4.3355319,50.8404652,1070
cauri-bar,4.3421318,50.8218772,1190
churrascaria-do-miao,4.3167602,50.8356394,1070
chez-yolo,4.3346457,50.8370595,1060
viva-lasagna,4.3393257,50.8138343,1180
pizza-royal-family,4.3174035,50.8095738,1190
emporio-brazil,4.3314589,50.8360605,1070
royale-pizza-anderlecht,4.3101853,50.8355488,1070
brasileirinho,4.343941,50.8289585,1060
snack-tip-top,4.3386547,50.8133607,1180
saborear,4.3457912,50.8280055,1060
ali-baba-chez-assaad,4.2887373,50.8078796,1600
la-gioia-di-lena,4.3434409,50.8240908,1060
tetiko-saint-gilles,4.3443497,50.826378,1060
foodizz-tartes-du-monde,4.3466694,50.8136833,1180
a-modo-mio-saint-gilles,4.3394643,50.8366306,1060
allo-liban,4.3441588,50.8280635,1060
saveurs-du-monde-saint-gilles,4.3434771,50.8243166,1060
pizza-da-las,4.3442586,50.8296245,1060
buns-bruger,4.3358622,50.8338073,1060
vera-italia,4.345278,50.813644,1180
snack-turquie-1070,4.3349614,50.8389086,1070
koyzina-authentica,4.3409859,50.803272,1180
mazen-chicken-anderlecht,4.3172002,50.83642,1070
pastador,4.3340528,50.8240652,1190
boucherie-wayez,4.3124947,50.8356507,1070
suada,4.3118128,50.8331533,1070
poissonerie-laporte-uccle,4.3368133,50.8022585,1180
las-flores-anderlecht,4.3235102,50.8341429,1070
wingstreet,4.3065906,50.8358816,1070
lamazonie,4.3366571,50.8073915,1180
shi-shang,4.3425179,50.8228918,1060
snack-loni-1,4.336977,50.8079665,1180
monopoli,4.3445985,50.827407,1060
tayba-sweet-2,4.3168797,50.836636,1070
vintage,4.3164547,50.8365711,1070
acai-du-nord,4.3425745,50.8219657,1190
snack-clems,4.33133,50.842117,1070
restaurant-henri-1er,4.3446722,50.8101661,1180
cree-ta-crepe-brussels,4.3404881,50.828892,1060
miss-patchouli-corner,4.3363208,50.8010459,1180
feta-oregano,4.2561653,50.8708508,1702
pizzeria-nina,4.253773,50.8711184,1702
food-like-home,4.3173681,50.8004216,1190
pizzeria-da-toto-1,4.3737607,50.801491,1180
snack-antalya-ruisbroek,4.2983155,50.7897166,1601
ocouscous,4.3212211,50.7951364,1180
pizzeria-zirar,4.3296392,50.8244163,1190
chez-hassan,4.3330154,50.7919733,1180
pizzeria-zirar-saint-denis,4.3176421,50.8104646,1190
couleur-safran-1,4.3295849,50.7871651,1180
pizza-hut-delivery-sint-pieters-leeuw,4.2888177,50.8045043,1600
la-cite-du-mandarin,4.3137827,50.7939874,1620
pizza-way,4.3196403,50.8093906,1190
tex-mex-2,4.3165989,50.8085597,1190
snack-lorient,4.3173038,50.809472,1190
pronto-salvatore,4.348206,50.8248132,1060
wokcity,4.3336345,50.7417595,1652
le-chef-poon,4.3255785,50.7795567,1650
snack-delice-halal-uccle-1,4.3364598,50.8039908,1180
restaurant-san-donato,4.3175061,50.8004855,1190
thai-spice-rhode-saint-genese,4.3540782,50.7471441,1640
mochi-moshi,4.3181364,50.8004782,1190
ronron-macarons,4.3100247,50.796696,1620
i-quattro-canti,4.2704419,50.7867122,1600
brasserie-gribaumont,4.4159086,50.837266,1150
maki-maki-zaventem,4.4727542,50.8791071,1930
bfc-zaventem,4.4339255,50.8642705,1932
charbel-libanese-specialiteiten,4.4743277,50.8819134,1930
da-toni-1,4.4671819,50.8460339,1950
restaurant-gabriel,4.4527344,50.8312407,1150
punjab-tandoori-cuisine,4.4154197,50.8446386,1200
poseidon-schaerbeek,4.3900135,50.8529279,1030
by-strofilia,4.464817,50.8418395,1150
pizza-hut-wezembeek-oppem,4.494874,50.8407928,1970
mrdonut,4.4363192,50.8454218,1200
fuji-house,4.457562,50.847893,1200
la-trinacria,4.4203808,50.8441316,1200
neuf-neuf-dragon-evere,4.4168988,50.8596958,1140
snack-refuel,4.4313365,50.8376988,1150
simple-asia-woluwe,4.4169958,50.8464741,1200
number-one-kraainem,4.455062,50.8652122,1950
dominos-pizza-zaventem,4.4742044,50.8802711,1930
mandarin,4.3781081,50.8489548,1210
snack-mundo,4.3792999,50.8186283,1050
mikuriya-1,4.4344808,50.8411191,1200
sicilia-bella,4.4514981,50.8507264,1200
romeo-e-giulietta,4.4611914,50.8432389,1150
dominos-pizza-woluwe-1,4.4090312,50.8431134,1200
dominos-pizza-8,4.4286031,50.8161047,1160
la-piazza-1200,4.4356621,50.8419576,1200
ancho-woluwe,4.4477974,50.8545238,1932
twins-tavern,4.4268494,50.8624209,1200
snack-for-you,4.4520538,50.8309809,1150
las-flores,4.4313588,50.8372852,1150
brasserie-heydenberg,4.4170092,50.846391,1200
the-manhattan-cafe,4.4508149,50.8509535,1200
acqua-e-farina-1,4.4139984,50.8484468,1200
tom-yam-to-go,4.4644718,50.840667,1150
banjul-kitchen,4.4955561,50.8429387,1970
pizza-fresca-woluwe-1,4.4515785,50.8315087,1150
maison-du-liban,4.3913496,50.8530939,1030
sapori-ditalia-ermejo,4.4290048,50.836419,1150
chitir-chicken-woluwe-saint-lambert,4.437103,50.844621,1200
umino-sushi,4.4157073,50.8444724,1200
tenshi-sushi-stockel,4.4647084,50.8391628,1150
les-deux-petits-diables,4.4341344,50.8142508,1160
scottys-nz-pies-the-kiwi-traiteur,4.4504776,50.8486745,1200
red-chillies-restaurant,4.45449,50.868797,1932
myro,4.4485035,50.854584,1932
la-trca,4.4204038,50.8441446,1200
fasty-food-an-1,4.4386365,50.8370844,1200
le-cerisier-woluwe-saint-lambert,4.4136806,50.84671,1200
la-rotonde-by-dl,4.443573,50.84371,1200
traiteur-boucherie-thielemans-woluwe-saint-pierre,4.4298237,50.8368418,1150
sushi-shop-woluwe-saint-pierre,4.4642762,50.8394217,1150
posta-kebab,4.2053163,50.9074031,1730
emirda-koftesi,4.4350511,50.9118822,1830
snackbar-romy,4.432072,50.9250536,1800
snack-au-bled,4.372873,50.8701326,1030
snack-gab-dav,4.3885953,50.8653653,1030
apollon-vilvoorde,4.4548226,50.9259933,1800
au-village-de-shanghai-1030,4.3899515,50.875094,1030
snack-pizza-de-oase,4.4249935,50.9310813,1800
frituur-brothers,4.4350421,50.8974472,1831
omega-med,4.3748086,50.8707769,1030
la-baguette-dor-bruxelles,4.3881066,50.877484,1030
suslu-by-tuna,4.3869141,50.8731519,1030
churros-valyser,4.4267752,50.9290871,1800
bo-zin,4.3664051,50.8644823,1030
phoenix-garden,4.4259833,50.924861,1800
leonidas,4.3851888,50.8718939,1030
la-cueva-de-castilla-schaerbeek-1,4.373752,50.8667532,1030
sugarden,4.4223265,50.9286819,1800
resto-snack-zen,4.4331812,50.9276312,1800
frituur-opt-hoekske,4.4123133,50.9250878,1800
pizza-hut-delivery-strombeek,4.3615034,50.9024643,1853
pizzeria-bella-ciao-1,4.3835075,50.8948667,1120
chez-kloe,4.3603647,50.9006785,1020
qebaba,4.3663871,50.8645237,1030
moviesnacks,0.0,0.0,
pizzera-italia-schaerbeek,4.3750755,50.8709301,1030
surin-thai-kitchen-grimbergen,4.36421,50.936295,1850
pizzeria-al-doppio-a,4.3775307,50.8639007,1030
vilfoodia-restaurant,4.4294433,50.9326806,1800
pita-pizza-pasta-ararat-1,4.4549823,50.9613236,1980
arrivero-schaerbeek,4.4021216,50.856126,1030
resto-royale,4.3715253,50.8695416,1030
matiate-docks,4.3712822,50.8793665,1000
felix-pizza,4.4228716,50.9309357,1800
traiteur-tuk-tuk,4.4177261,50.8597296,1140
marrakech,4.3717317,50.8703965,1030
snack-la-cage,4.3754976,50.8719335,1030
pizza-talia-1800,4.4264924,50.9233243,1800
veziroglu,4.4251716,50.931044,1800
snack-gold-vilvoorde,4.4264047,50.9302208,1800
leelavadee-thai-restaurant,4.4574387,50.9262595,1800
snack-ots,4.375243,50.8709745,1030
snack-emes,4.4225308,50.9287575,1800
oresto,4.3517865,50.8574956,1000
brasserie-du-tennis-woluwe,4.4241163,50.8585451,1200
cest-bonbon-dockx,4.3729577,50.8788106,1000
cosy-pasta-docks,4.3737335,50.8801929,1000
palashop,4.3752147,50.866158,1030
pizza-viaaa,4.4482023,50.9184652,1830
snack-choco-pitta,4.3582998,50.8669031,1000
brooklyn-food,4.358452,50.8967821,1020
snack-bodrum-vilvoorde,4.4218529,50.9285905,1800
grille-darna,4.3722995,50.8701862,1030
tayba,4.3783777,50.8761536,1030
snack-altan,4.3589807,50.8672003,1000
wakame-sushi-bar,4.4223525,50.9286833,1800
dominos-pizza-laeken-1,4.3607889,50.900735,1020
dunkin-docks,4.3730967,50.8793322,1000
maki-maki-schaerbeek,4.3865286,50.8733825,1030
ctr-chicken-helmet-bruxelles,4.387156,50.873394,1030
youwok-docks,4.3730967,50.8793322,1000
slagerij-halal-digem,4.4345651,50.8946005,1831
burger-zone,4.4364457,50.8954006,1831
frituur-koningslo,4.372477,50.912605,1800
pam-pam-schaerbeek,4.3889981,50.8728995,1030
le-brusilia,4.3796413,50.8632039,1030
thai-gourmet-1,4.3345996,50.8565813,1080
time-to-eat-vilvoorde,4.4282839,50.9276946,1800
dominos-pizza-vilvoorde-1,4.4237182,50.9287048,1800
snack-istanbul-1030,4.3775992,50.866702,1030
pizzeria-di-mamma,4.4090252,50.8776577,1140
la-min-dor,4.3756667,50.8680799,1030
snack-taksim-bruxelles,4.3761611,50.8669161,1030
pizza-vera,4.427416,50.9297842,1800
snack-joker,4.3774531,50.8634042,1030
royal-pizza-bruxelles-centre,4.3580412,50.8659736,1000
bubble-waffle-delicias,4.3730967,50.8793322,1000
lottoman,4.4066588,50.8765373,1140
snack-des-freres,4.3839557,50.8714998,1030
brunch-corner-bruxelles,4.3768003,50.8638607,1030
frituur-4-you,4.4262444,50.9202922,1800
pizza-clara,4.4358446,50.9130364,1830
the-pizza-maker-molenbeek-saint-jean,4.3411116,50.8604794,1080
jbsushibarwok,4.3893661,50.8697929,1030
hawaiian-poke-bowl-docks,4.3729577,50.8788106,1000
mia-pizza-2,4.3994694,50.8684516,1140
sensei-sushi-bruxelles,4.348928,50.8513679,1000
nuba,4.3661949,50.8650959,1030
royal-pizza-1030,4.3721783,50.8703941,1030
mimosa-cafe-sandwicherie,4.3671509,50.8649534,1030
bbq-chikn,4.3664865,50.8643774,1030
tenshi-sushi-docks,4.3758685,50.8795835,1000
tekince-tantuni,4.3670302,50.8641523,1030
kamiisushi,4.4273094,50.9259306,1800
new-delice,4.4221315,50.929419,1800
qebaptore-drini,4.3777031,50.8664689,1030
cheesecake-new-yorkais,4.4280062,50.9024083,1830
hoshi-hoshi-express,4.4228182,50.9310515,1800
snack-bruxelles,4.374455,50.8686346,1030
akym-food,4.3792967,50.8769268,1030
gong-cha,4.3729577,50.8788106,1000
louis-keuken,4.3761553,50.8634351,1030
candy-king,4.3908954,50.87229,1030
snack-grill-pizza-asalam,4.4278192,50.9294474,1800
sandwicherie-bolo-1030,4.3820186,50.8699793,1030
prestige-restaurant,4.3753153,50.866173,1030
la-bagatelle-de-lou,4.4202845,50.9283554,1800
king-pizza-vilvoorde-3,4.4269543,50.929214,1800
fast-4-you,4.376435,50.862408,1030
dominos-pizza-hoogstraten,4.7584741,51.3963023,2320
steakhouse-mama,4.9296567,51.4430011,5111 CV
den-tweeling,4.7768703,51.5000625,2328
petzaria-vlam,4.9941559,51.3706301,2380
zuiders-eethuis,5.015324,51.4130693,2381
pizza-grens-antwerpen,4.9250641,51.4447886,5111 VM
sushipoint,4.4589952,51.5308746,4701 AM
isis-1,4.4618152,51.4281673,2910
frituur-mikeys-place,4.4745592,51.3787817,2920
aly-baba,4.4682463,51.4678223,2910
pittaverne,4.4725981,51.4644444,2910
adel-eethuis,4.4745592,51.3787817,2920
toscana-kalmthout,4.4744492,51.3947447,2920
venezia-2910,4.45796,51.46431,2910
chezveke,4.4260831,51.2580809,2030
amon-brasschaat-1,4.4892408,51.2950518,2930
aroy-brasschaat,4.4930549,51.2913672,2930
farao,4.4876643,51.2885629,2930
dominos-pizza-6,4.4903523,51.2897075,2930
lucy-chang-brasschaat,4.4835323,51.2850325,2930
sky-way-schoten,4.5018115,51.25269,2900
pizza-regina,3.3947546,50.6110987,7500
fuji-estaimpuis,3.2498325,50.7137927,7712
pizzeria-da-antonio-nieuwerkerken,5.1886368,50.8648608,3850
global-village,4.4633567,50.8703011,1932
so-sushi-kraainem,4.4568188,50.8649545,1950
naroj,4.7740197,50.8932578,3210
pizza-hut-delivery-kessel-lo,4.718981,50.8858479,3010
pizzeria-da-mario-jodoigne,0.0,0.0,
daily-burger-jodoigne,4.872139,50.725407,1370
twins-1,4.886823,50.7738295,3320
royal-donuts-bagels-maasmechelen,5.6981179,50.988366,3630
sushi-dushi-more,0.0,0.0,
quetacos,5.6888497,50.9887932,3630
dominos-pizza-maasmechelen,5.6962871,50.9638474,3630
wonder-waffel,5.6981058,50.9877542,3630
il-patatino,5.694399,50.9893336,3630
bij-hasan,5.729146,51.0347288,3650
eethuis-milas,5.6937437,50.9886636,3630
sultana-kebap,5.7259393,51.0025651,3650
tasty-hong-kong,5.701791,50.97906,3630
wok2go-maasmechelen,5.695727,50.988697,3630
pizza-hut-delivery-wevelgem,3.1783839,50.807617,8560
pizza-narula,3.0415693,50.7774199,8940
konak-pizzeria-doner-kebab,5.8374658,51.1763368,6014 DC
magic-kebap-kessenich,5.8106697,51.1522604,3640
trend-kebab-pizzeria,5.7923279,51.0940817,3680
dominos-pizza-maaseik,5.7869097,51.0958342,3680
my-way-oostende,2.883953,51.2131098,8400
frietstop-bij-willy,2.9144936,51.2117387,8400
hongerig-beertje-oostende,2.9564345,51.2192906,8400
de-avondstop,2.9777896,51.1993075,8400
solomio-oostende,2.9211258,51.2343666,8400
yam-yam-bredene,2.9619869,51.2472135,8450
himalayan-oostende,2.9058154,51.2113343,8400
palomino,2.9162868,51.2335599,8400
posh-kebab,2.9214644,51.2334662,8400
best-kebab-oostende,2.9159456,51.232577,8400
frituur-de-combi,2.9093346,51.2120239,8400
frituur-t-patatje-oostende,2.9356925,51.216785,8400
food-box,2.9064047,51.2234184,8400
crumulus,2.94576,51.222248,8400
burger-king-oostende,2.9028084,51.20362,8400
gusto-1,2.9600379,51.1480344,8470
istanbul-resto-snack-8620,2.7512009,51.1321422,8620
de-notenboom,2.7489884,51.1323964,8620
kai-sushi-and-seafood,2.7782068,51.1716979,8430
gustosita,2.6374224,51.1173803,8670
brasserie-leopold,2.6824671,51.1155454,8670
burgerlicious-oostmalle,4.7353309,51.3029797,2390
the-chopsticks,4.7596962,51.4007153,2320
anatolia-2320,4.75359,51.3960999,2320
burgerkot,4.772994,51.321526,2310
pizzeria-toscana,4.5902112,51.3892187,2990
sushi-king-hoog,4.760368,51.400101,2320
rozalin-eethuis,4.6441514,51.351267,2960
ramses-ii-wuustwezel,4.5962642,51.394011,2990
sushi-huis-wuustwezel-wuustwezel,4.5896637,51.388624,2990
ali-pizzahuis,4.5703876,51.3015694,2960
vice-versa,4.7676697,51.346092,2310
frituur-la-palma,4.676337,51.3487871,2960
pizzaria-vosselaar,4.8895358,51.3148154,2350
smokey-burger,4.8649408,51.3546274,2330
hapjes-time,4.9371254,51.3214973,2300
star-kebab-1,4.9367899,51.3216802,2300
sakhon-thai,4.04222,50.6947545,7850
tortue-pizza,4.0413437,50.6945523,7850
hong-kong-express-2,4.04222,50.6947545,7850
chifuri-braine-le-comte,4.1372394,50.6090971,7090
indian-royal,5.47449,50.78419,3700
kapadokya-doner,5.3068659,51.229379,3920
kebab-time-lommel-1,5.3141255,51.226,3920
fansa,5.3134026,51.2187238,3920
florya,5.3469081,51.2321067,3920
sushi-match,5.435603,51.227497,3910
njam-njam-lommel,5.3043835,51.2318175,3920
dominos-pizza-5,5.3080327,51.2303999,3920
ribs-and-more-valkenswaard,5.468431,51.339882,5555 XZ
pizza-apo,5.3080808,51.2303117,3920
lommelse-kebab-lommel,5.3141093,51.2261487,3920
kebaba,5.331347,51.232254,3920
hong-kong-restaurant-willebroek,4.3619309,51.0630969,2830
kwizin-mechelen,4.4704975,51.0256872,2800
adana-kebab-mechelen,4.4883672,51.0290669,2800
fast-2-go,4.4782928,51.0284808,2800
cafe-belge,4.4804821,51.0285819,2800
pizzeria-messina,4.4926872,50.9911804,1981
yamiii,4.4865099,51.0053614,1981
broodbroeders-sint-katelijnestraat,4.4759655,51.03091,2800
bakkerij-2800,4.4758245,51.0312817,2800
tashi-sushi-1,4.4875741,51.0238513,2800
otacos-mechelen,4.4790046,51.0278931,2800
lunchroom,4.4797877,51.0270157,2800
chinees-restaurant-greenfield-ii,4.4907198,51.0302823,2800
mara,4.4760105,51.0243954,2800
broodbroeders-stationsstraat,4.4856615,51.020706,2800
rosario-2800,4.4791103,51.0298597,2800
munis-mechelen,4.4822218,51.0194736,2800
sham-nuts,4.4818767,51.0235337,2800
pizza-pasta-nr1-mechelen,4.481003,51.0182355,2800
nihao,4.472215,51.0203695,2800
pizza-service-mechelen,4.4778211,51.0242904,2800
ellis-mechelen,4.4787765,51.0273914,2800
frituur-veemarkt-mechelen,4.4852799,51.0216835,2800
kingslize-pizza-mechelen,4.4909304,51.030336,2800
poule-poulette-mechelen,4.4782448,51.02684,2800
dominos-pizza-mechelen-1,4.4875275,51.0237477,2800
china-keuken,4.4823254,51.0203597,2800
basic-italian-mechelen,4.4808626,51.027048,2800
tangthai,4.4824791,51.0282093,2800
hawaiian-poke-bowl-mechelen,4.4790763,51.0268796,2800
mcdonalds-mechelen,4.4722542,51.033655,2800
friet-van-mechelen,4.4826537,51.0185445,2800
zahias-cuisine,4.47882,51.028288,2800
chez-eline,4.4842727,51.0267423,2800
kizuri,4.4842727,51.0267423,2800
pizza-roma-mechelen-mechelen-1,4.475636,51.03616,2800
cook-mazi,4.4791218,51.027973,2800
croque-n-roll-mechelen,4.478816,51.027293,2800
merad-restaurant,4.4771478,51.0262183,2800
pitawan,4.4775937,51.0243125,2800
otomat-mechelen,4.4769235,51.026478,2800
bavet-mechelen,4.4788319,51.0274301,2800
tarboosh,4.48257,51.0189554,2800
video-take,4.5091628,51.0338711,2800
pizza-hut-delivery-mechelen-1,4.4732163,51.0218412,2800
pizza-la-famiglia-1,4.461841,50.983724,1980
morocco-nuts-mechelen,4.4782861,51.0260216,2800
curry-masala,4.4735407,51.0382315,2800
frituur-pomfritz,4.4819975,51.0269719,2800
the-avocado-bar-mechelen,4.4842727,51.0267423,2800
arax-1,4.4823967,51.0266586,2800
balls-glory-mechelen,4.4772829,51.0263371,2800
beirut-palace-mechelen,4.4822556,51.0187638,2800
langen-asem,4.4777614,51.0298194,2800
sultan-mechelen-1,4.483109,51.018772,2800
egmont-snack,4.4820092,51.0224244,2800
impalas,4.4800195,51.0269251,2800
ali-baba-mechelen,4.4824376,51.0185386,2800
dream-sushi-en-wok-mechelen-2,4.4747877,51.0225516,2800
pizzeria-margherita,4.4842727,51.0267423,2800
broodjeszaak-8283,4.4773727,51.0246043,2800
le-pain-quotidien-1,4.4787325,51.0265884,2800
belchicken-mechelen,4.4817091,51.0267575,2800
snack-antalya-veemarkt,4.4845363,51.0286715,2800
wasbar-mechelen,4.4792843,51.0270248,2800
friethuis-1958,4.4908398,51.0302832,2800
saitama-sushi-wok-thai-rijmenam,4.5852709,51.001087,2820
taste-king-pizza-mechelen,4.4749649,51.0232475,2800
king-pizza-hombeek,4.4440864,51.0141055,2811
china-city-wok,4.4741904,51.0032819,2800
akira-sushi,4.4841383,51.0287633,2800
oriental-asian-food,4.481688,51.02694,2800
o-deli-med,4.4803355,51.0262984,2800
pizza-kebab-istanbul-malines,4.4809136,51.037617,2800
tungsing-house,4.4750781,51.0366001,2800
chick-n-dip-mechelen,4.4820913,51.0302458,2800
al-baraka,4.476926,51.037434,2800
ross-specialty-coffee,4.4842727,51.0267423,2800
bar-lux,4.4837265,51.013256,2800
frituur-karin,4.4555063,50.96179,1980
kome-bowls,4.4767236,51.0249149,2800
cafe-gourmand,4.4881597,51.0291451,2800
hitea,4.480809,51.027252,2800
pelivanoghlu,4.4803971,51.0286668,2800
yokoso-mechelen,4.4792444,51.0268527,2800
tokotien-mechelen,4.4799356,51.026405,2800
kalinka-malines,4.4818243,51.0274278,2800
brasserie-de-pijl,4.483053,51.018734,2800
beiruti-xpress,4.4809568,51.0274712,2800
matador,4.4793935,51.027245,2800
yammiefood-londerzeel,4.3094979,51.0011042,1840
snack-pitta-t-hoeksken-1840,4.3020346,51.002115,1840
pizza-heat-steenhuffel,4.2534972,50.9815551,1840
druppelteen,4.36027,51.0136278,1880
pizza-delicia-londerzeel,4.3023356,51.0014269,1840
pizza-place-londerzeel,4.2950347,51.0246539,1840
gullelepel,4.3115043,50.9496493,1861
wakame-sushibar,4.315014,50.948566,1861
king-pizza-willebroek,4.359947,51.059816,2830
chicken-kings,4.4756623,51.036275,2800
burger-house,4.361404,51.061226,2830
lara-eethuis-lebbeke,4.1255906,51.003218,9280
sugarpies,4.1840519,50.9936779,9255
t-frietmoment,4.1353923,51.0985449,9220
tapasbox-by-adai,4.217833,51.02863,9255
mcdonalds-leuven-1,4.7002469,50.8788648,3000
dominos-pizza-kiel,4.3778383,51.1893533,2020
pizza-lesta,4.3553309,51.1792768,2660
pizza-hut-delivery-deurne-noord-1,4.4561627,51.2320885,2100
pinocchio-2170,4.4479395,51.2508647,2170
chibiboba,4.459374,51.24937,2170
pita-sfinx-burcht,4.3440983,51.2019604,2070
yarsagumba,4.339483,51.219518,2070
pitza-service-3,4.2170354,51.1276636,9140
pizza-bulls,4.2404586,51.0996057,2880
istanbul-hamme-1,4.1426429,51.0956102,9220
pizza-star,4.1964177,51.1211835,9140
t-frietwinkelken,4.1516345,51.0912117,9220
t-broodhuisje,4.1516345,51.0912117,9220
milanobornem,4.2343152,51.0994106,2880
pita-pizza-friet-more,4.2334725,51.0980075,2880
pizza-la-vince,4.2342988,51.0992448,2880
pizza-palace-kruibeke,4.2987186,51.145525,9150
pizzeria-jaffo,4.2155039,51.1276703,9140
pizza-rupel,4.289977,51.127556,9150
frituur-cindy,4.2169275,51.126846,9140
frituur-tbareeltje,4.453234,51.2476003,2170
detroit-square-pizza,4.4492013,51.2463166,2170
pizza-marmaris,4.4435028,51.2469449,2170
happy-cooking,4.4352871,51.2420835,2170
dominos-pizza-merksem-3,4.4482932,51.2456815,2170
lunch-halte,4.4433173,51.2437152,2170
nok-thai,4.4723965,51.2292003,2100
bodega-gust,4.4756758,51.2191945,2100
frituur-tosca,4.4556895,51.2310311,2100
pizza-point-antwerpen,4.3823975,51.2197869,2050
pizzeria-eilandje,4.4091294,51.2306551,2000
danvers-events,4.442432,51.258126,2170
toscane,4.0418883,51.2064948,9190
frituur-t-krokantje,4.1235838,51.2209083,9170
sushi-royal-stekene,4.0431196,51.2079569,9190
pizza-corner-9170-1,4.0899404,51.2561525,9170
hit-kebab,4.0884489,51.2543011,9170
frituur-het-hoekske,4.1199391,51.174883,9100
la-bella-italia-sint-niklaas,4.139783,51.1636,9100
pitza-service-sint-niklaas,4.153305,51.1711537,9100
coffee-co,4.1431819,51.1649322,9100
komagene-sintniklaas,4.1394033,51.162003,9100
foubert-ice-cream-pancakes,4.143005,51.1697478,9100
pita-t-krokantje,0.0,0.0,
dominos-pizza-sint-niklaas,4.1428199,51.1704032,9100
t-centerken,4.1428764,51.1698751,9100
pizza-time,4.096637,51.19369,9170
indian-kitchen-shop,4.2733893,51.0863755,2880
pizza-lacasa,4.2160941,51.127893,9140
ms-pasta,4.1429433,51.1704426,9100
pita-planet-sint-niklaas,4.1394059,51.1639517,9100
tradita,4.1507192,51.1605694,9100
mai-pizza,4.2329777,51.0967684,2880
pizza-pamukkale-temse,4.2120871,51.1272762,9140
oishi-sint-niklaas,4.146251,51.1718642,9100
istiklal-breakfast-lunch-sint-niklaas-1,4.1367294,51.1620798,9100
la-casa-snack,4.1415672,51.1647761,9100
meat-district,4.141768,51.166225,9100
fresh-pita,4.1413516,51.1620708,9100
t-gouden-frietje-sint-niklaas,4.1323647,51.161182,9100
pizza-hut-delivery-sint-niklaas-1,4.132489,51.15037,9100
pita-sofra,4.1440005,51.17049,9100
kingribs-sint-niklaas-2,4.140068,51.168594,9100
brasserie-de-waaslander,4.1403406,51.1633837,9100
u-tacos,4.1392218,51.1636273,9100
amarelys,4.438554,51.177748,2640
pizza-pasta-time,4.4601268,51.2333152,2100
frituur-kwebbel-mortsel-2640,4.444764,51.166782,2640
salt-snackbar,4.4404223,51.2385223,2170
pizza-hut-delivery-berchem-1,4.4328855,51.1799803,2600
palazzo,4.4431579,51.2312881,2100
2taste-antwerpen,4.444752,51.21409,2140
pizza-pasta-locale,4.4369035,51.2233233,2060
australian-antwerpen-melkmarkt,4.4027445,51.2196426,2000
sushi-eiland-antwerpen,4.4127408,51.2335277,2000
banh-mi,4.4023894,51.2213148,2000
chokdee-thai,4.4004133,51.2190396,2000
la-monte-carlo,4.4063067,51.2308451,2000
senor-taco-1,4.4145863,51.2198742,2000
australian-antwerpen-keyserlei,4.4193856,51.2176369,2018
eldina-snack,4.4391414,51.2409064,2170
chipz-frituur-1,4.4157496,51.2199836,2000
thai-spice-chili-antwerpen,4.4145228,51.2281544,2060
verona-antwerpen-1,4.3997509,51.2200469,2000
takumi-antwerpen,4.400939,51.2211152,2000
salt-n-pepper-snack-burgerhouse,4.4385031,51.2198804,2140
painini,4.4368113,51.2253761,2060
donuttello-central-station,4.4214944,51.2162181,2018
tota-empanadas-2,4.3985119,51.2201231,2000
istanbul-eethuis-antwerpen,4.4193643,51.2190487,2018
pearl-of-hongkong,4.4410278,51.1987339,2600
royal-thai-antwerp,4.4003296,51.219566,2000
pastatione,4.4214944,51.2162181,2018
carthago-grill,4.4046106,51.226784,2000
ctr-chicken-antwerpen,4.3986484,51.2147681,2000
mazador-1,4.424192,51.21871,2060
umi-sushi,4.4009681,51.2194256,2000
starbucks-groenplaats,4.4012961,51.219482,2000
munji-sandwich-fruit-bar,4.4001729,51.2189508,2000
shirin,4.4249559,51.2203005,2060
starbucks-antwerpen-centrum,4.4214944,51.2162181,2018
happy-fries,4.419735,51.2213083,2060
ealaa-kayfik,4.4199321,51.2181348,2018
bolifrit-1,4.3893121,51.2036366,2018
poule-poulette-godefridus,4.4056334,51.2278839,2000
subtime,4.4149687,51.2185987,2000
hawaiian-poke-bowl-antwerp-tower,4.4159359,51.2179404,2018
la-rose,4.4181578,51.2180206,2018
malicava,4.40043,51.2220039,2000
the-vend,4.392708,51.207916,2000
thuy-hanoi,4.400244,51.2196365,2000
little-ethiopia-antwerpen-1,4.4001888,51.2230564,2000
restaurant-diamantclub,4.4188809,51.214865,2018
el-barak,4.4356682,51.2222301,2060
pizza-apetito,4.4187414,51.2247691,2060
holy-cookies,4.4082361,51.2248736,2000
minori,4.4009848,51.2168007,2000
palestijns-restaurant,4.4298534,51.2236995,2060
wok-walk-1,4.4208023,51.2181019,2018
wok-van-antwerpen,4.427206,51.2179872,2060
frituur-skyline,4.4170255,51.2257392,2060
basic-italian-antwerpen,4.4124961,51.2312021,2000
ceders-van-libanon,4.4002384,51.2184832,2000
scoober-hub,4.4054025,51.2202893,2000
kumpir-eethuis-1,4.3988749,51.2204532,2000
quick-keyserlei,4.416869,51.217556,2018
frites-atelier,4.4043366,51.2166969,2000
snack-omar,4.4167098,51.2253019,2060
tota,4.3985119,51.2201231,2000
zomsa-tibetan-street-food,4.4204719,51.2212796,2060
cadix-food,4.4128881,51.2316215,2000
antwerp-kebab,4.4134255,51.2219602,2000
via-via,4.4044475,51.2214733,2000
frituur-roma,4.4398866,51.2140068,2140
lasagne-shop,4.4120108,51.2202744,2000
t-braboke,4.3998222,51.2208519,2000
poule-poulette-antwerpen-centrum,4.3967724,51.2187537,2000
satay,4.4042719,51.2212386,2000
nimmanhaemin,4.4076384,51.2239898,2000
ichi,4.4162935,51.2232183,2000
bavet-nationale,4.3982456,51.214519,2000
greenway-antwerpen,4.4011067,51.219278,2000
five-guys-1,4.4170226,51.2179269,2018
frituur-kattekwaad,4.3981188,51.2079766,2000
yukinii-antwerpen,4.4185121,51.2183625,2018
mixor-kebab,4.4203085,51.2192348,2060
libanezza,4.3988435,51.2202455,2000
frituur-t-stad,4.402659,51.2210431,2000
royal-tokyo-sushi-bar,4.4180683,51.2182327,2018
compagnie-belge-artisan-gelato,4.3997786,51.2208493,2000
bavet-mas,4.4054943,51.2276187,2000
tarbouch-antwerp,4.4170991,51.2166212,2018
restaurant-athene,4.4013753,51.2250087,2000
sultan-kebap-1,4.4050159,51.218858,2000
falcon-4,4.4049809,51.2264972,2000
only-kebab,4.4026248,51.22128,2000
pepino-pizzeria,4.4011356,51.2198771,2000
mister-spaghetti-antwerpen,4.3982449,51.2217903,2000
18-sushi,4.4144203,51.2195894,2000
burger-king-meir,4.4055072,51.2186918,2000
sushi-today-1,4.4151612,51.2211139,2000
mai-thai,4.3985251,51.2207164,2000
arre-patat,4.3968308,51.218734,2000
dunkin-meir-antwerpen,4.4133606,51.2184232,2000
livakebab,4.3901947,51.2026936,2018
al-wali,4.4170841,51.2166348,2018
damas-veneto,4.4266288,51.2207499,2060
holy-guacamoly-burrito-shop-1,4.4046743,51.2180395,2000
pizza-hut-delivery-antwerpen-3,4.4097622,51.2103988,2018
ploy-pochana,4.4207413,51.2209734,2060
garden-of-india-antwerpen-1,4.4003167,51.2191128,2000
la-boqueria,4.3953276,51.2176973,2000
ons-suzanne,4.4105387,51.2313003,2000
kababu-new,4.4049746,51.2265962,2000
fangs-hapje,4.4206178,51.2196318,2060
aahaar-restaurant,4.4174,51.2155302,2018
total-antwerpen-bonaparte,4.4024625,51.2298631,2000
belchicken-meir-antwerpen,4.4057275,51.2181094,2000
chickencenter,4.4189822,51.2194223,2060
mcdonalds-antwerpen-tenierplaats,4.4145286,51.2179292,2000
pizarro-pizza-slice-shop,4.4029371,51.2201576,2000
sids,4.424032,51.23237,2060
kfc-antwerpen,4.4004088,51.2200735,2000
chipz-frituur,4.4099654,51.2209418,2000
taj,4.4258199,51.2220804,2060
happy-burger,4.4387233,51.2141814,2140
smaeck-croquettenbar,4.4023239,51.2228465,2000
wasbar-melkmarkt,4.4027855,51.2204528,2000
snack-black-star,4.4211306,51.2222354,2060
pita-alexandria,4.3974944,51.2207673,2000
mcdonalds-keyserlei,4.4189804,51.2171982,2018
quick-astridplein,4.4204664,51.2184528,2018
le-pain-quotidien-kievit,4.422568,51.2134922,2018
casa-mia-antwerpen,4.4007138,51.2115536,2000
wasbar-keyserlei,4.4191334,51.2176201,2018
broodlunch,4.4319467,51.2237594,2060
cappadocia,4.419398,51.2180687,2018
il-artigiano,4.4042045,51.2299966,2000
de-petaat,4.4101504,51.2141448,2000
roti-antwerp,4.4103029,51.2301212,2000
wasbar-zuid,4.3942913,51.2120861,2000
leonardo-da-vinci-1,4.4191049,51.217867,2018
takumi-ramen-centraal-station,4.4179357,51.2179118,2018
henrys-bagel-juice,4.4176043,51.2165778,2018
kwat,4.3978613,51.2192214,2000
bashas-palace,4.4218238,51.2274097,2060
aloha-bowls,4.4142282,51.2192622,2000
malaciorta,4.4180981,51.2179585,2018
kuala-lumpur,4.4184776,51.2182531,2018
antwerp-pizza-pasta-kebab,4.4027308,51.2198579,2000
balls-glory-antwerpen-1,4.4097627,51.2151302,2000
eeetwell,4.4050625,51.2184483,2000
hard-rock-cafe-antwerp,4.402298,51.218676,2000
keste-pizzeria-bistro,4.4024813,51.2231032,2000
pizza-fast,4.4013904,51.211288,2000
frituur-t-viaductje,4.4237387,51.2331919,2060
pick-mex,4.3987923,51.2193728,2000
taj-mahal-antwerpen,4.4188094,51.2183269,2018
greek-souvlaki-by-persefon,4.4020956,51.2196095,2000
maandeeq-restaurant,4.426126,51.2220586,2060
otagine,4.3970272,51.2208141,2000
melkmarkt-wok,4.4027335,51.2197131,2000
zola,4.4100257,51.2141138,2000
het-goudhaantje,4.3840528,51.1876906,2020
krua-thai-antwerpen,4.399684,51.2196961,2000
sileau-1,4.4100712,51.2299938,2000
waffle-and-juice,4.4051274,51.2246525,2000
pizzeria-san-remo-antwerpen,4.418769,51.2176726,2018
janya-thai-wok,4.4007141,51.2217566,2000
dunkin-antwerpen-1,4.4195499,51.217564,2000
ellis-antwerpen-zuid,4.3938942,51.2098993,2000
il-pazzo,4.4112117,51.2334935,2000
mcdonalds-antwerpen-groenplaats,4.4011443,51.2198722,2000
my-tea,4.4023093,51.2216904,2000
amvrosia,4.3979361,51.2191269,2000
la-torre-antwerpen-1,4.3999777,51.2202817,2000
sunu-restaurant,4.4217379,51.2232337,2060
kalura,4.4098659,51.2210847,2000
frituur-statie-antwerpen,4.4287476,51.1992501,2600
la-lanterna-antwerpen,4.407574,51.2126259,2000
otacos-antwerpen,4.4050164,51.2191113,2000
wasbar-graanmarkt,4.4089557,51.2161047,2000
orymaz,4.4058613,51.2278923,2000
njoy,4.4455738,51.2158679,2140
diamond-sushi-wok-grill,4.4176043,51.2165778,2018
foodmaker-2,4.4069997,51.2183276,2000
parillada-argentina-antwerpen,4.4181164,51.2181523,2018
sushi-palace-2000,4.3992734,51.2156772,2000
sangeetha-vegetarian-restaurant,4.3987818,51.2204122,2000
bakkerij-deurne,4.4543326,51.2245882,2100
t-perfecte-huis,4.4419063,51.2002004,2600
little-beirut,4.4099957,51.2303809,2000
toshi-sushi-1,4.4080764,51.2306464,2000
abilux-burger-house,4.4190218,51.217974,2018
frituur-t-sateke,4.401589,51.2116073,2000
msemen,4.3982582,51.2198709,2000
pitaya-melkmarkt-antwerpen,4.4025437,51.2202879,2000
persepolis,4.4043219,51.2211807,2000
loa,4.3970079,51.2184084,2000
ellis-eilandje,4.404542,51.2278795,2000
8tea5-antwerpen,4.4081865,51.219021,2000
de-arme-duivel,4.4090226,51.2162935,2000
il-gusto-pizzeria,4.4026728,51.2203373,2000
ellis,4.4180979,51.2178388,2018
de-smulpaep,4.4072166,51.2249866,2000
test-kyc-verification-law,4.4024643,51.2194475,2000
iman-halal-tandoori,4.4254952,51.2230256,2060
bia-mara-antwerpen,4.4002807,51.2209332,2000
otomat-antwerpen-mas,4.4055286,51.2274536,2000
aroythai,4.4098175,51.2313973,2000
wagamama-antwerpen,4.4162049,51.2181134,2018
pizzacompany-antwerpen,4.4079446,51.210841,2018
orso-pizzeria,4.4236807,51.2356185,2060
rio-cafe,4.4137563,51.2245999,2000
sushimandu,4.41478,51.2186497,2000
cositas,4.41091,51.22498,2000
bockwurst-guy,4.4208521,51.2150464,2018
argo-restaurant,4.397466,51.2188315,2000
koz-kebap,4.425389,51.226234,2060
gevara,4.419343,51.219154,2018
maabista-sushi,4.398256,51.219585,2000
il-goloso,4.40959,51.21401,2000
londen-bakkerij,4.4124935,51.2311461,2000
le-beldi,4.4051366,51.2196653,2000
isola-di-luna,4.410882,51.2304169,2000
garden-of-flavours,4.4024944,51.2217436,2000
dominos-pizza-berchem-4,4.4342579,51.2018466,2600
art-of-sushi,4.4009088,51.2244835,2000
foubert-ice-cream-pancakes-1,4.4042643,51.2278685,2000
flavours-of-india-antwerpen,4.3978602,51.2212273,2000
dominos-pizza-antwerpen-centrum-1,4.4155786,51.2196034,2000
crunchy,4.4037446,51.2164815,2000
philly-sandwich-bar-antwerpen,4.4007535,51.2219635,2000
kabul-restaurant-antwerpen,4.422487,51.224567,2060
vetanami-rice-roll,4.4196342,51.2202631,2060
eethuis-royale-borgerhout,4.4283533,51.21175,2140
beyzade-antwerpen-1,4.4167564,51.2245014,2060
ijstea,4.4004526,51.22177,2000
palmira-restaurant,4.4183326,51.2182671,2018
china-star,4.420506,51.22011,2060
kioku-sushi-restaurant-antwerp,4.4094734,51.213818,2000
snack-gaza,4.4288034,51.221252,2060
bar-gazet,4.41034,51.214134,2000
kaiseki-sushi-antwerpen,4.41718,51.218002,2018
linader-deurne,4.4565426,51.2274938,2100
tasty-thai-express-antwerp,4.4153314,51.219658,2000
super-smesh,4.4194174,51.217846,2018
yim-thai-antwerpen-1,4.402995,51.223385,2000
ruba-1,4.4012473,51.2165404,2000
amorino,4.399507,51.2205467,2000
pura-vida-vegan-tacos-more,4.4092126,51.214146,2000
boker-tov-eiland,4.4092493,51.227657,2000
de-3-snellen,4.423379,51.233707,2060
na-im,4.39879,51.220657,2000
aashirwad,4.4196523,51.2205827,2060
what-the-kebab,4.4150385,51.219982,2000
sushi-omega,4.405202,51.2217701,2000
poke-for-you,4.4066005,51.1722848,2610
frituur-den-hoek-af,4.3917964,51.2036644,2018
hot-pot,4.4148922,51.207046,2018
sushi-antwerpen-take-away,4.3964821,51.2058698,2018
oz-ahi-doner-antwerpen,4.3778795,51.1899559,2020
pam-pam-antwerpen-6,4.3923969,51.2020865,2018
pizza-pasta-nr1-city-antwerpen,4.3928489,51.2068362,2000
hong-kong-city-antwerpen,4.4169738,51.2062464,2018
chipz-frituur-3,4.3893039,51.2104129,2000
shad-desi-indian-food,4.4095652,51.2133038,2000
quick-berchem,4.4304653,51.185837,2600
roll-bowl-antwerpen,4.4124687,51.2218802,2000
t-gouden-frietje,4.3885172,51.184198,2020
bananaleaf,4.3973919,51.2115001,2000
primavera-hoboken,4.3503288,51.1763665,2660
daddy-dim-sum,4.4063686,51.1946999,2018
oses-cikofte,4.3943323,51.2040965,2018
frituur-vogelmarkt-antwerpen,4.4088779,51.2129675,2000
rifaga,4.3749696,51.1865467,2660
lucy-chang-antwerpen,4.396962,51.2104859,2000
ocean-sushi-antwerpen,4.3942704,51.2117351,2000
bodrum-palace,4.4169147,51.224524,2060
blessed,4.392407,51.21269,2000
sushi-centraal,4.403554,51.2145743,2000
afc-antwerp-fried-chicken,4.3829304,51.1883557,2020
asian-time-2020,0.0,0.0,
tessico,4.4037714,51.20732,2018
pitaverne-wilrijk,4.3877893,51.1717341,2610
restaurant-medina-1,4.3865355,51.1867237,2020
pita-huis-blauwwater-antwerpen-1,4.4135132,51.2075136,2018
frituur-special,4.3750415,51.1814436,2610
mevlana-pide-antwerpen,4.3926235,51.2023511,2018
triangolo-edegem,4.4325287,51.1709961,2650
king-potato-1,4.3864343,51.1341236,2630
breughelhof-cafe-bistro-antwerpen,4.3669013,51.1764672,2660
magnum-and-benjerrys-store-antwerpen,4.3968105,51.210823,2000
esaki-sushi,4.3992342,51.2193774,2000
resto-borsa,4.4331958,51.18893,2600
ladany,4.4150948,51.2069524,2018
hawaiian-poke-bowls-1,4.3988545,51.2150866,2000
naz-kebab,4.3995765,51.2162787,2000
muradim,4.3887578,51.2076892,2000
troy-mezze,4.3918583,51.2043698,2018
i-famosi-pizzeria,4.3974607,51.2150251,2000
golden-dragon,4.4100058,51.20649,2018
simones-kitchen-antwerpen-1,4.4153167,51.2078859,2018
the-creperoom,4.3468921,51.1748564,2660
pizza-hut-delivery-wilrijk-1,4.3846145,51.1631363,2610
hoffys,4.420093,51.212798,2018
yamato-antwerpen,4.3948956,51.2093704,2000
minato,4.3892254,51.2085186,2000
maldinis-pizza-2660,4.3729308,51.18286,2660
kyoto-sushibar,4.400554,51.195008,2018
ling-nan,4.3828624,51.1832487,2020
azoma,4.3938315,51.2099081,2000
china-town-2640,4.444475,51.1726524,2640
thai-simpel-keuken,4.3958141,51.2045403,2018
de-zwaan-hoboken,4.3708438,51.1818664,2660
rebel-kitchens,4.3944146,51.2104331,2000
le-pain-quotidien-dewael,4.3937266,51.2095235,2000
evitas-eethuis,4.3938857,51.2120057,2000
broodjes-lena,4.404395,51.2082972,2018
dilbi,4.4021376,51.210143,2000
amigos,4.3811551,51.1824081,2610
frit-uurtje,4.3626076,51.1725515,2660
curryosity,4.4109599,51.2314046,2000
sushi-wilrijk,4.3873219,51.1699676,2610
da-riccardo,4.3893766,51.2035657,2018
pita-express,4.3833547,51.1829645,2020
tandoori-pasta,4.3897088,51.2081118,2000
breadpoint,4.3977812,51.2069896,2000
sushi-kinzi,4.4096192,51.2073724,2018
pitza-service-4,4.3872395,51.1884962,2020
dominos-pizza-wilrijk,4.3948893,51.1706421,2610
rimas,4.3590975,51.178448,2660
osaka-sushi-antwerpen-1,4.3963516,51.2060145,2018
patates-antwerpen,4.3897088,51.2081118,2000
frituur-lescluze,4.4115686,51.1955993,2600
otomat-leopoldplaats,4.4070717,51.2127935,2000
bio-space,4.3790695,51.1898796,2020
karasu-antwerpen,4.4063793,51.2014351,2018
pokebar,4.3978689,51.2067611,2018
okoz-antwerpen,4.3983794,51.2148712,2000
amon-hoboken,4.3842068,51.1829676,2020
pasta-design,4.387204,51.186413,2020
total-antwerpen-zuid,4.3875875,51.2052051,2000
pita-vogelmarkt,4.4094513,51.213503,2000
madagascar-poke,4.377044,51.17665,2610
mister-wok,4.3994353,51.2162186,2000
nuoc-mam,4.3946499,51.2101809,2000
pizza-boxx,4.3961402,51.204868,2018
casper-marnix,4.3968105,51.2108225,2000
frituur-permeke,4.3899875,51.1799608,2610
love-leigh-jays,4.395688,51.204693,2018
kloonies,4.3942203,51.2126406,2000
poke-brawl,4.4120661,51.2248456,2000
nani,4.397461,51.2117112,2000
take-a-thai,4.4011392,51.2117644,2000
sushi-factory-hoboken,4.3594327,51.178388,2660
okka,4.374025,51.1845916,2660
frituur-de-kern,4.3949403,51.1708984,2610
t-stad-kebab,4.4076701,51.2124675,2000
mattina-antwerpen-antwerpen,4.405185,51.2132969,2000
frituur-de-witte-antwerpen,4.4155576,51.2062797,2018
gelato-giuliano,4.3968388,51.2101169,2000
frituur-marnix,4.3972408,51.2107058,2000
golden-side,4.398326,51.206638,2018
snackbar-109,4.394389,51.2039491,2018
pam-pam-antwerpen-5,4.382444,51.1884309,2020
the-golden-olive,4.3885145,51.207757,2000
vers-zuid,4.394219,51.2125683,2000
pizza-phone-antwerpen-zuid,4.391476,51.2004798,2018
wins-asian-fusion,4.390427,51.2068128,2000
brasserie-shammys,4.3779457,51.1793005,2610
taste-king-pizza,4.3981689,51.2141072,2000
chez-marie-antwepen,4.4069786,51.2100489,2000
almina,4.3587163,51.1785685,2660
boker-tov,4.409469,51.19538,2018
pizzeria-lina,4.3874416,51.1861375,2020
mio-pasta,4.3985194,51.2151321,2000
liris-burgers,4.3895597,51.20812,2000
continu-food-drinks,4.4086833,51.20894,2018
omonni-antwerpen,4.3938665,51.213924,2000
wok-box,4.3467025,51.1748858,2660
julius-caesar-hoboken,4.3759265,51.185833,2660
meski,4.3938998,51.2126639,2000
wok-49-hoboken-2660,4.3735404,51.18393,2660
boker-tov-zuid,4.3944799,51.2100621,2000
cigkofte-and-rolls,4.3987155,51.2010301,2018
pokelicious,4.390082,51.2027586,2018
kokorecci-antwerpen,4.3928709,51.2021287,2018
wabi-sushi,4.4255376,51.197945,2600
pizza-pasta-kiel,4.3762774,51.18765,2020
frituur-olympiade,4.3838227,51.1833154,2020
barouche-antwerpen,4.3956423,51.21006,2000
frituur-nationale,4.3978624,51.213764,2000
tasty-burger-zuid-antwerpen,4.3978461,51.213709,2000
slice-and-more,4.377964,51.17936,2610
namaste-sint-niklaas,4.1396417,51.1637576,9100
de-fontein,4.1945366,51.2191013,9120
mister-wok-more,4.142253,51.162971,9100
yoi-sushi,4.1415285,51.1652014,9100
kingribs-beveren-waas,4.2539629,51.2141233,9120
yarsagumba-beveren,4.255401,51.21236,9120
el-patron-sint-niklaas-1,0.0,0.0,
waasland-sushi,4.1220312,51.2225574,9170
pizza-phone-linkeroever,4.3854696,51.2208129,2050
pizzaslice,4.3788641,51.2207637,2050
acropolis-patmos,4.1505294,51.1604798,9100
brasserie-de-witte-molen,4.1567301,51.1620805,9100
bejacks,4.1425326,51.1650379,9100
renard,4.1228418,51.2223099,9170
pizza-company-9120,4.257836,51.21308,9120
sushi-land,4.1827088,51.1764323,9100
wok-1,4.1944364,51.177741,9100
cairo-one,4.2533856,51.2146721,9120
antica-italia,4.1366746,51.1657485,9100
de-friterie,4.1294353,51.2181218,9170
melita-beveren,4.2572492,51.2142722,9120
t-friet-uurke-nieuwkerken-waas,4.1781917,51.1925063,9100
miss-pizza,4.2514887,51.2162709,9120
pizza-hot-kruibeke,4.294662,51.1375502,9150
the-daily-beveren,4.2564012,51.212832,9120
king-pizza-more-sint-niklaas,4.1439857,51.1595353,9100
frituur-1830,4.2374732,51.2093268,9120
sushi-sake,4.2384847,51.2043511,9120
ciz-bizz-grill,4.1340781,51.1666241,9100
pizza-paleis-haasdonk,4.2334942,51.1798851,9120
pitta-pizza-antalya-beveren,4.251832,51.2114476,9120
pizza-hut-delivery-beveren,4.2509849,51.2110689,9120
pitza-service-1,4.252266,51.2112126,9120
eethuis-familia,4.2795415,51.219894,9120
orgidee,4.142053,51.167362,9100
temakisushi,4.2141933,51.12511,9140
la-familia-saint-nicolas-1,4.1900363,51.1759722,9100
amaris,4.3292193,51.215942,2070
pizza-toni-antwerpen,4.3849067,51.2311635,2050
shiso,4.1398748,51.1635573,9100
china-service,4.1577531,51.1700638,9100
brunch-house,4.1345618,51.1668546,9100
switch-star,3.5756489,51.1897516,9900
pita-zait,3.6077882,51.1516652,9950
neko-sushi,3.5665694,51.1838421,9900
pizza-hut-delivery-oudenaarde,3.6032133,50.8440202,9700
brgrs,3.4237077,50.8905146,8790
casa-pupella,3.1696988,50.7720786,8930
citron-vert-mouscron,3.2134427,50.7433888,7700
paille-en-queue-7700,3.2069266,50.743998,7700
frituurtbuikske,3.1145335,50.7990918,8930
so-drive-burger-menen,3.1280116,50.7864655,8930
safari,3.1296377,50.7873945,8930
dominos-pizza-mouscron-1,3.2066661,50.7441493,7700
festin-royal,3.2139274,50.7476233,7700
dominos-pizza-menen,3.1236254,50.7923644,8930
la-palmeraie-menen,3.1269461,50.7874891,8930
bab-kebab,3.1839992,50.7500442,7700
maki-maki-mouscron,3.206307,50.7435656,7700
les-tables-de-breughel,3.2081286,50.7501601,7700
allo-pizza-wervick-sud,3.0456823,50.7712832,59117
fleur-de-riz,3.0041163,50.766224,7780
gooo-pizza-mouscron-1,3.2118662,50.7486131,7700
snack-melita,3.1212188,50.7962682,8930
oishi-sushi-kortrijk,3.2648468,50.82907,8500
tacos-mouscron,3.1938942,50.7263899,7700
golden-bowl,3.1577384,50.802999,8560
dominos-pizza-kortrijk-meensesteenweg,3.2537906,50.8316554,8500
leos-bakkerij-kebab,5.2601209,51.117792,3970
amon-leopoldsburg,5.2592204,51.1162628,3970
dominos-pizza-heusden-zolder,5.2981555,51.0386723,3550
mira,0.0,0.0,
sigana,5.3002396,51.0391626,3550
cikoftem-heusden-zolder,5.3000212,51.0393728,3550
turkoase,5.0487732,50.9863669,3290
dominos-pizza-diest,5.0556862,50.9792264,3290
china-place,5.0568303,50.9789033,3290
indian-tadka-istanbul-kebab,5.0502084,50.9896628,3290
new-city,5.4712118,51.0211834,3530
cappadocie,5.5022231,50.9658811,3600
ali-baba-doner-kebab,5.4919544,50.9802545,3600
dominos-pizza-genk-2,5.4984426,50.965965,3600
le-kasseria,0.0,0.0,
jerusalemgenk,5.5000842,50.9664556,3600
mashar-pide-1,5.489949,50.977367,3600
lifeis-sushi,5.4902263,50.9778206,3600
istanbul-snacks-1,5.4706466,50.9755102,3600
sushi-more,5.4978276,50.9641925,3600
esaki-sushi-genk,5.5007936,50.9648782,3600
chitir-chicken-genk,5.504603,50.9648739,3600
city-food-lounge,5.4923153,50.9811288,3600
wereldkeuken-genk,5.4971783,51.0058087,3600
mr-taco,5.4983049,51.0061033,3600
ali-baba-genk,5.5186807,50.9935263,3600
gurman-bbq,5.5067773,51.000404,3600
kokorec-grillhouse,5.297598,51.0389034,3550
pizza-master-shop,5.492866,50.98096,3600
starbucks-hasselt,5.3274216,50.9309189,3500
pep-pino,5.290335,51.0154944,3550
zelem-pizzeria,5.1217436,50.9780074,3545
pizza-service-diest,5.0506893,50.9828273,3290
york-pizza-hasselt,5.3028907,50.9394938,3511
number-one-snack,5.2611201,50.9453622,3510
kiyo,5.3259645,50.9263828,3500
kebap-pizza-de-brug,0.0,0.0,
tat,5.3399257,50.9263663,3500
svn-kebap,5.3422072,50.9323878,3500
traiteur-simyur,5.256125,50.9463946,3510
el-bocado-1,5.3341111,50.9304099,3500
frituur-mona,5.3503604,50.9298903,3500
eethuis-hoekske,5.3251184,50.925994,3500
mr-spareribs,5.343357,50.930466,3500
de-burgemeester,5.3365355,50.9306863,3500
eethuis-star-1,5.344999,50.9477982,3500
aki-sushi-hasselt-1,5.3388719,50.9303754,3500
eethuis-orient,5.3007665,50.9415088,3511
the-burgery-hasselt-1,5.3407288,50.931667,3500
pain-dor,5.3434391,50.9304853,3500
roll-bowl-hasselt,5.3380925,50.930087,3500
aminos,5.330558,50.924465,3500
lila,5.3400496,50.9312994,3500
frit-point,5.3414086,50.9266153,3500
eethuis-meyman-kuringen,5.2861735,50.9426912,3511
orient-hasselt,5.3259603,50.9249881,3500
esaki-sushi-hasselt,5.3420596,50.9301707,3500
dominos-pizza-hasselt,5.3286127,50.9308887,3500
frituur-de-demer-1,5.3388977,50.932865,3500
marmara-fish-grill,5.303483,51.0405293,3550
pasa,5.2812994,51.0332193,3550
dominos-pizza-beringen,5.2191537,51.0806811,3581
star-bvba,5.2187304,51.0782718,3581
eethuis-orient-heusden-1,5.2991728,51.0388933,3550
grillhuis-oba,5.2620302,51.1162617,3970
eatpoint,5.2592668,51.0297439,3550
frituur-de-mijn-beringen,5.2227106,51.0730633,3582
venus-7,5.2196722,51.0874035,3581
barnaba-koersel,5.2737171,51.0588522,3582
payitaht,5.2258014,51.0733844,3582
caribbean-food-village,5.223799,51.039955,3580
venus-8,5.2738908,51.055254,3582
bij-frituur-lito,5.2813554,51.0330579,3550
huzur-pizzeria-kebab-leopoldsburg,5.2619274,51.1163805,3970
bel-kebab,5.2733333,51.0588082,3582
schaffense-kebap,5.077685,50.997961,3290
anatolian-kebab,5.0911336,51.0673158,3980
snack-aydin-beringen-1,5.2200034,51.0748681,3581
baskent-tessenderlo,5.0875676,51.0673327,3980
orient-diest,5.0445122,50.9800088,3290
efes-grillhouse-kebab-pizzeria-3290,5.0549133,50.9798127,3290
kebap-corner,5.0567785,50.978933,3290
sofram,5.2202015,51.0746271,3581
baskent-ohcange,5.0539219,51.1210878,2450
belchicken-diest,5.0530198,50.981885,3290
dominos-pizza-tessenderlo,5.0878876,51.0684176,3980
broodjes-de-passant,5.0091299,51.0313516,3271
soyy-bv-gelato-eethuis,5.239609,51.05137,3582
t-vurig-fritje,5.0091299,51.0313516,3271
chifuri,3.8287697,50.7129031,7860
dominos-pizza-geraardsbergen,3.8750382,50.7718811,9500
kali-orexi-geraardsbergen,3.8735281,50.7705011,9500
pizza-talia-original-geraardsbergen,3.8776174,50.7718798,9500
pitta-marmaris-geraardsbergen,3.8745797,50.7699036,9500
best-grill-geraardsbergen-1,3.8828792,50.7710849,9500
pizzeria-la-piazzetta,3.9693046,50.7547851,1570
ath-grill-ath,3.7743981,50.6284812,7800
la-cite-de-pekin,3.8293593,50.712547,7860
pitta-istanbul-lessines-1,3.8347091,50.7118857,7860
traiteur-gloss,3.0140633,51.0212509,8610
bosphorus-alken-1,5.3082716,50.8753181,3570
dominos-pizza-diepenbeek,5.419368,50.9070384,3590
snack-corner-zele,4.036278,51.0702663,9240
deluxe-burger-hamme,4.141438,51.1005239,9220
eetcafe-ossendrecht,4.3295408,51.3937523,4641 CZ
frituur-statie-68-waregem,3.4299214,50.88942,8790
merdin-3,4.7061002,50.9925856,3120
sipan,4.7820077,50.9884214,3130
bistro-begijnenhof,4.786727,51.015415,3130
centrum-kebap-zonhoven,5.3678495,50.9933773,3520
new-york-pizza-houthalen,5.3756887,51.0266493,3530
doner-kebab-bahri,5.3725979,51.0316401,3530
eethuisspalbeek,5.2335178,50.9475276,3510
royal-donuts-bagels-genk,5.500407,50.9652053,3600
star-sushi-asian-cuisine-hasselt-1,5.251905,50.947514,3510
chef-eethuis,5.3688786,50.9912688,3520
snack-aydin-genk,5.500285,50.9635393,3600
frituur-muzzy,5.2998532,51.0391266,3550
anatolia-lummen-4,5.1927006,50.986765,3560
pizza-family-2,5.353712,50.928493,3500
aladin,5.3268261,50.9330042,3500
pizza-masters-hasselt-1,5.3464571,50.9493742,3500
de-mijn,5.3310157,51.0372686,3550
ustun,5.3715848,51.030933,3530
frituur-het-verschil,5.3752223,51.02396,3530
vivaivini-ristoro-wijnbar,5.3548311,50.9442878,3500
koji-sushi,5.3152331,50.9380658,3500
hasseltse-kebab,5.3318256,50.9301263,3500
star-sushi-asian-cuisine-3500,5.3452522,50.9304587,3500
panini-grill-heusden-zolder,5.3049018,51.0404918,3550
bio-sushi,5.3684708,50.9916859,3520
belchicken-hasselt,5.3365465,50.935235,3500
top-sushi,5.3361718,50.9481149,3511
ustun-kebab,5.3752994,51.0241203,3530
plaza-snacks,5.3137589,51.0229785,3550
qubbe-bvba,5.4915451,50.9796424,3600
lagash-3600,5.5082299,51.0015169,3600
my-kebab-zonhoven,5.40882,50.9872387,3520
frituur-t-bekske-1,5.2817897,51.0407393,3550
dominos-pizza-zonhoven,5.3675862,50.9934628,3520
thai-cafe-hasselt,5.3353363,50.9393649,3500
pizza-service-hasselt,5.3387576,50.9330023,3500
only-pizza,5.3397515,50.9339069,3500
nutsland,5.301788,51.040146,3550
pita-gyros-akropolis-hasselt,5.3396844,50.9341862,3500
pastalia-zonhoven,5.344523,50.992363,3520
venus-3520,5.3320171,50.9995553,3520
happybites,5.502801,50.96473,3600
sushi-saki,5.3260849,50.933398,3500
familgia,5.5067897,51.000275,3600
italian-delight,3.2893233,50.9493699,8760
snack-zomergem,3.5611182,51.1184148,9930
dominos-pizza-torhout,3.1011665,51.0660533,8820
pizza-di-trevi-torhout-2,3.0975097,51.0657866,8820
nicos-pizza-house,3.0332072,51.1006531,8480
royal-foodhouse,3.027622,51.1301028,8480
star-pizza-ruddervoorde,3.2095149,51.0971005,8020
snack-aydin-ham,5.1772193,51.1045326,3945
baskent-balen-balen,5.1696578,51.1728415,2490
istanbul-balen,5.1734859,51.1672968,2490
nefertete,5.1173167,51.1869835,2400
balense-kebap,5.1663912,51.1710139,2490
efes-mol-1,5.1196074,51.1873243,2400
the-burger-lommel,5.3108629,51.2305882,3920
milo-ii-kebap-pizza-pasta,5.113052,51.2372439,2480
dominos-pizza-mol,5.1175488,51.1863678,2400
t-gouden-hapje,5.2677665,51.1629251,3920
royal-donuts-bagels,5.219035,51.0779096,3581
kral-snacks,5.1355752,51.1750392,2490
kent-mol,5.1148286,51.183926,2400
pizza-aversa-wingene,3.2574778,51.0609981,8750
antwerp-fried-chicken-merksem-1,4.4430529,51.2432565,2170
hawaiian-poke-bowl-wijnegem,4.5018069,51.2222768,2110
diamond-pizza-merksem,4.4420363,51.2431737,2170
eethuis-istanbul-deurne,4.4661429,51.2265778,2100
youwok-anvers,4.5018069,51.2222768,2110
pizza-phone-merksem,4.4406067,51.2424902,2170
letsushi,4.5018069,51.2222768,2110
sushi-huis-merksem-2170,4.4444846,51.2441634,2170
swatow-deurne,4.4702987,51.2356212,2100
pizza-talias-concept-antwerpen,4.427043,51.2176988,2060
dunkin-wijnegem,4.5018069,51.2222768,2110
snack-ayouni-deurne,4.4547647,51.2273916,2100
the-pizza-corner-antwerpen,4.4209375,51.2122211,2018
mcdonalds-wijnegem-shopping,4.5018069,51.2222768,2110
maki-maki-antwerpen,4.3984429,51.2141597,2000
frituur-t-kroontje,4.4531407,51.2329817,2100
dunya-doner,4.463011,51.2220515,2100
pizzalijn-merksem-2,4.441577,51.2387006,2170
pizza-pasta-express-antwerpen,4.454828,51.219975,2100
kiyoshi-sushi,4.4454111,51.2296235,2100
dominos-pizza-schoten-1,4.4994408,51.2517664,2900
pand22,4.4416354,51.2190948,2140
dam-dam-pizza,4.4304223,51.225075,2060
pizza-giorno-schoten,4.5033576,51.2526622,2900
donerix,4.4543133,51.2489808,2170
wok-paleis,4.48551,51.2359978,2110
napoli-schoten,4.5036859,51.2548016,2900
cyprus-1,4.4625373,51.2487399,2170
oish-sushi,4.5001764,51.2521574,2900
kingsrib,4.5022298,51.2536675,2900
sushi-schoten,4.5010811,51.2527792,2900
bodega-gilles,4.5864545,51.2468546,2970
sushi-centrum,4.5018449,51.2529468,2900
tasty-thai,4.4971055,51.2518227,2900
meeneem-pizza,3.4484218,51.0867384,9880
pita-pizza-pyramide-aalter,3.4483041,51.0847842,9880
pizza-valo,3.4468763,51.091816,9880
frituur-yvonne,3.4472532,51.092224,9880
pizza-hut-delivery-izegem,3.2075394,50.9094409,8870
resto-snack-istanbul,3.2155599,50.920698,8870
dominos-pizza-izegem,3.2146474,50.920051,8870
izegem-sushi,3.2120505,50.9182894,8870
sushi-planet-izegem,3.2149704,50.9195583,8870
pizzeria-valsugana,3.4445659,50.921892,9870
sushi-deinze,3.5273609,50.983821,9800
la-bicyclette,3.5291237,50.9816435,9800
hb-resto,3.662672,51.0514672,9031
pyramida-grill,3.5329998,50.98005,9800
foodbart,3.5309194,50.9791347,9800
gok-garden-deinze,3.5490657,50.9996537,9800
pizza-di-trevi-2,3.5271622,50.9768255,9800
een-kleintje-met,3.5246174,50.9869624,9800
dominos-pizza-deinze-1,3.531038,50.978947,9800
bruschetta-mia-deinze,3.526945,50.98342,9800
pizza-zandhoven,4.65802,51.2143253,2240
efes-vosselaar,4.8870504,51.3109921,2350
pizza-forty-five-vosselaar,4.8885123,51.3132583,2350
lilse-kebap,4.8258901,51.2371943,2275
kebap-oelegem,4.5908882,51.2132023,2520
thai-take-away-saengrawee,4.9511158,50.9782718,3270
midyat-1,4.8298804,51.0006958,3200
dominos-pizza-aarschot,4.831563,50.983494,3200
frituur-de-puntzak,4.8336779,51.1758866,2200
antalya-kebab-2280,4.7340181,51.1948087,2280
pizza-hut-delivery-schilde,4.587333,51.242622,2970
rosario-herentals,4.8360011,51.1763033,2200
dubrovnik-grill,4.8381341,51.1745643,2200
eethuis-troja,4.831852,51.1788669,2200
pizza-pita-house,4.8243417,51.175496,2200
dennis-kebap,5.0882976,51.0698019,3980
snack-unal,5.1177366,51.1866205,2400
milo-bebap-pizza-pasta,5.0757013,51.1895375,2400
frietboetiek-by-hilde,4.9877101,51.158066,2440
sushi-king-mol,5.1179138,51.190006,2400
bros-burgers-mol,5.1067006,51.181331,2400
frituur-one-15,4.9891533,51.1663225,2440
kokoro-sushi,5.1174517,51.1866361,2400
ela-kebap,5.0810792,51.1318678,2450
eethuis-nazar-laakdal,5.0611908,51.093322,2430
t-oud-lier,4.5850684,51.1388583,2500
t-bruggeske,4.5712358,51.1305039,2500
callpizza,4.5157261,51.0416276,2860
au-fond-du-2500,4.569913,51.1294752,2500
pizza-bodrum-ochange,4.5316614,51.069962,2860
dominos-pizza-lier,4.5703205,51.1304183,2500
pizza-zaga-2860,4.531321,51.0702424,2860
snack-2500,4.5674943,51.1313923,2500
kikai-sushi,4.5304832,51.070362,2860
loons-qebap,5.3490397,50.8026021,3840
pompei-borgloon,5.3433947,50.8024924,3840
boona-bar,5.336413,50.840724,3830
pitta-melita-zulte,3.4458184,50.9226945,9870
pizza-talia-waregem,3.4305017,50.8887621,8790
pizza-husrev,3.3344054,50.9198586,8780
dominos-pizza-waregem,3.4239988,50.8910075,8790
sushi-home-1,3.4336129,50.8864789,8790
pizzeria-da-romy-waregem,3.4063628,50.9047088,8793
pizza-hut-delivery-waregem-1,3.4041924,50.9005611,8793
streettacos,3.4107876,50.881374,8790
rikes-foodbar,3.4247663,50.89135,8790
frituur-de-nieuwe-passage,3.3139338,50.91867,8780
pizza-heat-kalken,3.9137146,51.03432,9270
hinode-sushi-eeklo,3.5652096,51.1844536,9900
pitta-pizza-izmir-eeklo,3.5726984,51.181997,9900
marhaba-kalken,3.9117998,51.0435964,9270
de-waaiberg-aarsele,3.4188398,50.9995328,8700
pitta-kervan-ruislede,3.3964371,51.0410855,8755
pizza-hut-delivery-tielt,3.3088233,50.9968426,8700
snack-tielt-1,3.3270373,50.9984585,8700
pizza-aversa,3.3254558,50.9998403,8700
everest-sushi,3.3275597,50.9997079,8700
pita-antalya-tielt,3.3257418,50.994568,8700
dominos-pizza-tielt-1,3.3267493,50.998882,8700
pizzeria-lyaz-diksmuide,2.8714629,51.0369563,8600
shaan-pizza-ichtegem-1,3.0137977,51.0931298,8480
bellas,2.8633824,51.0334314,8600
broodjes-frituur-tdorp,4.1422303,50.9552438,9310
papis-pizza,4.1865574,50.9712916,1745
frituur-sporthal-9340,3.9780411,50.9591145,9340
pizza-heat-wetteren,3.8887268,51.0041876,9230
dominos-pizza-wetteren,3.882566,51.0019634,9230
exprezz-pizza,3.7726946,51.0248848,9090
pizza-talia-original-wetteren,3.8905978,51.001318,9230
pizza-hanoo-1,3.8813768,51.0021956,9230
pizza-sara,4.1360277,51.0912225,9220
squadra-opdorp,4.2168854,51.0261083,9255
pizza-delicia-3-buggenhout,4.201945,51.0156658,9255
magic-food,4.1359653,51.0950361,9220
pizzalicious-berlare,3.9579873,51.017464,9290
pizza-hut-delivery-dendermonde-2,4.1112731,51.0335673,9200
tatis,0.0,0.0,
pizzaheat,4.1131033,51.0169831,9200
pitta-bodrum-9200,4.104073,51.0426523,9200
t-frietgenot-gijzegem,4.0511373,50.9846626,9308
kingribs-dendermonde,4.101638,51.0289958,9200
dominos-pizza-dendermonde,4.1008398,51.0285175,9200
sushi-marina,4.2019764,51.0136202,9255
pitta-new-york-hamme-1,4.143846,51.0945939,9220
deluxe-burger-dendermonde,4.1244504,51.0374011,9200
twee-bruggen-brasserie-sushi,4.1440272,51.0947407,9220
seven-pizza,4.1264549,51.0027531,9280
pizza-heat-1,4.005229,51.0135584,9290
nori-sushi,4.1066167,51.0307157,9200
pizza-pita-ege-2,4.2056305,51.0555994,2890
pitta-pizza-melissa,4.034365,51.0661099,9240
antalya-pita,4.1140786,51.0217628,9200
pizza-lounge-hamme-1,4.1324174,51.0997304,9220
de-griekse-pita,4.1129044,51.017294,9200
pizza-hut-delivery-palinghuizen,3.6998902,51.0662906,9000
frituur-lor,3.709986,51.0721644,9000
pizza-pita-grillroom-milano,3.3022606,51.3141839,8300
snack-aalst,4.0258409,50.9399256,9300
magnum-and-benjerrys-store-aalst,4.0391116,50.94119,9300
la-ricotta-1,4.1584055,50.9582015,1745
fistro,4.040182,50.9377227,9300
belchicken-aalst,4.0351011,50.938501,9300
el-nachos,4.0392034,50.9412639,9300
pitta-moorselbaan,4.0466792,50.9421771,9300
pizzo,4.1295875,50.998208,9280
migato-sushi,4.0408486,50.9390738,9300
pizza-hut-delivery-aalst-2,4.0412412,50.9496684,9300
pita-vrede,4.0332502,50.9387904,9300
frituur-milo-aalst,4.0431523,50.9345341,9300
anatolia-9200,4.0987641,51.0280462,9200
pitta-gizem,4.0432019,50.9401098,9300
jv-fooddrinks,4.0352438,50.9624763,9308
nara-sushi-restaurant,4.1013983,51.0322807,9200
romy-focaccia-salade,4.0671428,50.9280984,9300
frituur-mijlbeek,4.0533283,50.9425436,9300
frituur-anita-9300,4.0558586,50.95023,9300
pizzeria-la-salina,4.04336,50.9532235,9300
dominos-pizza-gent-2,3.7259623,51.0391876,9000
de-frietschap,3.6936366,51.0568978,9000
de-frietschap-brugsesteenweg,3.6941374,51.0641764,9000
pizza-bella-vista,2.771879,51.1384607,8620
pizza-service-ekeren,4.4177175,51.2819479,2180
dominos-pizza-ekeren,4.4180616,51.2776185,2180
4-seizoene,4.4945229,51.293016,2930
gold-pizza,4.4477511,51.2464296,2170
giovannis-kapellen,4.406254,51.33807,2950
bella-vita-ekeren,4.4188902,51.2788573,2180
mr-ribs-kapellen,4.4294497,51.3129515,2950
more-pizzas,4.4529829,51.2532549,2170
marios-pizza,4.4441251,51.2924252,2930
pizza-verdi-ekeren-1,4.4116129,51.2817169,2180
pizzahome,4.4938601,51.2916329,2930
liya-kebab-pizzaria-1,4.3652936,51.3320877,2940
lucky-star-1,4.4330907,51.3071429,2950
mabista-sushi,4.4743619,51.3778235,2920
sushi-royal,4.428808,51.3135591,2950
la-serviette,4.4457359,51.2902312,2930
sushi-corner-1,4.4373808,51.3013662,2950
sushi-masago-stabroek,4.4076056,51.306587,2940
poke-bowls-fireburger,4.409875,51.2975143,2180
pizza-hut-delivery-kapellen,4.4281855,51.314075,2950
antep-gcv,4.4668839,51.3915605,2920
eker-sushi,4.420918,51.2824149,2180
royal-belinda,4.4856137,51.2869011,2930
sushi-sawara,4.4379615,51.2573495,2170
sushi-boot-brasschaat-2,4.4536424,51.28068,2930
sanas-bowl,4.4945806,51.2933281,2930
sushiboot,4.4290758,51.3155146,2950
om-sushi,4.4439452,51.2922425,2180
njam-thai-ekeren,4.4175013,51.2817545,2180
giovannis-brasschaat,4.45387,51.2806342,2930
sushi-merksem,4.4468092,51.2466289,2170
pyramide-kalmthout,4.47518,51.38298,2920
maison-a-deux,4.5185171,51.3269878,2930
gari-sushi,4.4924541,51.2908777,2930
vicenza,4.4445493,51.2915904,2180
murat-pita-pizza-pasta,4.3974537,51.3519864,2950
momo-sushi-1,4.4564199,51.2476889,2170
la-casa-de-schutter-stabroek,4.3678355,51.333015,2940
sushi-spot,4.395356,51.355175,2950
pizza-phone-brasschaat,4.4893433,51.2888216,2930
la-casa-de-schutter,4.319188,51.34515,2040
la-casa-mia-wuustwezel,4.545271,51.3559,2990
istanbul-pizza-pita,4.4187852,51.2798399,2180
la-casa-mia-kapellen,4.3992233,51.348217,2950
pizza-pronto-stabroek-1,4.368078,51.33022,2940
grill-garden-ekeren-2180,4.4536576,51.278297,2180
fiberapps,4.4185746,51.2265871,2060
snack-pamukkale-gent-1,3.6986091,51.0625456,9000
york-pizza-gent,3.7001362,51.0524973,9000
pizza-hut-delivery-gent-heuvelpoort-1,3.7235912,51.0398778,9000
dominos-pizza-gent-st-pieters,3.7125958,51.0367434,9000
burgerista,3.7050701,51.0583402,9000
ness-burgers,3.6919468,51.0647393,9000
pizza-santa,3.7098072,51.0268829,9000
uniq-kebab-gent-2,3.7218974,51.02694,9000
down-town,3.3880464,51.3071822,4524 EB
pitta-maldegem-maldegem,3.4468523,51.2139925,9990
bollero,3.5657765,51.1817466,9900
pizza-midas-1,3.4510793,51.2080947,9990
pizza-hut-delivery-maldegem,3.4774006,51.2048713,9991
goodys,3.5627169,51.1852106,9900
aloha-poke,3.298167,51.3227476,8300
dominos-pizza-brugge-sint-pieters,3.20621,51.22499,8000
faitsdivers,3.7216397,51.0549239,9000
2bangkok-thai,3.7245847,51.0572645,9000
hey-joo,3.7241141,51.057992,9000
zuiver-op-de-graat,3.7586899,51.0354925,9050
johnnys-burger-gent-dendermondsesteenweg,3.7482473,51.0527422,9040
halab-al-shahbae-2,3.7275793,51.0557886,9000
kulba-kabul,3.7102631,51.0608433,9000
little-asia-gent,3.7238756,51.0580527,9000
meshur-adiyaman-cigkofte,3.7422932,51.0561994,9000
mcdonalds-gent-korenmarkt,3.7220321,51.0538872,9000
mcdonalds-martelaars,3.7105941,51.04679,9000
om-gent,3.7200866,51.0562796,9000
la-lanterna-oostakker,3.7566815,51.0793151,9041
sushi-palace-gent,3.7242311,51.0587152,9000
jimmy-pizza,3.7058514,51.0488587,9000
lucy-chang-gent,3.7201179,51.0521389,9000
golden-friet-gent,3.7099235,51.0566182,9000
the-ribhouse,3.7262753,51.0388062,9000
broodjeszaak-hope,3.7154307,51.0544589,9000
gulhan,3.7263305,51.060976,9000
open-wok,3.7479777,51.0602542,9040
in-choc-gent,3.7216482,51.0568562,9000
lujain-restaurant,3.725385,51.0605133,9000
frituur-vrijdagmarkt,3.7249665,51.057396,9000
pizza-delta,3.7071178,51.0576267,9000
bursa-kebab,3.701226,51.060844,9000
gok,3.7250841,51.0597042,9000
sezer-snack-1,3.7042263,51.059011,9000
frites-atelier-2,3.7226101,51.055939,9000
shilies,3.7424492,51.0553919,9000
fitchen-1,3.7315285,51.0487331,9000
unique-asia,3.7264211,51.0362418,9000
emilys-frituur,3.7247906,51.0332723,9000
anar,3.7248743,51.0596245,9000
pizza-hut-delivery-oostakker-1,3.7762204,51.0727911,9040
sushi-paradise-gent-1,3.7266695,51.0570938,9000
libanese-snack,3.7244878,51.0600751,9000
frituur-artevelde,3.7103825,51.0614123,9000
akdeniz-gent,3.7250112,51.0598431,9000
scoober-test-restaurant-ghent,3.7159626,51.0552177,9000
tasty-world-1,3.7225837,51.0557821,9000
pasta-la-vista-gent,3.7217598,51.0477176,9000
eee,3.7310747,51.0730654,9000
otomat-1,3.7217424,51.0564084,9000
india-palace-gent,3.7239433,51.0581177,9000
il-cortile-gent,3.723216,51.0572734,9000
sandwich-croccante,3.7260938,51.0608406,9000
restaurant-ozkonya,3.7260291,51.060809,9000
pitta-isparta,3.7270756,51.0478339,9000
way,3.7337989,51.0658074,9000
selis-noodles-bar,3.7273659,51.0520626,9000
frituur-t-zuid-gent,3.7310976,51.049253,9000
pitta-03,3.7102649,51.0386761,9000
frietshop-gentbrugge,3.7591106,51.0432947,9050
mr-wok,3.7277013,51.0558734,9000
beiruti,3.7226628,51.0521405,9000
pitta-sari-9040,3.7474673,51.0528254,9040
anahita,3.7205732,51.0605364,9000
sushi-poel,3.7185181,51.0554055,9000
belchicken-rooigemlaan,3.6995475,51.0523069,9000
rabot-dumpling-house,3.7103842,51.0609083,9000
neapolis-gent,3.7244407,51.0587702,9000
bavet-hooiaard,3.7216528,51.0555917,9000
jilles-beer-burgers-gent,3.7315048,51.0389167,9000
uma-marisqueria,3.7244701,51.0584115,9000
soepermarkt,3.7256199,51.0519728,9000
scoober-hub-gent,3.7115523,51.0596147,9000
asmin,3.7477763,51.060475,9040
burger-king-gent,3.7216193,51.0546674,9000
dominos-pizza-gent-dampoort,3.7426417,51.0572601,9000
wasbar-korenmarkt,3.7218192,51.0552904,9000
quick-gent,3.7217438,51.0551805,9000
himschoot,3.7335724,51.0663479,9000
himalaya-gent-1,3.723776,51.0579436,9000
au-pain-marie,3.7266813,51.0459183,9000
wasbar-kalandestraat,3.7252226,51.0523851,9000
sandwichbar-mina,3.7086237,51.0573301,9000
sushi-love-gent,3.7244366,51.058526,9000
nonna-stella,3.7242242,51.0582228,9000
pho-saigon,3.7233825,51.0545644,9000
food-planet,3.712905,51.055145,9000
yoki-sushi-grill,3.7416221,51.0577971,9000
fitchen-korenmarkt,3.7219699,51.0555102,9000
the-waffle-factory,3.7222835,51.055498,9000
emmys-eats-and-sweets,3.7266017,51.0446028,9000
orange-ini,3.7162136,51.0545174,9000
gok-2,3.7258703,51.0609576,9000
frituur-frans-hooiaard,3.7213476,51.0555764,9000
bavet-gent-verlorenkost,3.7218842,51.0463299,9000
abooov-kebab,3.727781,51.0632931,9000
holy-guacamoly-burrito-shop-zuid,3.731265,51.0489366,9000
aba-jour,3.7242003,51.0580292,9000
frituur-louiss,3.7227812,51.0454351,9000
nam-jai,3.7236872,51.057849,9000
the-chocolate-home,3.7244834,51.0576216,9000
kofteci-bayram,3.727098,51.0619975,9000
kismetli,3.725837,51.0606853,9000
limoena-grillhouse,3.7495784,51.0618568,9040
twilightsushi,3.7217869,51.0552302,9000
pizza-roma-4,3.7111866,51.0560675,9000
yaki-noodle,3.7310288,51.049207,9000
muday-1,3.7289266,51.0645891,9000
bubble-bar-gent,3.7215008,51.0514897,9000
indian-curry-house,3.7182886,51.0539187,9000
balls-glory-gent,3.7201847,51.0523118,9000
ramen-bambu-gent,3.7244701,51.0584115,9000
ankara,3.7243974,51.058322,9000
ellis-gent,3.7222164,51.0545601,9000
uzume-sushi-bar,3.7245133,51.0587457,9000
zilverpot,3.7181665,51.0591441,9000
sushi-oostakker,3.7769399,51.0731173,9040
tapeo-gent,3.7326489,51.0658561,9000
the-waffle-factory-veerleplein-gent,3.7213914,51.0565877,9000
barouche-i,3.7219229,51.055406,9000
pita-omega,3.7070459,51.0577629,9000
mian,3.743856,51.03746,9050
chapeluur-gent,3.7222717,51.05555,9000
ocean-sushi-gent,3.7267016,51.0555536,9000
kims-kitchen-gent-2,3.72404,51.058466,9000
frituur-watersportbaan-1,3.6989014,51.046997,9000
ariana-food,3.710314,51.0604946,9000
pitta-destelbergen,3.8182144,51.0587544,9070
uzume-sushi-overpoort,3.7263117,51.035904,9000
barouche-kortemunt,3.7219229,51.055405,9000
the-waffle-factory-pensmarkt,3.7211887,51.0554955,9000
frituur-friet-bar,3.7087808,51.047165,9000
de-echte-gentse-neuzen,3.7224648,51.05566,9000
everest-gurkha,3.7239268,51.0581634,9000
gardenia,3.7258234,51.0607,9000
tush-gent,3.7250623,51.0548876,9000
halab-al-shahbae-1,3.7432032,51.04063,9050
take-one,3.7423286,51.057922,9000
3piramiden,5.0809082,50.7511681,3400
daily-burger,5.0787661,50.6726491,4280
efes-geetbets,5.1147702,50.8901089,3450
kebap-mustafa,5.1141853,50.8926649,3450
anka-kebap,5.0596721,50.9073594,3470
fujiyama-sushibar-sint-truiden,5.1863279,50.8175657,3800
grill-room-isis-sint-truiden-1,5.1886393,50.812514,3800
pizzeria-luigi-alken,5.2900713,50.8893431,3570
donatello-sint-truiden,5.1906132,50.815835,3800
royal-india-sint-truiden,5.1889122,50.8142533,3800
pizza-hut-sint-truiden,5.1918222,50.8110588,3800
pizzeria-kebap-selin,5.1042698,50.8325241,3440
ararat-sint-truiden-2,5.1899666,50.8116006,3800
blue-pearl,3.6421575,50.9580965,9810
dave-the-camel,3.5947641,50.9577244,9810
frituur-pitta-twee-deuren,3.6335992,50.9413006,9810
dominos-pizza-turnhout-1,4.9471137,51.323847,2300
jd-corner,4.9608445,51.323402,2300
kebap-anatolie,4.9393244,51.3249431,2300
xinxin,4.9674344,51.33597,2360
sfinx-turnhout,4.9524556,51.3221189,2300
q-taro,4.9394814,51.3239519,2300
alo-pizza-turnhout,4.9634086,51.3342494,2300
agora,4.9498171,51.322406,2300
eethuis-istanbul-turnhout,4.9438156,51.3141468,2300
noumidia-resto-turnhout,4.947664,51.323803,2300
het-paleis-eethuis,4.9751429,51.3200678,2360
flamingo-pizza-kebap,4.8650923,51.3557804,2330
abu-simbel-1,4.949775,51.319332,2300
snackbar-panino,4.9320487,51.321448,2300
snack-it,4.9383671,51.3253587,2300
sultan-testelt-1,4.9488446,51.0184101,3272
baskent-averbode-1,4.9815332,51.028309,3271
eethuis-carlos-aarschot,4.8359204,51.0023083,3200
istanbul-grill-huis-1,4.8407489,50.9909538,3200
tasty-sushi-grill-bar,4.8071796,50.9157272,3220
kaya-holsbeek,4.756737,50.920294,3220
metin,4.8248638,50.8964317,3210
millennium,4.8312654,50.9835692,3200
rumah-jawa,4.8965096,50.9659855,3202
bij-carlos,4.840586,50.988972,3200
sam-kebab,4.8388002,50.987235,3200
merdin-2-rotselaar,4.7316923,50.9407756,3110
pizza-memo,3.8620404,50.9196292,9520
pizza-palace-9230,3.8777948,51.0017551,9230
boston-pizza-lede,3.9770103,50.9672032,9340
snack-frituur-hanoodi,3.9873674,50.967342,9340
cafe-de-revue-hakuna-patata,3.913918,50.9545029,9340
pizza-hut-delivery-brugge-sint-kruis,3.2478986,51.2102774,8310
pizza-saint-vero,3.2314266,51.2251981,8000
midtown-oostkamp,3.2629265,51.1619639,8020
maki-maki-laeken,4.3552838,50.8750914,1020
vis-cadias,4.3561508,50.8746924,1020
patzaa,4.3358312,50.8681058,1090
tchoks-burger,4.3504278,50.8706197,1020
the-cousins,4.3292771,50.8799181,1090
snack-bockstael-laeken,0.0,0.0,
la-parenthese-ganshoren,4.3205671,50.8679793,1083
pizza-pasta-toscana,4.3466092,50.878032,1020
snack-simonis-1081,4.3301211,50.8635911,1081
dolce-italia-laeken,4.3647985,50.8954866,1020
pizzeria-casa-grande,4.3367405,50.8835219,1090
larganier-brussels,4.3486714,50.8760405,1020
pastabar-2,4.3299245,50.8630909,1081
mia-pizza-3,4.3174436,50.8758984,1083
sushi-tokyo,4.3259502,50.8738542,1090
poseidon-molenbeek,4.2919059,50.8463198,1080
fastchicken-vilvoorde,4.4330754,50.9275945,1800
paparazzi-ganshoren,4.331882,50.86482,1081
pam-pam-de-wand,4.3585287,50.8975726,1020
ninja-restaurant,4.3266864,50.8769547,1090
de-hoek-van-marrakech,4.3519413,50.9092739,1853
family-moment,4.3424875,50.8613839,1080
de-zorba,4.4364695,50.9404945,1800
tour-et-taxi,4.3443448,50.8635228,1080
ristorante-la-famiglia,4.3210812,50.8686827,1083
burger-house-jette,4.3358325,50.8789828,1090
snack-au-lunch-new,4.3389537,50.8888894,1020
chicken-or-meat,4.3358085,50.8789968,1090
la-dolce-vita-meise,4.3150141,50.9485651,1861
snack-o-tac,4.3328935,50.8695437,1090
picolina,4.3482158,50.8786953,1020
les-2-orients-laeken,4.3488906,50.8762842,1020
sos-lunch,4.3304073,50.8847405,1090
maharaja-tandoori-2,4.332182,50.8389304,1070
pizza-di-beqo,4.3185562,50.8904606,1090
snack-pizza-city,4.354658,50.9095302,1853
lolympia,4.3400581,50.8878504,1020
snack-dekan,4.3296928,50.8800921,1090
snack-hakan,4.3122373,50.8686357,1083
maharaja-tandoori,4.3427137,50.8420109,1000
autentica-pizza,4.3076896,50.9061877,1780
cheap-times-fast-food,4.3536724,50.8753964,1020
pizza-town,4.3100199,50.950153,1861
hoshi-hoshi,4.3130779,50.8819182,1090
yume-sushi,4.3123698,50.903865,1780
snack-cherif,4.3489332,50.8774576,1020
tetiko-1,4.3662973,50.8647634,1030
snack-bizet,4.2977704,50.8255249,1070
qi-tian,4.3545127,50.9056206,1853
il-capo,4.2324953,50.9593313,1785
pizza-minute-schaerbeek,4.3663097,50.8647218,1030
p-p,4.37188,50.89622,1020
pizzeria-nasreddin-1210-1,4.3692242,50.8570353,1210
da-valentina,4.3197286,50.8650385,1081
les-delices-du-liban,4.3824488,50.8942689,1120
shinwi-ochange,4.3709614,50.8699433,1030
la-recette,4.3188362,50.8581018,1080
snack-mimoza,4.3398709,50.8880768,1020
argonautes,4.3581887,50.9086823,1853
snack-les-2-freres,4.3730178,50.8572749,1030
pronto-pizza-laeken,4.3396103,50.8876438,1020
thai-wok-express-brabant,4.3646957,50.8621896,1030
della-cassa,4.3513521,50.876519,1020
sushimi-1,4.3375572,50.8899107,1020
via-vai,4.3083252,50.9054981,1780
traiteur-emmanuel,4.3646029,50.9362086,1850
ramses-laeken-1,4.346458,50.8777072,1020
pizza-like,4.3335833,50.8765085,1090
kebapfood,4.3145004,50.8739395,1083
the-house-of-chicken,4.3358085,50.8789968,1090
chamas-tacos-laeken,4.3490008,50.8767601,1020
pizzacut-ganshoren,4.3143195,50.8675906,1083
mr-wok-molenbeek-saint-jean,4.3409056,50.8681312,1080
beirut-restaurant-libanais,4.3197457,50.8757612,1083
ciky-sushi-bar,4.3760331,50.8668245,1030
la-piazza-brussel,4.3303608,50.884792,1090
pizza-service-1850,4.362558,50.936628,1850
nomak,4.3591054,50.8983064,1020
nour-al-cham-jette,4.3258021,50.8736375,1090
le-panorama-bar,4.3489616,50.8772009,1020
poisson-du-monde,4.3504897,50.8753922,1020
poke-dream-laeken-1,4.3550409,50.8748662,1020
time-toast,4.3277739,50.8764397,1090
mams-burger,4.3607925,50.9008109,1020
pizzeria-pazza-inter,4.3577623,50.909485,1853
les-souvenirs-de-damas,4.3565813,50.8742384,1020
rio-bar,4.4301812,50.9336422,1800
kimchi-sushi,4.3958975,50.9253701,1850
pam-pam-laeken-2,4.3473619,50.8804382,1020
french-touch-koekelberg,4.3318818,50.8648186,1081
thai-wok-express-vilvoorde,4.426757,50.926173,1800
madison-smash-burger,4.3500804,50.8766267,1020
otacos-jette,4.3248261,50.872465,1090
totalenergies-bruxelles,4.3553034,50.8716069,1020
taki-maki,4.2767275,50.882373,1731
chicken-rock-schaarbeek,4.4021216,50.856126,1030
al-tarboush,4.3537993,50.8756865,1020
hungry-restaurant,4.3564921,50.8742565,1020
dar-pastila-1081,4.3324857,50.8612953,1081
restaurant-10,4.3154351,50.9026186,1780
castello-fish,4.3478677,50.8757191,1020
love-sushi,0.0,0.0,
sensei-sushi,4.3240102,50.8729267,1090
simit-house-laeken,4.3583338,50.8965726,1020
tam-tam,4.3273298,50.895925,1020
sushi-buzz,4.390062,50.8688969,1030
pidem,4.3603175,50.8994088,1020
friterie-houba,4.3425412,50.8860058,1020
king-pizza-merchtem,4.2312857,50.961775,1785
pizza-delice-jette-jette-1,4.329655,50.8800188,1090
loulou-schaerbeek,4.397369,50.8550485,1030
wazawok-jette-1,4.3244123,50.8723173,1090
mburger-molenbeek-1,4.344486,50.8638027,1080
mei-wei-cheng,4.3295511,50.8797144,1090
chez-yu-jin,4.3284235,50.8768369,1090
mr-burger,4.426858,50.926105,1800
madame-gusto,4.3176225,50.8856404,1090
sos-pasta,4.3295731,50.8850101,1090
wok-to-go-bruxelles,4.3429613,50.862873,1080
librairie-laeken,4.3510549,50.8765119,1020
pizza-zirar,4.3552957,50.874775,1020
bread-and-olives,4.3569501,50.9066802,1853
milano-simonis,4.3337724,50.8625409,1081
o-gourmand,4.3385082,50.890448,1020
the-good-cat,4.3342547,50.857452,1080
houba-fish,4.3365475,50.8891417,1020
snack-mutsaert-vilvoorde,4.3608428,50.9013694,1800
pizza-eight,4.3471657,50.8801196,1020
snack-ledi,4.3472217,50.8800869,1020
andiamo-pizza-jette,4.3252525,50.87371,1090
benvenuto-bxl,4.340418,50.8750743,1020
traiteur-gianni-1020,4.341282,50.886337,1020
saporito,4.3328896,50.872543,1090
peppermint-park,4.3236994,50.8728427,1090
pizzeria-houba,4.3425835,50.8859634,1020
snack-olaeken-bruxelles,4.3477112,50.8779263,1020
le-corner-1,4.3287096,50.8899914,1090
pizza-horako,4.3323291,50.8611078,1081
hakko,4.3188731,50.8580323,1080
emirda-koftecisi-laeken,4.356053,50.87475,1020
pesto-bar,4.6566639,51.2137233,2240
chinees-restaurant-peking,4.6299163,51.2607407,2980
sushi-king-1,4.6974377,51.2972927,2390
sushihuis-brecht,4.5861235,51.2933388,2960
de-chinese-wok,4.576244,51.2416359,2970
sushi-king-zoersel,4.6373384,51.2658587,2980
pizza-verona-schilde,4.5922835,51.2439049,2970
chateau-pineau,4.6386734,51.2666961,2980
saitama-sushi,4.5508149,51.2627656,2970
bella-italia-1,4.5955975,51.2453077,2970
dominos-pizza-malle,4.6890808,51.2973923,2390
genki-sushi,4.5859695,51.2417946,2970
wow-pizza,4.7355146,51.303104,2390
bagetino-deluxe,4.6430808,51.2693613,2980
foodbar-melisa,5.6506281,50.8899295,3620
kebabstore-1,5.4626102,50.929356,3590
frituur-grillroom-dalia,5.6178644,50.8605512,3620
el-bocado-bilzen,5.5175953,50.8699517,3740
grill-house-centrum-genk,5.4949196,50.9642271,3600
pizza-mi-mi,5.5949388,50.811497,3770
your-kitchen-hasselt,5.3427006,50.9318429,3500
gonia-greek-bistro,4.5841898,51.1179956,2500
kazuki-sushi,4.8217478,51.1773304,2200
qivvi,4.6696033,51.161534,2560
pizza-talia-lier,4.5642677,51.1354861,2500
top-snack,4.669973,51.161282,2560
la-rosa-kessel-1,4.6095,51.1393449,2560
elite-kebab,4.5771098,51.1287558,2500
okinawa-sushi-grill,4.731635,51.194679,2280
frituur-tiosco,4.6712624,51.1609405,2560
frituur-nou-nou-lier,4.5668378,51.1321495,2500
il-cardinale-lier,4.5699276,51.1294745,2500
baskent-nijlen,4.6819769,51.1652144,2560
sushi-king-zandhoven,4.6581957,51.2142763,2240
asian-huis,4.7375221,51.193177,2280
eethuis-yuksel,4.6694733,51.1615063,2560
bouwelsepizzafoon,4.75458,51.1644561,2288
pizza-monza-nijlen,4.7414874,51.1787114,2280
dominos-pizza-nijlen,4.669294,51.160957,2560
de-statie,4.618455,51.1503,2560
dominos-pizza-sint-truiden,5.1771225,50.8172513,3800
don-sako,5.0808884,50.7526979,3400
the-foodhub,5.1790426,50.8163383,3800
pita-waremme-1,5.2530602,50.6954011,4300
doner-kebab-anatolia-hoepertingen,5.2858685,50.8067955,3840
sushi-paradijs,5.1859385,50.8159236,3800
snacks-osman,5.1770964,50.817049,3800
pizzaespress-hannut,5.0751061,50.6708124,4280
thai-break,5.2545994,50.6971204,4300
orient-eethuis,5.1759431,50.8228108,3800
wok-garden,5.2578875,50.69668,4300
table-bouddha,5.2693006,50.6957648,4300
allo-pizza-hannut,5.0787317,50.6715217,4280
eat-point-sint-truiden,5.2203537,50.7937035,3800
riad-marrakech,5.0762294,50.6714107,4280
casa-pizza,5.0910299,50.6651078,4280
resto-simke,5.2091265,50.733166,3890
frituur-t-station,3.1295246,50.9489296,8800
snack-ailnor-roeselare,3.1313294,50.9494353,8800
pitta-murat,3.1247193,50.9438126,8800
ohana-roeselare,3.1244037,50.9463548,8800
pizzapasta-delice,3.1986259,50.9785749,8850
snacks,3.1258625,50.9449552,8800
kings-boutique,3.1243504,50.9427896,8800
sole-mare,3.123782,50.9448628,8800
pizza-hut-delivery-roeselare-noordstraat,3.122559,50.9469132,8800
pita-babylon,3.1221289,50.9393891,8800
thenoodlebar,3.12585,50.943905,8800
belchicken-roeselare,3.1294603,50.94752,8800
dominos-pizza-roeselare-1,3.1226622,50.9480523,8800
pitta-istanbul-staden,3.014752,50.97435,8840
rn-royal,4.7219067,51.0761247,2220
cesars,4.6288207,51.0567325,2580
pokehome,4.6315546,51.0060566,3140
siam-elephant,4.7258608,51.0755132,2220
doner-kebab-ali-baba,4.721808,51.0763479,2220
the-black-horse,4.7251002,51.0758523,2220
asian-kitchen,4.7233091,51.0758278,2220
aki-sushi-heist-od-berg,4.7326617,51.0883024,2220
poker-friet,4.7810916,50.9865354,3130
dominos-pizza-heist-op-den-berg-bergsestraat,4.722987,51.0760059,2220
gli-amici,4.6554708,51.1176926,2590
heist-kebab,4.7252205,51.0756262,2220
brasserie-de-stenen-molen-putte,4.6250327,51.0671605,2580
eethuis-botan,4.7287392,51.0526079,2220
tomo-sushi,4.6291457,51.055933,2580
heide,4.7567441,51.0306176,2221
nazar-pizza-kebap-putte-2,4.6305208,51.0555709,2580
pizza-service-aarschot,4.8321337,50.9836765,3200
pizzaria-gunther,4.656598,51.117996,2590
pizza-efe-berlaar-1,4.6687013,51.0828962,2590
chens-takeaway-begijnendijk,4.7815113,51.019733,3130
pizza-efe-itegem,4.7276196,51.1032629,2222
makaio-nijlen,4.6708146,51.1612276,2560
china-putte,4.629138,51.055515,2580
pronto-pizza-merchtem,4.2320805,50.95778,1785
bij-de-griek,4.1854537,50.9197022,1730
alex-grill-house,4.1956724,50.9115883,1730
pitta-seker-aalst,4.0630978,50.954109,9300
snack-dayi,4.193773,50.909688,1730
snack-pizza-bodrum-asse-1,4.207182,50.90637,1730
frietekes,4.0326524,50.956048,9308
eethuis-dalin,4.8300739,51.1811525,2200
moshi-sushi-lille,4.8237814,51.2399626,2275
lilse-kebap-2,4.8671555,51.2684622,2275
sushi-corner-2,4.9494753,51.3223266,2300
sushi-king-oud-turnhout,4.9800149,51.3188564,2360
t-hoekske-kasterlee,4.9658074,51.2421,2460
sahin-eethuis,4.9846778,51.18434,2440
kebap-xpress,4.9401798,51.3219452,2300
dominos-pizza-herentals,4.8327379,51.177089,2200
the-well,4.9590822,51.33266,2300
huzur-pizzeria-kebab-1,4.9908608,51.1618789,2440
broodjescorner,4.9499194,51.3153417,2300
chef-tielen,4.8955912,51.2438076,2460
pizza-phone-turnhout,4.9429729,51.3222183,2300
winterput,4.9476512,51.3227252,2300
de-katetlijne,3.225491,51.2027746,8000
sushi-shop-brugge,3.2193243,51.1965836,8200
kwalito,3.2199795,51.2117782,8000
sanseveria,3.230293,51.2085266,8000
venice-corn,3.2230322,51.2061082,8000
mcdonalds-brugge,3.2228449,51.2073935,8000
benvenuto,3.2231785,51.2084283,8000
hemelse-taartjes,3.2335841,51.2097461,8000
pasta-la-vista-brugge,3.2193243,51.1965836,8200
belchicken-brugge,3.2197465,51.1977777,8000
pitta-roos,3.1889283,51.1987497,8200
chef-sam-sint-kruis,3.2466451,51.2111316,8310
saba-snack,3.2180116,51.2062849,8000
pasta-presto,3.2225614,51.2084353,8000
restaurant-bella-italia-brugge,3.2243564,51.210988,8000
wasbar-brugge,3.2028416,51.2299337,8000
pizza-hut-delivery-brugge-sint-andries,3.1963551,51.1925295,8200
dailyslice,3.2424745,51.2110818,8310
los-pollos,3.2104501,51.2125549,8000
starbucks-brugge,3.2193243,51.1965836,8200
golden-dynasty,3.2363864,51.154389,8020
hawaiian-poke-bowl-brugge,3.2233162,51.209023,8000
pizza-di-trevi-1,3.1985614,51.2241524,8000
the-olive-streetfood,3.2259677,51.2075392,8000
mister-grill-buffets,3.1961758,51.1932492,8200
mister-spaghetti-brugge,3.2240564,51.2042131,8000
pitta-mr-food,3.2358945,51.1544825,8020
vincenzo,3.2264704,51.2094934,8000
mount-gorkha,3.2287002,51.1999973,8000
pittareco,3.2116095,51.1892163,8200
otomat-brugge,3.2228238,51.2062524,8000
pizzeria-sforno,3.2328571,51.2211098,8000
taboule,3.2358214,51.2107518,8000
nakhon,3.2256341,51.2094049,8000
brugge-burger,3.2247857,51.2097506,8000
jilles-beer-burgers,3.2283326,51.2074872,8000
taj-mahal-brugge,3.2254744,51.2093893,8000
pasta-maria,3.2214475,51.2050108,8000
shalimar-restaurant,3.2456519,51.2007053,8310
t-pallieterke,3.2187292,51.2042799,8000
chicken-tok-tok-brugge,3.2187693,51.2049316,8000
kebap-nisa,3.2193108,51.1982186,8200
bistro-flandria,3.2290843,51.199284,8000
king-kebab-8000,3.22894,51.2094748,8000
art-of-chocolate-bar,3.2273481,51.2096493,8000
t-friethuis-brugge,3.2001395,51.20143,8200
pizza-service-brugge,3.2274173,51.2095824,8000
kroketo,3.2385168,51.2123889,8000
vivo,3.2354431,51.2104322,8000
de-reitjes,3.2262257,51.2096699,8000
scoober-hub-brugge,3.2185317,51.2063137,8000
san-sushi,3.2231422,51.2100923,8000
burger-king-brugge,3.2240359,51.2085548,8000
sanchos-1,3.2222363,51.2084032,8000
cafe-cafe-1,3.2257526,51.2025331,8000
madam-traiteur,3.2362509,51.2110812,8000
chez-vincent-brugge,3.2216752,51.2060254,8000
wuakmole-latin-street-food,3.2360446,51.210934,8000
carlitos,3.2292827,51.2097494,8000
baristas-secret,3.2221812,51.2083914,8000
tanoshi-sushi,3.2264104,51.2096384,8000
subway-brugge,3.2191549,51.1974325,8200
jamiez,3.2250804,51.2031602,8000
bavet-brugge,3.2232199,51.2065067,8000
jaipur-indian-tandoori,3.2079029,51.2203619,8000
pitta-mr-food-brugge,3.2375995,51.1542688,8020
iran-chicken-grill,3.2084074,51.2038924,8200
casper-brugge,3.2356516,51.2104331,8000
irata-sushi,3.222095,51.2083657,8000
in-dish,3.2215809,51.2069637,8000
le-pain-quotidien-simon-stevin,3.2226314,51.2064078,8000
il-fuoco,3.1872996,51.1986098,8200
chocolalino,3.2257744,51.2077137,8000
curry-palace-tandoor,3.2289215,51.2094653,8000
pjs-pop-up,3.2294304,51.2068403,8000
pizza-talias-concept-brugge,3.2292098,51.199984,8000
garlic-n-greens,3.2247417,51.2097262,8000
ristorante-kwizien-divien,3.2248113,51.2076835,8000
moana-pokebowls,3.2240232,51.210994,8000
tea-room-zandkoekje,3.216075,51.2056295,8000
quick-brugge,3.2665545,51.2080239,8310
verdi-brugge,3.2246324,51.209546,8000
estaminet,3.2301658,51.2072394,8000
dominos-pizza-brugge-stationsplein,3.2195516,51.1979325,8200
ellis-brugge,3.2227352,51.2063236,8000
baronneke,3.2319513,51.1922476,8310
boba-bubbles,3.224956,51.202126,8000
speedy-snack,3.190252,51.1552923,8210
napolitano,3.22676,51.223938,8000
bruno-foodcorner-brugge,3.2193243,51.1965836,8200
kanikama-sushi-2,3.2247869,51.2095854,8000
elvino,3.209304,51.21556,8000
fueangbun-wiphada,3.2361562,51.21104,8000
frituur-passage-sint-michiels,3.2120082,51.190407,8200
gofre-breidelstraat,3.2258036,51.2086,8000
latelier-shop,3.2190456,51.2064969,8000
dunkin-donuts-brugge,3.2236397,51.208115,8000
in-t-vrije,3.2390246,51.2209589,8310
bellicious,3.2246337,51.203526,8000
gofre-katelijnestraat,3.2254474,51.203033,8000
lhasa-tibetan-kitchen-brugge,3.2360161,51.2107291,8000
sole-d-sud,3.2144568,51.205437,8000
pasta-bouff,3.1987923,51.1879511,8200
frietfarm,3.2192464,51.20525,8000
gfc-brugge,3.20775,51.2220189,8000
haoxuan-brugge,3.2070713,51.22231,8000
narai-thai,3.2145709,51.2051724,8000
indian-tandoori-bruges,3.2263446,51.202843,8000
pitta-de-kroon,4.04096,50.949387,9300
pizza-express-mere,3.956706,50.9269069,9420
you-you,3.9847027,50.9434713,9420
dominos-pizza-aalst-2,4.0389596,50.942126,9300
sapori-veri,4.0190965,50.9307691,9320
nyb-new-york-burgers,3.9562239,50.9265359,9420
route-46-erpe-mere,3.9524026,50.925087,9420
sushi-fuki,4.035519,50.943096,9300
viki-food-court,4.877295,50.90621,3390
kebabstore,4.9708248,50.9799202,3270
pizza-punto-3370,4.8209022,50.8474702,3370
pizzeria-1357,4.9867438,50.7537253,1357
eetcafedevierslag,5.1079068,50.8073043,3440
pizza-hut-delivery-tienen,4.9353169,50.8134358,3300
dominos-pizza-tienen,4.9366282,50.8075459,3300
pizza-desperado,4.834623,50.841038,3370
eethuis-musti,4.8914991,50.8221402,3300
m84u,5.0969517,50.8068626,3440
saray-tienen-1,4.9563972,50.8006942,3300
pizza-angelo-tienen-1,4.9431257,50.8126946,3300
pasta-mamma-mia,4.9340347,50.8092535,3300
nazar-kebap,4.9383136,50.8071283,3300
grill-metin,4.9394094,50.8066648,3300
pizza-napoli-bunsbeek-1,4.9459863,50.8418517,3380
nazar-side-tienen,4.9320733,50.8096291,3300
pizzeria-bella-vissenaken,4.9183471,50.8375087,3300
maara-uno,5.0213554,50.8396305,3350
dominos-pizza-poperinge,2.729452,50.8556098,8970
pizza-forrientez,2.7294853,50.8552225,8970
pizza-milano-oostakker,3.7628303,51.1009135,9041
pizzeria-vaillance,4.306626,50.8359183,1070
al-hamidine,4.3265343,50.824517,1190
miss-waffle,4.2801238,50.8199874,1070
snack-saint-guidon-2012,4.3061951,50.8349281,1070
sushic,4.2947917,50.8358321,1070
snack-dems,4.3016666,50.8278274,1070
la-zone-100,4.3369131,50.8583283,1080
la-friterie-red,4.2932346,50.8212319,1070
o-bon-coin,4.3319583,50.8511515,1080
fubao-uccle,4.3366973,50.800641,1180
bagel-jackson-anderlecht,4.3064679,50.8338158,1070
au-grain,4.2878051,50.8377747,1070
al-baron,4.3061998,50.8353932,1070
dominos-pizza-asse,4.1985273,50.910885,1730
les-mysteres-du-cygne,4.3023348,50.8332173,1070
thai-bangkok,4.3534405,50.8532936,1000
samys-coffee,4.2849871,50.8196768,1070
la-storia-anderlecht,4.3003921,50.8357634,1070
delices-de-beirout,4.3096052,50.8479496,1070
pizza-hut-delivery-dilbeek,4.2694325,50.8442687,1700
kebab-bizet,4.2987251,50.8254856,1070
la-cucina-anderlecht,4.3024458,50.8321029,1070
traiteur-sandro,4.3072242,50.8381842,1070
pizzeria-papino-1,4.2602085,50.8435409,1700
so-sushi-dilbeek,4.2573581,50.8707578,1702
obizet,4.2986918,50.8255125,1070
pizza-king-family,4.3283698,50.856907,1081
kasbah-dasie,4.3066346,50.8340799,1070
les-larmes-du-tigre,4.3506121,50.8355877,1000
pizza-roma-1070,4.3079334,50.8357618,1070
frituur-drie-koningen,4.2755468,50.8451296,1700
thai-wok-express-anspach,4.3566988,50.835942,1050
plein-nr-12,4.2644906,50.8482448,1700
incontro,4.2933607,50.8206596,1070
durum-express,4.303581,50.8475034,1070
ollis-burgers-bar,4.257136,50.8367139,1700
youwok-anderlecht,4.2870944,50.8387823,1070
house-food,4.3092514,50.8351069,1070
guler-pide-kebab,4.3097825,50.8354833,1070
bazi-boulangerie,4.30667,50.834183,1070
hawaiian-poke-bowl-westland-shopping,4.2870944,50.8387823,1070
street-wok,0.0,0.0,
bbq-royal-anderlecht-1,4.3073015,50.83482,1070
asian-food,4.3366998,50.8006947,1180
le-chapeau-blanc-associes,4.3077872,50.8348658,1070
we-wok,4.3280281,50.8494477,1080
sandwicherie-bb-gourmand,4.2931191,50.8202843,1070
snack-house-groot-bijgaarden,4.2639294,50.8709662,1702
family,4.3405033,50.8766627,1020
dolce-italia-bruxelles,4.3110836,50.8480817,1070
les-marseillais-berchem-sainte-agathe,4.2953007,50.8665402,1082
wazawok-anderlecht,4.2807279,50.819394,1070
marinah,4.305918,50.8349879,1070
la-pizzetta-1,4.3035919,50.8348761,1070
steakhouse-prince-de-liege-1070,4.2993289,50.8467586,1070
la-fermette-anderlecht,4.2991263,50.8363084,1070
total-anderlecht-ceria,4.2920699,50.8187593,1070
orient-kitchen-1080-1,4.3125276,50.8586546,1080
le-belle-vue,4.306837,50.8347086,1070
dominos-pizza-anderlecht,4.2971408,50.8247033,1070
fritibel,4.2957066,50.8239036,1070
mobs-drinks-food,4.2648025,50.8710135,1702
snack-4-you,4.2958255,50.8240914,1070
snack-mirvan,4.3084661,50.8352676,1070
bi-food,4.291437,50.8464707,1080
les-vignes-du-liban,4.3504918,50.8386921,1000
la-maison-du-kebab-anderlecht,4.2999718,50.8354388,1070
zaatar-liban,4.303441,50.829112,1070
hills-donuts-anderlecht,4.2804621,50.8196494,1070
cleopatra-restaurant,4.3091843,50.8353842,1070
patisserie-bruxelloise,4.3064529,50.8346445,1070
chicken-crunch,4.2855443,50.8190111,1070
friterie-de-linde,4.3001559,50.8360019,1070
snack-lems,4.2943516,50.821392,1070
mobs-grill-halal,4.2649549,50.8709695,1702
le-zino,4.3106946,50.8389382,1070
pizzeria-dalessio-3,4.3389727,50.8291925,1060
best-grill-1070,4.2999137,50.8355777,1070
food-trip,4.3343965,50.8547389,1080
le-palais-dasie-comines,3.0041522,50.7661796,7780
man-wah-hamont,5.5434036,51.2490682,3930
yammyou-sushi,5.4351611,51.2279483,3910
liman,5.512514,50.998704,3600
eetcafe-parga,5.5068246,51.0004541,3600
ekoshop-foodstation,5.5074698,51.0016905,3600
euro-kebab,5.5321544,51.027906,3660
floryakebab,5.4752219,51.019872,3530
the-burgery-genk,5.4978881,50.9633208,3600
pink-pizza-genk,5.5223881,50.9964093,3600
mediterranean-fish-restaurant,5.508056,51.0008456,3600
yummy-burger-roeselare,3.1274829,50.9445866,8800
pretzel-king,3.122127,50.9480685,8800
pizzamaa,3.1644583,50.8399951,8560
pizzaco,3.1251744,50.7805606,59250
pizza-pita-kings,3.0602099,50.8902312,8890
ali-baba-et-les-40-saveurs,3.1251744,50.7805606,59250
pita-ela,3.1824152,50.8728694,8880
pizza-aversa-roeselare,3.1243796,50.9425078,8800
pizza-italia-vat-change,3.1220953,50.9400783,8800
al-maestro,3.1264966,50.784637,59250
melita-moorslede,3.0607631,50.890503,8890
olis-house,3.120371,50.9703346,8800
populair,5.6249084,50.861949,3620
da-vinci,5.4713044,50.8930375,3740
restaurant-malibu,5.5523338,50.8628717,3746
eethuis-bidos,5.653412,50.8904648,3620
dominos-pizza-bilzen,5.5153874,50.8711675,3740
ottoman-eethuis,5.5212681,50.8730912,3740
the-borly,5.4049223,50.9325605,3590
wok2go-2,5.51503,50.8717485,3740
mehmet-hoeselt,5.4899992,50.8487033,3730
pink-pizza-hasselt-2,5.3359299,50.9277756,3500
stela,5.0021347,51.1046623,2430
sushi-corner-geel-1,4.991115,51.162064,2440
volt,4.9908603,51.1618791,2440
dunya-kebab,4.866375,51.11452,2260
sultan,4.8821208,51.0534807,2230
max-pizza,4.8330195,51.1772165,2200
chef-kebab,4.8398966,51.1410312,2200
pizzeria-de-ster,4.9161535,51.0905238,2260
italian-chef,4.9892007,51.1614345,2440
de-chef-1,4.7776624,51.0524419,2221
pizza-point-westerlo,4.8682401,51.1235066,2260
pizza-efe-olen,4.8599987,51.1433937,2250
nikko-sushi,4.8329388,51.1769269,2200
koji-sushi-thai-geel-1,4.9908054,51.1615341,2440
doragon-sushi,4.7590381,51.1398919,2270
pizza-efe-westerlo,4.8717344,51.0875698,2260
pizza-sultan-westmeerbeek,4.8365614,51.0607777,2235
eethuis-istanbul-ramsel-1,4.8327207,51.0320949,2230
sultan-kebap-geel,4.9889729,51.1666658,2440
sushi-go-mol-1,5.1137273,51.1864432,2400
wasabi-sushi,4.7253011,51.0766004,2220
oasis,4.9451813,51.0973895,2440
eethuis-pasa,4.883327,51.0538633,2230
napoli-pita-pizza-hulshout,4.7883703,51.0752678,2235
istanbul-geel,4.9906752,51.1609827,2440
pizza-efe,4.7886443,51.0759414,2235
saray-pizza-kebab-2,4.9038049,51.1383619,2260
herentals-kebab,4.838171,51.1745451,2200
pasa-snack,4.989585,51.1654451,2440
hoso-maki,4.8335966,51.1801064,2200
dominos-pizza-geel-1,4.989902,51.160737,2440
het-westels-traiteureke,4.9156322,51.08681,2260
mynoa-sushi,4.86739,51.128338,2260
pastasciutta,2.8851068,50.8506925,8900
dominos-pizza-ieper,2.876717,50.849307,8900
tucker-food,3.0345345,50.78019,8940
la-taj,2.8872937,50.8505874,8900
sushi-bar,2.8882414,50.8520258,8900
frituur-chipz,2.8883292,50.8471864,8900
thai-noodles,2.8868265,50.8521864,8900
pizza-yolo-ieper,2.8864992,50.8543099,8900
pizza-roma-ieper,2.8868742,50.8508582,8900
cleopatra-poperinge,2.7291697,50.8559926,8970
sushi-at-home,2.8841058,50.852162,8900
munchies-ieper,2.8851024,50.8507025,8900
turkische-food,2.893423,50.852814,8900
the-pizza-valley-dranouter-8951,2.791276,50.7718066,8958
fika-ieper,2.8887074,50.851448,8900
pizza-express-genk-1,5.4891553,51.01293,3600
orentes,5.3730854,51.0318177,3530
oklava,5.392288,51.153099,3940
baskent-peer,5.4185639,51.1299453,3990
milas,5.3969554,51.1615201,3941
t-kebabske,5.3753281,51.0258352,3530
sude-snack,5.4576418,51.1310279,3990
leo-sushi-leopoldsburg,5.2610917,51.1173596,3970
baskent-3900,5.4032187,51.1953055,3900
de-pitstop-peer,5.4514067,51.1747341,3990
dominos-pizza-pelt,5.4339409,51.228445,3910
musty-kebab,5.358197,51.1261817,3940
mangalica-delicatessen,5.2665243,51.16197,3920
royal-donuts-bagels-bree,0.0,0.0,
wok-2-smile,5.5180782,50.9931398,3600
dominos-pizza-bree,5.59778,51.14063,3960
pizzeria-grillroom-dudi,5.7928862,51.0958982,3680
rana,5.5797481,51.1736447,3950
huzur-pizzeria-kebab-peer-1,5.4560267,51.1311405,3990
samara,5.5285518,51.1368855,3670
ambers-pizzalijn,5.638634,51.112926,3960
omas-ijs-1,5.5961394,51.1367898,3960
huzur-pizzeria-kebab-kinrooi,5.7423493,51.1447208,3640
boston-pizza-dilsen-stokkem,5.7460666,51.020157,3650
keyf-lounge,5.5835198,51.1401444,3960
bagelshop-houthalen,5.4802899,51.0248518,3530
canadian-burger-vise,5.6959147,50.7363041,4600
sebo-tongeren,5.4662026,50.8084433,3700
aux-grillades-dans-ans-1,5.5239177,50.6588138,4430
urban-hoeselt,5.487312,50.8498249,3730
oishii-sushi-asian-cuisine,5.340202,50.9311632,3500
pizza-tiamo,5.5652634,50.6602176,4000
sali-kebap,5.4635312,50.7802657,3700
pitta-point,5.5709341,50.8032244,3770
dominos-pizza-tongeren-1,5.4683025,50.7827589,3700
t-hoekske-3700,5.474018,50.7841913,3700
eethuis-taksim,5.5746671,50.8042765,3770
snack-pita-pizza-rocourt-1,5.5550145,50.6680613,4000
au-palais-des-saveurs-oreye,5.350352,50.7287203,4360
pita-ephesus-ans,5.5366125,50.6641724,4430
eat-point-tongeren,5.4733572,50.7833305,3700
de-5e-smaak,5.465832,50.7820661,3700
giuseppe-pasta,5.540798,50.67838,4000
limpero,5.5738945,50.654157,4000
nasip,5.527032,50.8888527,3740
nur-kebab-bilzen,5.5289695,50.8861168,3740
my-chili-factory,5.5407982,50.6783787,4000
point-bruch,5.694405,50.737843,4600
pita-antalya-3,5.431923,50.654633,4347
de-zus-van-marrit,3.7277488,51.0479456,9000
pizza-babbi-ledeberg,3.7412197,51.0361366,9050
happy-thai,3.7129105,51.0370691,9000
falafel-gent,3.726832,51.0373687,9000
athene-gent,3.7301867,51.0503627,9000
top-pizza,3.7145642,51.0026084,9052
broodpunt,3.7277853,51.057953,9000
basic-italian-sint-pietersstation,3.710421,51.036581,9000
miss-yu,3.7216844,51.0483433,9000
frituur-marcel,3.7296424,51.0412053,9000
belchicken-vrijdagsmarkt,3.7256969,51.0564022,9000
casa-gloria,3.7225456,51.0465092,9000
top-sushi-gent,3.752791,51.0521369,9040
mister-pizza-merelbeke,3.7468562,50.992883,9820
ediz-pizza-pita,3.8307237,50.9911311,9230
tasty-take-away,3.7263164,51.0357954,9000
pitaya-gent,3.7204521,51.0523119,9000
ikura-sushi,3.7239338,51.0580898,9000
currychiwa,3.7220436,51.0472091,9000
starbucks-station-st-pieters,3.7105302,51.0370669,9000
foodtruck-pitta-mustafari,3.7413306,51.036934,9050
frizzas,3.7219871,51.0465481,9000
petit-thai,3.7215199,51.0477463,9000
pitta-melissa-ledeberg,3.7404987,51.0372872,9050
magnum-and-benjerrys-store-gent,3.7338452,51.0486296,9000
pasta-bar-la-bicyclette,3.7060947,51.0302444,9000
frietcultuur-gent,3.7276007,51.0411497,9000
angelo-market,3.7344305,51.0566547,9000
oumi-sushi,3.7304782,51.0486856,9000
starbucks-korenmarkt,3.7223182,51.0548174,9000
andromeda,3.7254715,51.0402796,9000
gigi,3.7273791,51.055532,9000
qbap,3.730604,51.049376,9000
nub-smashburger,3.7229178,51.0538191,9000
zorba-de-griek-gent-1,3.7263061,51.0282328,9000
sushi-wetteren,3.8784973,51.0054133,9230
buzzy-snacks-gent,3.7235324,51.0448369,9000
friet-lounge,3.7266652,51.0374837,9000
pitta-sena,3.714077,51.037505,9000
orientali,3.7264723,51.0433965,9000
prima-donna,3.7254419,51.0403402,9000
midpoint,3.721763,51.0477064,9000
greenway-gent,3.7215667,51.0476086,9000
pauls-boutique-gent-station,3.7130025,51.036188,9000
tantuni,3.7475081,51.0528081,9040
basic-italian-i,3.7253795,51.0416319,9000
san-marco-gent,3.724059,51.0527692,9000
bocca-gent,3.7264925,51.0384268,9000
frituur-9000,3.731859,51.0497252,9000
la-rustic,3.7268687,51.0464304,9000
patrick-foleys,3.7195511,51.0500379,9000
gouden-paard,3.7458379,51.052901,9040
pizza-pitta-flora,3.764036,51.0193229,9820
yammi-yammi,3.7262916,51.0392263,9000
the-dinner-house,3.7188097,51.0422827,9000
sim-pizza,3.7207736,51.0266016,9000
cannur-kebab,3.8886878,51.0058452,9230
frituur-dampoort,3.7422671,51.0567311,9000
basic-italian-ii,3.7267321,51.0493577,9000
rasoi,3.7297615,51.0508013,9000
snack-tonton,3.72555,51.0415591,9000
burger-boutique-by-bruno-elise,3.7246992,51.0427975,9000
hot-falafel,3.7111842,51.0367551,9000
sushi-plaza,3.7293774,51.0511095,9000
de-appelier,3.7281995,51.0386801,9000
pantheon,3.7170398,51.0501011,9000
horn-ok-please,3.729534,51.0550372,9000
snack-tosi,3.7253756,51.0408567,9000
belchicken-overpoortstraat,3.7256541,51.0405161,9000
da-adriano,3.726014,51.0562288,9000
loving-hut-express-gent,3.7518016,51.0443479,9050
frituur-vlasmarkt,3.7279578,51.0558853,9000
in-den-oven,3.727335,51.0387021,9000
grill-mix-centrum,3.730271,51.050273,9000
stamcafe,3.7175096,51.0439615,9000
clemente-pizza-pasta-9000,3.725898,51.035455,9000
gulzig,3.7301033,51.0592696,9000
mogador-1,3.7243537,51.0533659,9000
agrea,3.725538,51.0531523,9000
sushi-ledeberg-1,3.7423121,51.0375854,9050
frituur-bxl,3.747029,51.0528918,9040
pizzafactory,3.7292351,51.0512263,9000
pizza-yavuz,3.7485857,51.0522166,9040
pizza-talias-concept,3.7101016,51.0388634,9000
oats-day-long-1,3.7218156,51.0477777,9000
de-walrus-gent,3.7100165,51.0502856,9000
laila-tandoori-restaurant,3.7099408,51.0372648,9000
pita-sude,3.7501562,50.9998937,9820
giuseppes-forno-a-legna,3.7229234,51.0542817,9000
pizza-stop,3.7465613,51.0388277,9050
frituur-heuvelpoort-9000,3.726667,51.0370599,9000
le-pain-quotidien-gent-korenmarkt,3.7211624,51.0542803,9000
poule-et-poulette,3.7222228,51.0545899,9000
collina-2-go,3.7457547,51.0425131,9050
the-taste-of-india,3.7232788,51.0546109,9000
corner-city,3.7627649,51.0310057,9050
holy-guacamoly,3.7150182,51.0378385,9000
dunkin-gent,3.7234406,51.0566373,9000
jaquet,3.7308743,51.049059,9000
the-crispy-crunch-diner,3.7133638,51.031243,9000
grab-a-wrap,3.725505,51.0405731,9000
chulo,3.72638,51.0563249,9000
frituur-nederkouter-gent,3.7222242,51.0464285,9000
snack-deniz-gent,3.7253941,51.0412191,9000
casper-1,3.7338452,51.0486296,9000
kingslize-pizza-gent,3.7307626,51.0387464,9000
destiny-asian-food-1,3.7232475,51.0525108,9000
fratelli-ditalia-gent,3.7252268,51.051153,9000
thaithanee,3.7300729,51.0504242,9000
halal-fried-chicken-gent,3.7217288,51.0535273,9000
asian-king,3.7223656,51.046617,9000
rosa-gent,3.747116,51.0528774,9040
tabouleh,3.7467169,51.0387482,9050
patisserie-gantoise-gent,3.7228873,51.0504214,9000
poke-point,3.716691,51.039957,9000
babu-gent,3.727302,51.048389,9000
otacos-gent,3.7230751,51.0535315,9000
snack-dodo,3.8018376,51.0304194,9070
pizza-diamond,3.751311,51.0017346,9820
foodmaker-gent-zuid,3.7298018,51.0483706,9000
brasserie-keizershof,3.7255249,51.0564791,9000
nat-thai,3.7445244,51.0440132,9050
le-pain-quotidien-kalandeberg,3.7253985,51.0515954,9000
delice-gent,3.7142189,51.0443843,9000
fusilli,3.7308157,51.0492118,9000
5th-gok,3.7252142,51.056655,9000
mana,3.720981,51.0436413,9000
bij-mia-maria,3.7273512,51.0480844,9000
the-peps-gent,3.7075596,51.0328584,9000
the-pizza-masters-gent,3.7416992,51.0367741,9050
bella-vista,3.7248156,51.0535738,9000
8tea5-ghent,3.7230089,51.0530721,9000
hawaiian-poke-bowl-gent,3.7310037,51.0490925,9000
pizza-overpoort-new,3.725391,51.0405137,9000
hawin-bakkerij-gent,3.7352987,51.0567129,9000
the-buzzy-bunch,3.7245434,51.0434922,9000
lucmoon,3.7437033,51.0358912,9050
moormoor,3.719882,51.052139,9000
mister-friet,3.7109707,51.0374461,9000
planet-yoghurt-pasta,3.7245172,51.0569542,9000
asian-corner-takeaway-gent,3.7230259,51.0531396,9000
ichi-bites,3.7265919,51.0397422,9000
tokyo-sushi,3.7251779,51.0541181,9000
japans-restaurant-amatsu,3.7239381,51.0552817,9000
the-fresh-princess,3.7131209,51.0366231,9000
mas-bakery,3.7304907,51.049618,9000
el-fogon,3.7254561,51.0536709,9000
yibei-tea,3.7271993,51.050446,9000
veggiezond,3.7108392,51.0361132,9000
pizzeria-pulcinella-gent,3.7433635,51.0405491,9050
maestro,3.8004919,51.0033413,9090
la-calzoneria,3.7240234,51.0528131,9000
bakkie-gent,3.7413307,51.0369347,9050
chicken-world-gent,3.7297433,51.0416463,9000
oasian-gent,3.7106311,51.037437,9000
pizzeria-da-toto-gent-gent,3.7099715,51.0405962,9000
honey-bunny,3.7262916,51.0392263,9000
lito,3.7332639,51.0489951,9000
shawarma-syria,3.7359849,51.0567378,9000
c-kitchen-gent,3.7270565,51.029125,9000
vier-mamas,3.72438,51.047447,9000
yokubo,3.7129903,51.040916,9000
hoy-pinoy,3.7356303,51.056904,9000
de-lange-friet,3.723511,51.056705,9000
eethuis-enjoy,3.7437656,51.040062,9050
yokoso-gent,3.7223995,51.052081,9000
ruba-gent,3.721568,51.047703,9000
ketchup-gent,3.7216525,51.052128,9000
way-1,3.7233596,51.052353,9000
ya-hala,3.7192426,51.0507243,9000
shack,3.745595,50.995,9820
cesar-pizza-snack-1,3.7373457,51.042915,9000
miyagi-san,4.3080144,50.8596658,1080
au-vogelenzang,4.2829328,50.8111853,1070
snack-baan-dilbeek,4.243635,50.818096,1701
lemir,4.2881296,50.8051781,1600
the-wemmels,4.3009225,50.91032,1780
bella-italia-lennik,4.161434,50.8086929,1750
pizza-hut-delivery-overijse-1,4.5012746,50.7861415,3090
pizzeria-venezia-1050,4.3877551,50.8232584,1050
moshi-mochi-la-hulpe,4.492459,50.73292,1310
dominos-pizza-genval-1,4.5146494,50.72519,1332
un-giorno-allimprovviso,4.6106105,50.716633,1300
so-sushi,4.4813264,50.685076,1380
snack-tops,4.3929502,50.818046,1050
makiline,4.3594764,50.8981766,1020
ninki,4.4052496,50.8220177,1160
taj-mahal-express,4.3796674,50.6856798,1420
beirut-plaza,4.6117248,50.718022,1300
la-sultana,4.6349001,50.7235113,1300
yotaya-overijse,4.4817684,50.7935938,3090
kameha-poke,4.6107208,50.7156449,1300
snack-loppem,4.5141147,50.8594957,1933
le-corner,4.3731167,50.8297674,1050
best-fresh,4.5350813,50.7713494,3090
le-soleil-de-marrakech,4.6120664,50.7123738,1300
pizzeria-avanti,4.5149886,50.7247572,1332
lebnan,4.4819386,50.793511,3090
belchicken-wavre,4.6106972,50.7140548,1300
bollywood-overijse-3,4.4812185,50.7938244,3090
chez-fleur,4.3845377,50.8184952,1050
le-petra,4.6110816,50.71591,1300
sensei-sushi-meiser,4.3997163,50.8551998,1030
sushi-midori,4.520508,50.71131,1330
pizzeria-prezzemolo,4.4036521,50.8195271,1160
kikowok-ixelles-1,4.3794415,50.8187443,1050
genco-pizza,4.51557,50.724545,1332
chamas-tacos-anderlecht,4.3088459,50.8353298,1070
restaurant-libanais,4.204404,50.6929186,1480
chamas-tacos-tubize,4.2033665,50.6914449,1480
friendzone,4.3785601,50.685546,1420
pizza-hut-halle,4.2314713,50.7368303,1500
baracca,4.2213482,50.7143953,1502
frituur-lorient-express,4.2309004,50.7315003,1500
pa-mi-pa-ella,4.3164747,50.809879,1190
wang-buizingen,4.2623517,50.748233,1501
wok-style-original,4.3122046,50.6878477,1440
moshimochi-1,4.2053097,50.6917559,1480
delice-du-liban,4.3368632,50.8009261,1180
yuan-traiteur,4.2925672,50.7838981,1601
lorchidee-de-chine,4.2032331,50.6910318,1480
mister-greek,4.2441208,50.7796134,1600
taverne-marina,4.2427236,50.7792024,1600
casa-di-mio,4.1977913,50.7200815,1502
in-de-molen,4.1896792,50.7174542,1502
cicek-kebab,4.3285403,50.8332944,1070
miams-burger-saint-gilles,4.3433057,50.8297152,1060
tamishan-sushi,4.3783799,50.6857678,1420
new-time,4.312879,50.7955185,1620
mags,4.2392777,50.7322382,1500
dolce-italia-tubize-1,4.2029295,50.691025,1480
bg-braine-lalleud,4.3649548,50.6969678,1420
la-casa-del-papino,4.2371978,50.7371861,1500
njoy-1,4.2374805,50.737475,1500
la-pomme-waterloo,4.3140455,50.6881036,1440
los-gringos-1,4.1581656,50.7062156,1480
belchicken-halle,4.2358255,50.73407,1500
kameha-poke-braine-lalleud,4.374693,50.684566,1420
les-filles-da-cote,4.1593547,50.706455,1480
boelekewis,4.2798626,50.7390346,1653
bronx-burger,4.366661,50.8251788,1050
bella-pizza-1600,4.2699946,50.7868755,1600
boul-lauli-burger,4.2970257,50.683765,1440
au-fourneau-de-braine,4.1168156,50.598553,7090
dominos-pizza-sint-pieters-leeuw-1,4.2880907,50.801666,1600
o-thai-neder-over-heembeek,4.3852604,50.8946729,1120
bellanata,4.2363723,50.7315265,1500
shaka-sushi,4.3122046,50.6878477,1440
pizzeria-dalessio-1480,4.2283206,50.6807843,1480
soupes-emois,4.3127184,50.687866,1440
night-shop-delivery,4.3578145,50.7458809,1640
au-bon-coeur,4.2621964,50.7486146,1501
fresca-oudenaarde,3.6028256,50.8448432,9700
dominos-pizza-oudenaarde,3.6028311,50.8444777,9700
el-gusto-oudenaarde,3.6133509,50.849686,9700
pitta-grill-t-parkske-2,3.6096502,50.8456491,9700
sushi-city-oudenaarde,3.6037232,50.8429595,9700
tandoori-home,3.6096396,50.8420025,9700
pizza-talia-oudenaarde,3.602487,50.8513526,9700
place-2-eat,3.1296242,50.9483796,8800
donatellos-pizza-izegem,3.2030779,50.92098,8870
t-friet-stekkerke,3.2379377,50.886345,8860
la-campagna,3.314756,50.8319244,8530
tibet-taste,3.2774243,50.8226515,8500
pizza-hut-delivery-harelbeke,3.3144841,50.85821,8530
fiona-pizzeria,3.2891807,50.8512441,8520
dominos-pizza-harelbeke-gentsestraat,3.3151658,50.8586187,8530
dar-es-salaam,3.287144,50.8505236,8520
pizza-royal-waregem,3.427323,50.8917936,8790
pizza-di-roma-harelbeke,3.2993757,50.8468746,8530
mc-buffet,3.4306791,50.8875816,8790
big-bites,3.3500609,50.8165513,8550
mustachio-harelbeke,3.305516,50.8520604,8530
agencys-grillhouse,3.2597676,50.8343804,8500
de-platse,3.2372797,50.88624,8860
polska-kuchnia-w-belgii,3.4501502,50.9148106,9870
rettes-burgerbar,3.3029273,50.850334,8530
pizzeria-da-rony,3.3158276,50.8594848,8530
paolo-2,3.286834,50.8524973,8520
pizza-leie,3.3456118,50.873745,8791
chez-da-fano,3.1952803,50.7253854,7700
pizza-papa-paolos-kortrijk-2,3.27934,50.8344074,8500
pitta-nazar,3.2843159,50.8204079,8500
sesam,3.2649605,50.8285082,8500
dominos-pizza-wevelgem,3.1847692,50.80927,8560
dominos-pizza-kortrijk-waterpoort,3.2640004,50.826454,8500
o-grill,3.1953132,50.7253972,7700
noor-pizza,3.2801325,50.8078304,8500
le-samourai,3.2180702,50.7434645,7700
eat-co,3.2702914,50.8501342,8520
fluffy-falafel,3.2770406,50.8315539,8500
palombino-pizzeria-napoletana,3.2275344,50.7405282,7700
meat-heat,3.2878329,50.8377906,8530
masala-express-1,3.279237,50.8083945,8500
stop-by-arthus,3.2167653,50.7642688,8511
xu-jian-li,3.1878721,50.7528172,7700
pizza-hut-delivery-kortrijk-1,3.2586955,50.825749,8500
the-noodles-bar,3.2846286,50.801063,8500
sakura-kortrijk,3.2790834,50.8083204,8500
royalfin-sushi-kitchen,3.2138324,50.817287,8560
frituur-puur-harelbeke,3.3153458,50.859158,8530
jeronimos-pizza,3.2694068,50.818043,8500
my-pizza-kortrijk,3.2645729,50.8252362,8500
viva-la-snack,3.1851952,50.80947,8560
dinneryou,3.8599658,51.170444,9185
belchicken-lochristi,3.8335221,51.0965551,9080
pizza-heat-temse,3.8491631,51.1736426,9185
sixtyone,3.8579406,51.1687661,9185
tokcel,4.0255789,51.0921674,9160
pitza-service-lokeren,3.994046,51.102439,9160
dominos-pizza-lokeren,3.9879943,51.1037869,9160
de-pyramide-9160,3.9876408,51.1033817,9160
mersan,3.9879605,51.1038131,9160
kangei-sushibar,4.1423393,51.1704588,9100
pizza-hut-delivery-lokeren,3.9824944,51.1105802,9160
umai-sushi,3.9875732,51.1066452,9160
karine,4.1055125,51.0448154,9200
pellys-nachos,4.0224318,51.0616205,9240
kaai-31,4.1352205,51.1042591,9220
royal-donuts-lokeren,4.0163172,51.0933414,9160
pizza-lestina,3.9876484,51.1028682,9160
sakimi-sushi-zele,4.0386815,51.0678291,9240
bosphorus-lokeren,3.9928181,51.1038132,9160
pitta-alpay-9080,3.9004134,51.1076122,9080
pita-home,3.9879205,51.1060883,9160
pizza-heat-ochange,4.1005003,51.11471,9250
pitta-karine,4.0986522,51.0290797,9200
pizza-heat-zele,4.0444916,51.0686767,9240
pizza-time-eksaarde,3.9538831,51.1459043,9160
squisito-belsele-1,4.0832167,51.145634,9111
istiklal-breakfast-lunch-9240-zele,4.035165,51.06685,9240
pizza-pazzi,4.043608,51.157227,9112
antwerpen-fried-chicken-5-sint-niklaas-1,4.1410425,51.1648853,9100
brasserie-de-laatste-afslag,3.8812744,51.1552123,9185
pizza-maestro-belsele,4.0850115,51.14608,9111
pitta-diana-1,3.5638525,51.185037,9900
le-printemps-spiere-helkijn,3.3553591,50.7176384,8587
pizza-florida,3.47281,50.839714,8570
wokbar-waregem,3.4042052,50.9047078,8793
de-milano,3.3571199,50.7181397,8587
pizza-taliano,3.3179776,50.8154097,8550
excellasagne,3.4657328,50.9362129,9870
den-toren,3.3024221,50.8500962,8530
friet-shop-online,3.2690427,50.81976,8500
pizza-club,4.5440302,50.8884334,3070
de-pizzabakker,4.51349,50.90793,1820
snack-kalender,4.4504362,50.8678838,1932
sora-sushi,4.5799067,50.9490771,1910
mekong-river,4.4708094,50.8848932,1930
can-pizzeria,4.4337607,50.9278947,1800
chamas-tacos-schaerbeek,4.3671093,50.8636621,1030
snack-bodrum-zaventem-1,4.4725341,50.882133,1930
poke-dream-vilvoorde1800,4.370733,50.902428,1800
sawadee-thai,4.4706954,50.8868654,1930
euro-pizza-grill,4.57991,50.949074,1910
gelateria-dell-osteria-michele,4.5397908,50.8855461,3070
mikazuki,4.505843,50.877693,1930
snack-express-1,4.471298,50.890575,1930
pizza-pisa,3.7264021,51.0643909,9000
atlas-lunch-en-grillroom,3.811369,51.199245,9060
grillhuis,3.6993661,51.062301,9000
ottoman-grillhouse-gent,3.7099395,51.0717715,9000
de-pyramiden,3.7467088,51.1785108,9940
pita4you-zelzate,0.0,0.0,
punjab-tandoori,3.7259917,51.0610131,9000
dominos-pizza-gent-rooigemlaan,3.6937635,51.0614498,9000
selale-restaurant,3.7095352,51.0638718,9000
pizza-aurelia-gent,3.7306784,51.071333,9000
asian-delight,3.726521,51.0379836,9000
anatolies,3.7142608,51.1166965,9940
gewoonanders,3.7044528,51.0734988,9000
pizza-king-gent,3.7264744,51.0651573,9000
pitta-saray-gent-1,3.7301856,51.0835057,9000
lfc,3.8113531,51.1993205,9060
pitta-izmir-2,3.7467185,51.1802528,9940
maison-sahra,3.7423808,51.0556319,9000
wok-yu-gent,3.7258194,51.0391202,9000
pitta-canan,3.700181,51.0616385,9000
atlas-seafood,3.8120057,51.199436,9060
antwerp-fried-chicken-2,3.7104297,51.0607257,9000
de-saffraan-gent,3.7272862,51.0618837,9000
pitta-can-9040,3.7498953,51.062187,9040
saffuriya-sweets,3.7090763,51.0644439,9000
pizza-heart,3.7298538,51.06919,9000
kates-kitchen,3.7179079,51.0628246,9000
marmara,3.8055828,51.2009456,9060
spice-slice-gent,3.7093467,51.0737116,9000
frituur-fonteintje,3.696534,51.0621825,9000
snackbar-yasmin,3.7095474,51.0712026,9000
pizza-ozy,3.6796668,51.1325761,9940
urban-pizza-gent,3.7461081,51.0531394,9040
bakkerij-sari,3.6621747,51.102074,9940
sushi-zelzate,3.8113058,51.2003758,9060
art-sushi-gent,3.716415,51.0842489,9032
limo,3.8074725,51.2019657,9060
pizza-time-evergem,3.7086842,51.1081395,9940
pitta-pizza-ludwig,3.6796668,51.1325761,9940
pizza-bella-wondelgem-1,3.7158897,51.0906052,9032
pizza-mia-gent-3,3.7186136,51.0417705,9000
ottoman-pizza-bbq-gent-9000,3.6932049,51.06103,9000
tokcel-gent,3.7752896,51.1186071,9042
indian-thai-resto-gent-9050,3.7459772,51.03779,9050
snack-overpoort-gent-9000,3.725667,51.039307,9000
pizza-de-hoek,3.7306783,51.071335,9000
pizza-d-lux,3.65613,51.0506749,9031
feeha-vof,3.7310747,51.0730654,9000
diverto,3.6792174,51.1277762,9940
the-good-pizza,3.575232,51.1800525,9900
pizza-roma-herent,4.692179,50.9236701,3020
peppino-pazzo-haacht,4.6336619,50.9769956,3150
na-kampenhout,4.5365663,50.9323043,1910
t-frietboerke,4.6361631,50.9770505,3150
napoli-pizza-grill,4.6756146,50.9083137,3020
burger-at-home,4.5379418,50.9333642,1910
pizzeria-saray-herent,4.619825,50.938774,3020
pizzeria-evin,4.7222932,50.9043522,3010
dominos-pizza-leuven-1,4.7136686,50.8822761,3000
soroki-sushi,4.7441438,50.8776954,3010
broodjeszaak-de-roos,4.6998805,50.8743144,3000
snack-dilan,4.7197713,50.8836767,3010
tasty-food-leuven,4.7079149,50.8752133,3000
casa-mia-leuven,4.7013546,50.8782579,3000
new-york-pizza-leuven,4.6990148,50.868771,3000
hawaiian-poke-bowl-leuven,4.7045603,50.8771967,3000
pizza-ti-amo-leuven,4.6914768,50.8745392,3000
stuffed,4.7056888,50.8799811,3000
brasserie-foyer,4.700244,50.8803293,3000
la-piazzetta-leuven-1,4.69913,50.8818134,3000
het-grotteke,4.6885934,50.8759081,3000
frituur-de-ring,4.7139925,50.8738281,3000
sahtain,4.7089303,50.8810037,3000
tmore-enjoy,4.7016605,50.881109,3000
de-smullende-heks,4.7136373,50.8821831,3000
de-pasvite,4.703201,50.87856,3000
frituur-movie-bij-patrick,4.7118041,50.8761368,3000
entreprise,4.7006952,50.8784067,3000
de-friettoerist,4.6908048,50.8791915,3000
oinaris-1,4.6992843,50.8789016,3000
ruba,4.7053743,50.8770329,3000
l-italiano,4.7044444,50.879107,3000
frituur-den-dreef,4.6970522,50.8670055,3001
lavinia,4.7024747,50.8789391,3000
damasco,4.703391,50.8773949,3000
lettuce-new,4.7029277,50.8786861,3000
casper-leuven,4.6990958,50.8773421,3000
scoober-hub-leuven,4.7184246,50.8837358,3010
bar-nine,4.699849,50.8782733,3000
ohfresh,4.7036942,50.8798753,3000
you-sushi-leuven-1,4.7022505,50.87825,3000
loco-pizza-2,4.7090521,50.87404,3000
nia-hao,4.713277,50.8737327,3000
grill-huis,4.7245528,50.9306343,3012
masaya,4.6556004,50.9158814,3020
kfc-leuven,4.7001666,50.8791717,3000
pizzeria-alma,4.7301188,50.87551,3010
quetzal-de-chocoladebar,4.703391,50.8773949,3000
t-eethoekje,4.6961123,50.8729626,3000
pizza-american-leuven-1,4.7075577,50.8760688,3000
piano-a,4.7087307,50.8782052,3000
grill-service,4.713554,50.8820908,3000
magnum-and-benjerrys-store-leuven,4.6990958,50.8773421,3000
laurora,4.6752135,50.8752729,3001
tsuru-sushi,4.7180223,50.8850541,3010
the-rolling-dogs,4.7055648,50.8801109,3000
macroni,4.7156895,50.8813682,3000
newway-leuven,4.7089882,50.8760583,3000
hokkaido-sushi,4.6994963,50.8809579,3000
billys,4.7101555,50.8751205,3000
burger-king-leuven,4.7032349,50.8794863,3000
tian-tan,4.6961587,50.8805661,3000
kyoto-1,4.7138453,50.873652,3000
the-bake-off,4.7097567,50.8814067,3000
new-holycow,4.7005858,50.8766959,3000
past-a-porter,4.6993375,50.8789402,3000
pizza-hut-delivery-leuven-1,4.6978487,50.8689891,3000
t-fritwinkeltje,4.7074781,50.8819542,3000
dominos-pizza-leuven-naamsevest,4.6991668,50.8687906,3000
pain-quotidien-leuven,4.6992387,50.8785671,3000
taj-mahal-leuven,4.7015013,50.878252,3000
istanbul-leuven,4.7001891,50.8788052,3000
kalypta,4.6996474,50.8789379,3000
frituurstation,4.7175571,50.8821671,3010
timory,4.696679,50.8804633,3000
la-lumaca,4.720604,50.8723466,3001
sushi-leuven,4.7034119,50.878264,3000
cheekofte-wraps,4.7086952,50.8811526,3000
sapori-del-sud-kessel-lo,4.727795,50.8842921,3010
sewar-snack,4.7133678,50.8822221,3000
ali-baba-leuven,4.7000875,50.8788873,3000
wurst-leuven,4.7006411,50.8800411,3000
de-appel,4.708248,50.8781569,3000
daglijke-broodje,4.6828076,50.876704,3001
palmyra,4.6976137,50.8762078,3000
otomat-leuven,4.7037898,50.877928,3000
bavet-leuven,4.703471,50.8787345,3000
hungry-eye,4.7004703,50.8774071,3000
namaste-leuven,4.7008608,50.8774765,3000
croque-n-roll,4.7038398,50.8778947,3000
il-pastaio-kessel-lo,4.718168,50.8853336,3010
domus,4.7029987,50.8786654,3000
mythai,4.6996709,50.8800965,3000
pesce-innamorato,4.710886,50.8774472,3000
pepes-taste,4.7072538,50.876157,3000
annapurna-leuven,4.7154723,50.8735533,3010
loempialand,4.7043787,50.8755275,3000
oh-my-kimchi,4.6998221,50.8812456,3000
kiku-sushi,4.6735808,50.9071013,3020
thai-time,4.7092226,50.8754846,3000
asian-express,4.6951414,50.8805742,3000
greenway-leuven,4.6994873,50.8790401,3000
capital-88,4.6955359,50.8859854,3000
falafel-habibi,4.7223114,50.8829498,3010
le-graal,4.7025288,50.8791639,3000
xiongmao-panda,4.6988377,50.8691249,3000
poule-poulette-leuven,4.7035406,50.8783755,3000
de-grillekes-heverlee,4.6977386,50.8679024,3001
la-favola,4.7016734,50.8781803,3000
wasbar-leuven,4.7032114,50.8787652,3000
wolfgang-leuven,4.7061776,50.8766226,3000
foodbar,4.6931414,50.8807485,3000
potala-momo,4.6993009,50.8784953,3000
chick-n-dip,4.7099246,50.8750599,3000
pizza-service-kessel-lo,4.7188283,50.8835955,3010
new-mexico,4.7030159,50.8779874,3000
san-marino-wilsele,4.7134202,50.9096649,3012
pizza-pirkan,4.7255916,50.8841764,3010
de-blauwe-schuit,4.7005044,50.8801566,3000
wabi-sabi,4.7014859,50.8783008,3000
tabi-loo,4.7006603,50.8773485,3000
piccolo-leuven,4.708638,50.8802874,3000
kebab-company,4.7156895,50.8813682,3000
siam,4.6960553,50.862115,3001
osteria-michele,4.703681,50.8781676,3000
nobu-sushi,4.7181333,50.8845593,3010
yamy-food,4.6960742,50.8804476,3000
kintsugi-sushi-bar-grill,4.714087,50.8819728,3000
frituur-friet-burger,4.7182895,50.885308,3010
punto-caffe,4.6987729,50.8796313,3000
pasta-ruffo,4.7036677,50.877701,3000
pizza-sole-mio-1,4.700268,50.878939,3000
taverne-fonske,4.7031954,50.8789581,3000
deli-sushi-1,4.7019346,50.8781938,3000
dar-za,4.7088717,50.8811644,3000
ascoli,4.7027911,50.8781668,3000
falafel-top-leuven,4.7090036,50.8813629,3000
mcdonalds-bondgenotenlaan,4.7096446,50.8801246,3000
bia-mara-leuven,4.7032734,50.8784517,3000
loco-pizza,4.699806,50.8784156,3000
subway-leuven,4.7029472,50.8792258,3000
de-nijl-1,4.7001928,50.8756293,3000
wokmomohouse,4.6986344,50.8778252,3000
letoille-dor,4.7140735,50.8818613,3000
frituur-belgium,4.7001779,50.8790955,3000
thai-house-leuven,4.7041143,50.8772888,3000
everest-quick-food,4.6809228,50.899152,3020
notcake,4.7019489,50.8796705,3000
ah-quy,4.7037426,50.8772785,3000
sushimamab-take-away,4.699026,50.8783167,3000
mosaic,4.6992015,50.8774314,3000
la-cantina-del-coronel-leuven,4.7016241,50.8782485,3000
taste-of-asia-leuven-3,4.6981545,50.880025,3000
asian-bowl,4.6980056,50.8797884,3000
fritboutique,4.7042772,50.8773483,3000
belchicken-leuven,4.7030847,50.8789829,3000
otacos-leuven,4.7029453,50.8792255,3000
bocata,4.7096229,50.8765466,3000
the-fonteintje,4.6937743,50.8817823,3000
rotis,4.6985517,50.8796174,3000
bite,4.7032044,50.8785501,3000
yammi-yammi-ramen,4.699683,50.8787836,3000
sibz,4.7070527,50.87959,3000
kibo-sushi,4.7203077,50.8722038,3001
professor,4.700614,50.8783183,3000
pane-vita,4.703269,50.879431,3000
jagats-place,4.6994459,50.8719698,3000
burger-folie,4.7011658,50.8783062,3000
baguette-salad-bar,4.6987789,50.8779438,3000
de-klimop,4.7141627,50.8807833,3000
tandoori-masala,4.702185,50.8782051,3000
boccone,4.703101,50.878914,3000
helis,4.7044089,50.8772715,3000
ellis-leuven,4.7009818,50.8783153,3000
sushi-mama,4.6913601,50.8744439,3000
el-sombrero,4.6967273,50.8817114,3000
de-nacht-wacht-dranken-snacks,4.7243747,50.8842524,3010
buddha-house,4.7063699,50.8765718,3000
saki,4.700542,50.8768927,3000
chinese-muur-heverlee,4.697528,50.8672702,3001
dunkin-donuts-leuven-leuven,4.6998394,50.8793907,3000
d-afroflavours,4.7000213,50.873634,3000
exotic-mini-market,4.6974785,50.8672562,3001
bodhi,4.6981869,50.8844702,3000
fuji-sushi,4.708377,50.875813,3000
fritur-boem-patat-leuven,4.718688,50.880127,3010
nepal-delight-leuven,4.706363,50.87647,3000
barouche-leuven,4.703421,50.87862,3000
banh-mi-kiosk,4.703391,50.877396,3000
kebab-leuven-new,4.7055925,50.8803556,3000
merdin-1,4.7230861,50.8841354,3010
wiseguys,4.7085133,50.875595,3000
the-daily-leuven,4.708701,50.8802628,3000
tikka-masala-house,4.7052004,50.877103,3000
t-krokrantje,4.7286531,50.879183,3010
frituur-sportcentrum,4.6945026,50.8696195,3001
food-factory-leuven,4.7101555,50.8751205,3000
the-vexican,4.703391,50.877396,3000
pitaya-leuven,4.7026234,50.8787773,3000
t-galetje-leuven-leuven,4.7001824,50.879093,3000
kapu-top-friet-leuven,4.691674,50.874176,3000
quo-vadis,4.7022899,50.8782351,3000
mio-pasta-leuven,4.6989107,50.87781,3000
balls-glory-leuven-1,4.7037355,50.8780204,3000
new-maan-pizza-wok-burger,4.7196363,50.8780503,3010
harumi-sushi-bar,4.5091005,50.8247317,3080
pizzeria-pinocchio-1930-zaventem,4.4733726,50.8843595,1930
al-dente-evere,4.415439,50.8591556,1140
sakura-1,4.4466371,50.8672499,1932
pizza-dino-21,4.5132418,50.8246451,3080
indian-royal-food,4.6937134,50.880598,3000
boston-pizza-burgers-2,4.5524114,50.8897114,3070
larch-en-grez,4.688797,50.7474308,1390
rapido,4.6144824,50.7142373,1300
grezio-grez-doiceau,4.6981469,50.7385963,1390
pizzeria-morenas,4.6663066,50.8402925,3050
comptoir-du-ry,4.5947578,50.7260852,1300
babel,4.6090304,50.7164363,1300
yummywok,4.6107531,50.7174096,1300
brasserie-daneels-chaumont-gistoux,4.69139,50.6870243,1325
donos-pizza,4.6208931,50.7165558,1300
pizza-venist,4.3919577,50.8532963,1030
mega-grill-grez-doiceau,4.6497366,50.7356441,1390
dominos-pizza-overijse,4.5429265,50.7725613,3090
sushi-house-wavre,4.610641,50.7141847,1300
dolce-vita-la-hulpe,4.4874031,50.730915,1310
eight-sushi,4.4861468,50.7918973,3090
cinnamon-curry,4.3870096,50.836975,1040
ali-baba-3,4.5392365,50.77303,3090
pizzaya,4.6098228,50.717377,1300
snack-istanbul-wavre-1300,4.6070235,50.7170552,1300
le-syrtaki-wavre,4.6108502,50.7162603,1300
indian-flavour-ixelles-1,4.3634576,50.8352316,1050
brozen-wavre,4.6126847,50.711967,1300
bebe-chouchou-et-moi-1,4.6105544,50.7174949,1300
subayaku-geraardsbergen,3.8788191,50.7717301,9500
bij-sylvia,3.8136228,50.8677766,9620
sint-lievens-sushihuis,3.8708243,50.9210548,9520
pizza-town-houtem,3.8538031,50.9207779,9520
chapos-zuid-en-noord,3.7305576,51.0542128,9000
pizza-palace-9185,3.8594472,51.1710686,9185
dominos-pizza-zottegem,3.8114619,50.8693028,9620
pizza-heat-zottegem,3.8137834,50.8691898,9620
pizza-heat-3,3.8849514,50.9021836,9552
pizza-pitta-lara-1,3.8140589,50.8689952,9620
pizza-pita,3.8137421,50.8684049,9620
juicy-zottegem-1,3.8113322,50.869076,9620
pitta-melita-oosterzele,3.8041969,50.9460015,9860
china-fun-lier-1,4.5758816,51.1441051,2500
bonsai-sushi-1,4.5698896,51.1291934,2500
frituur-t-kapelleke,4.472128,51.1654131,2640
kingslize-pizza-lier,4.5621527,51.1305416,2500
noedels-en-co,4.5686003,51.1338019,2500
thai-xpress,4.566401,51.1317126,2500
indian-palace,4.5697508,51.131435,2500
sushi-sakura,4.5618296,51.1894624,2520
gospoda-52,4.569751,51.131435,2500
siam-rice,4.4465487,51.1725432,2640
rosario-lier,4.5693342,51.1300977,2500
pizza-service-2500,4.5683158,51.1337936,2500
sardinie,4.5655313,51.1344736,2500
ali-baba-1,4.5701273,51.1344772,2500
belchicken-lier,4.568338,51.1328127,2500
het-zoete-hoekske,4.4502565,51.1701137,2640
french-tacos-corner,4.4470579,51.1337986,2550
daily-pasta-mechelen,4.4759374,51.0311962,2800
dim-sum-mechelen-1,4.4796195,51.018894,2800
pizza-service-duffel,4.5010343,51.09533,2570
makaio-rumst-1,4.4508023,51.0940541,2840
dominos-pizza-mortsel-2,4.451355,51.170433,2640
den-esprit,4.3930326,51.169514,2610
eethuis-taha,4.430953,51.080901,2840
sushi-kioku-duffel,4.5001884,51.094833,2570
aras-snack,4.4462483,51.1326595,2550
pizza-meet-point,4.5029904,51.0952496,2570
duffelse-kebab,4.5099468,51.0954102,2570
pizzeria-valentino-1,4.495271,51.1246762,2547
wan-kou,4.3902363,51.1721564,2610
my-burger-1,4.386921,51.1866464,2020
eethuis-van-gogh-berchem,4.4271969,51.1841675,2600
sushi-king-duffel,4.5018015,51.0955279,2570
honderd-jaar,4.4455641,51.1337373,2550
la-cabane-waarloos-1,4.4512937,51.1080971,2550
shinsei-sushi,4.4633588,51.1509763,2540
connect24-7-api-testshop,4.4349772,51.0840255,2840
favoriet,4.4793098,51.0266382,2800
restaurant-marmaris,4.3873492,51.1700383,2610
pizza-pasta-nr1-kontich-antwerpen,4.4520796,51.1342628,2550
shing-do,4.4478464,51.155544,2650
sasi-thai,4.4700187,51.0441261,2800
bella-rosa,4.4521842,51.1676609,2640
neon-nightdeliverybe,4.4520787,51.1472142,2650
sushi-service,4.4529685,51.1067315,2550
pizza-delicio-2,4.3939745,51.1832513,2610
say-pasta,4.3936739,51.1724123,2610
vero-napoli-kontich-1,4.4468262,51.1320362,2550
pizza-florence-kontich,4.4435816,51.135815,2550
pura-vida-foodbar,4.4356492,51.2153597,2140
nawaab-tandoori-antwerpen,4.4426288,51.2145557,2140
pizza-taxi-berchem,4.4423582,51.1971725,2600
pizza-talia-mortsel,4.4629962,51.1695566,2640
il-viadotto,4.4240106,51.2329328,2060
kofteci-tekin-antwerpen,4.4323571,51.2006431,2600
miku-sushi,4.4072107,51.225107,2000
quick-borsbeek,4.4780731,51.1945739,2100
burgers-fried-chicken,4.4264628,51.2113762,2018
snack-centraal-1,4.4351753,51.2145585,2140
bohobowl,4.4422115,51.2117844,2140
boudas-wok-deurne,4.4644825,51.2079495,2100
elif-grill-huis,4.4492091,51.1706303,2640
pita-amon,4.429736,51.2070018,2018
andalucia-borgerhout,4.4363998,51.2147067,2140
bookbinders,4.4676869,51.1994209,2100
snack-nakhil,4.4288729,51.2179847,2060
royal-sushi,4.4253563,51.189173,2600
friterie-24-deurne,4.4637887,51.2082454,2100
diamondpizzaberchem,4.422145,51.1967767,2600
mor-lakker-is-1,4.4426592,51.1965736,2600
mila-palace,4.4478081,51.2456912,2170
india-taste,4.5217071,51.2272688,2110
oremare,4.4913434,51.1586094,2530
starbucks-berchem,4.4313724,51.1998357,2600
house-of-health,4.4246309,51.1989914,2600
frituur-binnis,4.4310628,51.1893564,2600
nam-fong,4.466256,51.22293,2100
district-13,4.4382195,51.2104821,2140
royal-tokyo-sushi-bar-borsbeek,4.4860888,51.1940679,2150
mozaique,4.4697439,51.2091472,2100
queen-pizza-deurne,4.4591474,51.1988462,2100
atlantic-vishandel,4.4658269,51.2070455,2100
frituur-den-boomgaard,4.4287783,51.2001977,2600
poke-inn,4.4217081,51.1965431,2600
breadtaking,4.4546325,51.2199204,2100
plantbeest-by-tartelies,4.4427784,51.2005532,2600
zaytouna-lebanese-cuisine,4.4683328,51.2062652,2100
pepes-pizza-pasta,4.5064076,51.2254431,2110
china-meal,4.4620086,51.2332749,2100
pizza-pompeji,4.4527734,51.1975082,2140
cizbiz-donerland,4.4502062,51.227137,2100
nam-sam-deurne,4.465011,51.201015,2100
philly-sandwich-bar,4.4297404,51.2184607,2060
asian-house-antwerpen,4.4206377,51.220356,2060
snack-grill-berchem,4.4242343,51.1976017,2600
little-aloha,4.4644116,51.2080312,2100
yu-thai-1,4.4214446,51.2044167,2018
pita-verne,4.4855979,51.2023183,2160
morgana-ribs,4.4433647,51.2003117,2600
tomi-sushi,4.4474105,51.2003919,2140
big-bite,4.4838906,51.2028147,2150
pizza-vali,4.5187634,51.2268688,2110
qs-french-tacos,4.4410423,51.214007,2140
el-warda,4.4305595,51.2065217,2018
pyramide-wijnegem,4.5182991,51.227605,2110
semi,4.4326763,51.2008388,2600
friturist,4.444612,51.1949861,2600
carpe-diem-mortsel,4.4552754,51.1700773,2640
moshi-sushi,4.5942402,51.1819803,2520
oost-azie,4.4323852,51.2060832,2018
rai-sushi-wok,4.4557719,51.1695428,2640
pizza-service-plantin-en-moretuslei,4.4294052,51.2095173,2018
loving-hut-express,4.4322688,51.2055105,2018
kabuki-antwerpen,4.4296371,51.2071009,2018
falafel-king-1,4.4410522,51.2135835,2140
borgo-gelato,4.4423211,51.2158134,2140
pizzalijn-berchem-1,4.430622,51.1973852,2600
kingslize-pizza-berchem,4.4213132,51.1963018,2600
big-guy-burger,4.4671598,51.2067831,2100
la-rosa-broechem,4.6016273,51.1819222,2520
buenos-burgers,4.4649243,51.2075496,2100
sila-1,4.4285447,51.1872698,2600
cigkoftem-berchem,4.4260354,51.1980629,2600
pizza-monza-wommelgem,4.5231233,51.2041539,2160
frituur-2010,4.4308442,51.2189173,2060
arabesque,4.465059,51.2076757,2100
ghoshto-eethuis,4.443489,51.196373,2600
borgerholtse-frit,4.4522349,51.2096769,2140
ijssalon-pinguin,4.4632749,51.2081257,2100
frittur-sint-rochus,4.4637907,51.2034689,2100
freshmade,4.4395856,51.1999547,2600
hout-forni,4.4517737,51.2108649,2140
antwerp-foodbar,4.4774734,51.2285213,2100
anoot,4.4577185,51.1989682,2100
sushi-mankai,4.4387586,51.1561929,2650
himalayan-cuisine-berchem,4.4470951,51.2003117,2140
dinner-time,4.4552407,51.220322,2100
broodjes-beleg-co,4.4496838,51.1993061,2140
pizza-hut-delivery-deurne-zuid-2,4.4564139,51.20932,2100
frituur-boterke,4.4684248,51.2088344,2100
solav-kebab-antwerpen,4.4202459,51.2189946,2060
forno-alegna,4.4393991,51.2138627,2140
antwerpasta-antwerpen-1,4.3974358,51.1727475,2610
nagoya-sushi,4.4557176,51.2093839,2100
anteplim-baklavalari,4.4202304,51.1960915,2600
mama-mia-1,4.4191712,51.2103181,2018
coxinhou,4.4659639,51.2070505,2100
de-nijl-borgerhout,4.4512629,51.2114481,2140
foodmaker-berchem,4.4353264,51.1938659,2600
bbq-hema,4.4328129,51.2217456,2060
orient-kitchen-antwerpen,4.4282335,51.2111009,2140
fatihmarqt-pasta-coffeecorner,4.423511,51.2289983,2060
rinascente-eethuis,4.4594739,51.2202396,2100
frituur-t-koxke,4.4356155,51.2119912,2140
chills-corner,4.4283805,51.1988853,2600
dominos-pizza-deurne-1,4.4632578,51.2084598,2100
t-goudvisje,4.4622182,51.2218973,2100
new-york-pizza-deurne,4.4570617,51.2094519,2100
frituur-plantin,4.4277605,51.2102952,2140
sushi-today-deurne,4.4640195,51.2081344,2100
snack-de-hoek,4.4548562,51.2247607,2100
b-foodie,4.4361,51.200737,2600
pizza-pasta-concept,4.4589127,51.2287071,2100
doy-doys,4.4580891,51.1968244,2100
ter-linde-sushibar,4.4502433,51.1699986,2640
pizza-deal-boechout,4.4998914,51.1643562,2530
clo,4.4292424,51.2118021,2140
sushi-palace-wilrijk,4.3955288,51.1728173,2610
koji-sushi-thai-2640,4.4571754,51.169627,2640
mega-tacos,4.5172511,51.2266723,2110
bakeology,4.4412281,51.1970229,2600
pam-pam-antwerpen-centrum,4.4248075,51.218193,2060
t-kokske,4.4577595,51.2253887,2100
frituur-de-max,4.4577184,51.22703,2100
le-croissant,4.4638068,51.2080309,2100
bonito,4.4847652,51.202676,2150
roll-bowl-deurne,4.4796454,51.228022,2100
la-monte-carlo-city,4.4304207,51.2184284,2060
frituur-dageraad-2000,4.4307771,51.20726,2018
my-wok,4.4364838,51.2264801,2060
frituur-de-gitschotel,4.4406549,51.2003641,2600
nihao-berchem,4.443561,51.1958452,2600
dominos-pizza-borsbeek-1,4.4794685,51.1944851,2150
el-karam,4.4563432,51.2202257,2100
makaio-brasschaat,4.4873425,51.2879381,2930
nisa-bakkerij,4.4643167,51.2080005,2100
frituur-t-hoekske-borgerhout,4.4344252,51.2110179,2140
moon-house-1,4.4067488,51.2249398,2000
pizza-trenti-schoten-1,4.5023549,51.2536044,2900
pizza-verdi,4.4689073,51.2269165,2100
golden-palace-borsbeek-1,4.4864863,51.1939849,2150
frituur-rondpunt-wommelgem,4.4941463,51.2128595,2160
frituur-drakenhof-deurne,4.4663136,51.1949579,2100
a-la-turka-berchem,4.4224195,51.1967036,2600
frietcorner,4.4383785,51.182101,2600
harvest,4.4693964,51.2241132,2100
sushi-king-wijnegem,4.5479522,51.2299031,2110
ocean-sushi-mortsel,4.4465872,51.1724155,2640
tai-ming,4.456499,51.2266255,2100
nora-tandoori,4.431995,51.2088257,2018
daily-kimbap,4.4298141,51.2094018,2018
sushi-chef,4.5728128,51.1300953,2500
pizzaworld-1,4.4492776,51.2082731,2140
mount-masala-ranst,4.563781,51.1877082,2520
sakouk,4.4535137,51.2267433,2100
campus-fratelli-1,4.4074559,51.2250618,2060
kumpir-deurne-antwerpen,4.464164,51.2078768,2100
moon-sushi-wok,4.4067488,51.2249398,2000
singapore,4.4797362,51.1961537,2150
snack-medo,4.4280825,51.2076189,2018
pitza-service-antwerpen-dam,4.4391414,51.2275263,2060
pitaverne-mortsel-2,4.4348101,51.1734374,2640
pizza-phone-mortsel,4.4442536,51.1776146,2640
frituur-t-koud-bouletje,4.4426144,51.1964932,2600
najmat-al-shaam,4.4411826,51.214038,2140
snack-stuivenberg,4.436264,51.222267,2060
smosway,4.4551573,51.170383,2640
mehtap-deurne-2100,4.4618373,51.22145,2100
thai-wok-express-antwerpen-antwerpen,4.419853,51.217518,2018
la-roche,4.4643245,51.20783,2100
bereket-eethuis-bakkerij,4.465058,51.2075049,2100
momento,4.4286732,51.2100947,2140
koi-sushi-nijlen,4.6696101,51.1610685,2560
el-toro,4.4296048,51.2167741,2140
bazaar-resaturant,4.4860396,51.20176,2150
rnin-asian-fusion,4.4407306,51.2004445,2600
sayan-sushi-more,4.6696312,51.1615528,2560
pizza-factory-antwerpen,4.4542391,51.2269427,2100
cole-traiteur,4.432328,51.20653,2018
snack-maya-antwerpen,4.4334429,51.2016103,2600
monkeys-deurne,4.4575831,51.2203462,2100
bakkerij-mouhssine,4.426575,51.21779,2060
samo-bakkerij-snack,4.4491621,51.208929,2140
ali-baba-restaurant,4.4199488,51.219015,2060
t-zakske,4.4339074,51.1786131,2600
pizzeria-la-familia,4.4470744,51.17228,2640
pasta-hero-antwerpen,4.4297328,51.1993767,2600
moni-deurne,4.4728745,51.2054624,2100
miyazu,4.4384775,51.214222,2140
damici,4.5503526,51.262151,2970
layana-food,4.4447138,51.244299,2170
tatsy-garden,4.4618373,51.22145,2100
fishtail,4.455608,51.2202633,2100
my-sushi-wok,4.459991,51.220238,2100
burgerzone-mortsel,4.4486046,51.17087,2640
olakino-bowl,4.4228457,51.1971393,2600
sweet-corner-2140,4.4421832,51.2184444,2140
eethuis-majestic,4.430627,51.2160801,2140
frituur-dailys,4.428056,51.20743,2018
burgers-fried-chicken-antwerpen,4.386244,51.1866923,2020
binx,4.3776236,51.1383749,2630
besushi-pokebowl,4.3934746,51.1695,2610
giovannis-willebroek,4.3615749,51.0613574,2830
valento-pizzeria,4.3375162,51.1402858,2620
pizza-tower-1,4.3661451,51.0857065,2850
napoli-hemiksem,4.335473,51.1326409,2620
kingslize-pizza-wilrijk,4.3866474,51.1673742,2610
alis-eethuis,4.3285395,51.0864141,2870
pizza-service-boom,4.3639482,51.0860627,2850
fusion,4.3503321,51.1776738,2660
broodjesfabriek,4.3545635,51.0926757,2850
reet-grillhouse,4.3898315,51.1148621,2630
oase,4.3663566,51.085935,2850
pastonella,0.0,0.0,
rupel-sushi,4.3309008,51.1130906,2845
friet-n-chips,4.3695147,51.0911136,2850
dilsu-pizza,4.3605483,51.0599073,2830
t-fritateljee,4.3637812,51.0853111,2850
frituur-kartoefel-hemiksem,4.3354644,51.1325252,2620
sushisra,4.3582435,51.0649271,2830
obuns,4.3944181,51.2036965,2018
zakuro-2830,4.3611903,51.0615783,2830
pita-tuba-1,4.3893394,51.1310196,2630
new-canton-boom,4.3663332,51.0852542,2850
all-in-one,4.367187,51.086297,2850
mati-sushi-aarschot,4.3877898,51.1343489,2630
frituur-t-geleeg-1,4.3480166,51.1109536,2845
sayori-sushi,4.4421274,51.1363759,2550
ristorante-villar-perosa,4.3987205,51.1636339,2610
saito-sushi,4.3654174,51.0861697,2850
rayn-ijssalon,4.3650746,51.0861825,2850
pizza-trenti-aartselaar-2,4.3783788,51.1379308,2630
la-copita,4.3269128,51.1075272,2845
wok-style-2,4.3961415,51.1726074,2610
kingribs-boom-1,4.3914524,51.0898651,2850
poke-home-delivery,4.3691732,51.0967291,2850
la-casa-pizzeria,4.4428021,51.1338131,2550
king-pizza-niel-new,4.3479409,51.1107243,2845
los-mendas,4.3700996,51.1919522,2020
lemar,4.3957019,51.1727392,2610
kojima-sushi,4.3666098,51.0860549,2850
apollo-pizza,4.1993064,50.9100396,1730
indian-royal-palace-strombeek-bever-1,4.3568886,50.9036363,1853
comeback-spice-of-india,4.3568886,50.9036363,1853
pizza-talia-aalst,4.0310181,50.9325888,9300
snack-tasse,4.1931411,50.9142631,1730
la-ricotta,4.1117454,50.9126327,1790
frituur-kompromi-ternat,4.178388,50.871338,1740
speedy-company,3.6024786,50.7482496,9600
jerry-king,3.5985467,50.7078584,7912
pita-araz,3.6220167,50.8698006,9700
pizza-napoli-oudenaarde,3.6216024,50.8697286,9700
sushi-oudenaarde,3.6042257,50.843711,9700
pita-pyramide-oudenaarde-1,3.6037331,50.8443904,9700
melita-original,3.5288347,50.9050631,9770
wok-for-you,3.5853645,50.7442831,9600
scallies-ribs-1,3.449956,50.9832874,9800
ronse-grill,3.5969296,50.749761,9600
vistamar,4.0689196,50.9234134,9320
frituur-den-box-liedekerke,4.08729,50.86891,1770
can-snack-aalst,4.0288648,50.9429437,9300
africalicious,4.0541346,50.9423822,9300
ramen-bambu,4.0335605,50.939142,9300
pasta-pitta-derik,4.044479,50.941807,9300
kingslize-pizza-aalst,4.0350721,50.9427082,9300
pita-piramide-aalst,4.0319358,50.9379926,9300
kings-pizza,4.1160189,50.9124191,1790
chez-jacqueline-traiteur,4.2302361,50.897962,1730
wok-wraps,4.0405538,50.9389041,9300
picco-bello-liedekerke,4.1142836,50.85944,1770
pizzeria-saporito,4.0350299,50.9404393,9300
dominos-pizza-denderleeuw,4.073045,50.8919377,9470
restaurant-walili,4.0352642,50.9268918,9300
dender-snack-pizza-9470,4.0721603,50.8920932,9470
snack-boss,4.0351025,50.9420067,9300
frituur-fitfrit,4.073295,50.8917414,9470
sez,4.0729595,50.8922625,9470
royal-donuts-asse,4.1958334,50.9124719,1730
noodlz,4.0351925,50.9373276,9300
kebabhome-aalst-2,4.0271876,50.9369842,9300
sathi-sushi,4.0541032,50.9420407,9300
pittazino,4.0362616,50.931698,9300
broodjeszaak-can,4.0288315,50.94291,9300
dolce-careme,4.039816,50.936844,9300
wok-city,4.3195084,50.8951868,1780
chamas-tacos-forest,4.3179631,50.8102857,1190
shahi-tandor,4.3641272,50.8481382,1000
casareccio,4.2051087,50.6933821,1480
de-lekkerste-pizza,4.1959113,50.8381297,1703
lappuntamento-delevery,4.120718,50.764222,1755
tacos-n-burger,4.2366551,50.7331885,1500
boston-pizza-schepdaal,4.1949114,50.8373908,1703
la-grillade,4.338901,50.83062,1060
topkapi-pitta-grillhouse-1,2.6723878,51.132175,8670
sd-lavigna,2.672242,51.132214,8670
resto-snack-alanya,2.681679,51.116352,8670
kebab-house-de-panne,2.5882683,51.1021044,8660
dominos-pizza-koksijde,2.6317102,51.1198312,8670
five-slice-pizza-koksijde,2.6481807,51.104751,8670
five-slice-pizza,2.6622931,51.0695415,8630
kaai-pizzeria,2.7538643,51.1336097,8620
chitir-chicken-ninove,4.0199846,50.8348728,9400
hkebab,4.1549889,50.8055699,1750
juicy-ninove,4.0232311,50.8343499,9400
samis,3.882359,50.7717163,9500
josephine,4.023341,50.83523,9400
pizza-hut-delivery-ninove,4.025469,50.828367,9400
pizzeria-la-stella,4.0422747,50.9364702,9300
my-tacos,4.0237024,50.8349367,9400
grill-bar-the-shake,4.081533,50.88357,9470
vespa-pasta-en-pizza-bar,4.0217743,50.8344,9400
taverne-monaco,3.885152,50.8206692,9500
hoshi-sushi-lennik,4.1553583,50.806496,1750
perle-dasie,4.317812,50.884325,1090
deluxe-burger,4.031465,50.9379374,9300
bostonpizza,4.0819251,50.8711428,1770
pitza-service-aalst,4.0456189,50.9333735,9300
mamma-mia-3,4.023879,50.8349472,9400
scape,4.0513981,50.9101505,9320
pizza-pazzia-toto,4.2609445,50.836023,1700
sabina-pizza-dinner,4.0129956,50.8383946,9400
la-romantica-roosdaal,4.0763213,50.8426043,1760
be-sushi-pokebowl,4.0343693,50.9381635,9300
golden-slice-pizza,4.0179929,50.8723933,9450
oke-poke-bowl-erpe-mere-1,3.9534668,50.9249693,9420
pizza-talia-ninove,4.0081683,50.8366612,9400
toronto-pizzaburger,3.8756524,50.7709132,9500
pasta-burger-family,4.3286408,50.8578716,1081
frituur-snax,3.8725868,50.8057189,9571
pitta-dorp,4.0181446,50.870853,9450
nino-grill-ninove-1,4.0263442,50.8364771,9400
the-salad-spot,3.8628516,50.7622801,9500
titis,4.066897,50.704662,7850
