primarySlug,longitude,latitude,postalCode
e1eb55cd-30ad-4244-9c7b-bee3a457bc37,3.7374146,51.05686,9000.0
53ea2e0f-420d-4224-b8b6-78f5d946d77f,4.42597,51.18856,2600.0
238b7c1b-65c7-42bb-a2f6-e79340bee112,4.42226,50.9286,1800.0
17a7d904-ab96-4bdc-9eac-24f67a8c6717,4.42563,51.19789,2600.0
4622a54b-9fd2-5a09-97c2-26c42acd6caa,4.43924,51.24087,2170.0
a4976be0-1171-44e1-97e4-9757741d8e99,3.72384,51.04765,9000.0
55227d29-e176-5f66-aec6-b0ef1b12072c,4.36037,50.90068,1020.0
5d5ac7cf-94b5-47eb-966f-33cdc3d48cd8,4.484147,51.026599,2800.0
9433b0d8-e15f-4069-8a79-f418852a9254,3.723848237142968,51.05040009893348,9000.0
11ef87b7-35ac-4044-8647-9991e7032a02,3.23567,51.21042,8000.0
1537ad99-917c-57ad-baac-f7df678ff2ea,4.94977,51.31533,2300.0
545f1c61-8ed5-5204-a43e-988259afa7fb,4.39444,51.21168,2000.0
b5a52425-687c-40ed-88ba-64d9c8d8d31b,4.4049514,51.221597,2000.0
cdcb8f23-88dd-5b7a-9c69-df04bf3344d2,4.03873,50.93737,9300.0
d6f695ee-319f-4c70-ba62-c55bc148341b,4.41063,51.23088,2000.0
8956c43c-b441-5252-ac39-236db7e395b1,5.50826,51.00148,3600.0
b6ded0f2-e55d-4f30-aad1-8cb1a1503de9,4.40188,51.22055,2000.0
067e6fc6-312e-475f-a466-8d64babec5de,4.39791,51.22124,2000.0
bf43a88c-1c2c-5840-8624-137caa73adc4,4.35851,50.89689,1020.0
53576f99-73ff-48f4-a48e-0f302e2a9923,4.3968363,50.859966,1030.0
a1797ba7-a437-45dd-b6f4-faf42203b759,3.7216213,51.0549251,9000.0
0113b7bb-cbbd-42ba-a304-5f9959bbe080,4.25199,51.21597,9120.0
040ee7bb-304e-45a0-8065-e200e1732e67,3.28266,51.35044,8300.0
c144ad95-49e7-4a31-a4b8-81653539f396,4.03522,50.92685,9300.0
7a0604d1-ab11-4c19-9016-d9a230c9391e,4.31345,50.87344,1083.0
89c7cf27-b519-4de2-8f5c-e6704201d442,3.712905,51.055145,9000.0
389aa41f-1113-4f76-acf3-fcc86e9d72c7,4.0391104,50.9411841,9300.0
0b2d2b91-96f3-4135-bc9e-d8efb4287c65,4.3366836,50.8010137,1180.0
b3bd983d-3188-44db-b9a7-595e3641c073,4.46916,51.22688,2100.0
f61ed952-3558-4046-b78c-65a821e52ba1,4.69457320868969,50.88070229262866,3000.0
5d3f801c-af7a-45a0-8fea-071517040f30,3.26458,50.82559,8500.0
33912013-9ba6-4af6-943c-59d7777d8392,3.71877,51.0563252,9000.0
843cb73b-5b8c-51cd-9e6a-064c2e6c17b6,4.70891,50.88113,3000.0
73f44ae8-ec50-46ea-8816-735658f6ed23,4.4051882,51.2186435,2000.0
9d9cae01-1ed2-4e4f-83a4-530b4a5514e9,4.69953,50.88097,3000.0
d25f81c3-4644-415d-a393-57062cfdc816,3.21784,51.19759,8200.0
e11d8a22-d861-4a2b-a42b-70bb79b2f5a0,4.4126673,51.2265504,2000.0
e30e5f90-de04-4597-bf34-4f8fb7fc04ff,4.3265642,50.8770595,1090.0
00dd2597-233c-469d-af89-edd9ae4889f5,4.39804,50.7189,1410.0
da63b8ae-57d0-59d7-ad70-712f0b991811,4.3849,50.84443,1000.0
1c85644e-b0e3-4fe7-a035-c002911dab7e,5.50358,50.96524,3600.0
49864123-1ec3-4a55-9786-f96e12b9bbba,4.337005,50.80105,1180.0
bf9c8e29-36d4-5de7-a322-412117ac3521,3.26444,50.82596,8500.0
4fbd108c-a1fc-4b5e-8967-5d17237c1b5f,4.4132442,51.22169,2000.0
fd28c406-8637-4882-a1b9-9abfce99bb51,4.3874499,51.1862568,2020.0
52ea5d10-e04a-4596-81b4-a40afc683735,3.726869,51.04643,9000.0
eef56143-b189-42ff-9f01-ed92ff159ed4,4.42432,51.19741,2600.0
7b852229-fc05-4206-906b-885c87962114,4.43267,51.20124,2600.0
1daab62e-2232-5e25-9980-28cabca67114,4.41124,51.19603,2600.0
c97a716c-1189-4040-b8af-1cef8a68122d,4.427152,51.20205,2018.0
17478ff5-ba5d-5166-ba01-48d1f97cb588,4.70754,50.87608,3000.0
3ba64612-cf4d-487a-9dc0-0ff2b6fb3e7d,4.403765289,51.21825607,2000.0
b4d1e4e7-7c3e-427b-8b8b-f9f854fd7790,4.1393,51.16387,9100.0
433ecbc4-ad60-4185-abda-58e0212c5dc8,3.22266,51.22283,8000.0
2e8f870b-e04d-5702-a713-4e0cf71f8bf3,4.334189386529711,50.85745863250228,1080.0
cd19390e-66eb-445c-ab3c-6225b12ab051,4.40886,51.21491,2000.0
9da79226-0d05-41c3-bdea-1acdf8e025b2,3.725531,51.05322,9000.0
3dab6164-67d9-43e7-ae01-a6c00cbd78f6,4.4576878,51.2203728,2100.0
9ad50c87-ac62-546a-ac1c-926a36a6cc12,4.41896,51.21787,2018.0
26443601-9141-4a08-84e0-6790d3f05913,4.47458,51.02265,2800.0
03d67db6-0d8c-4866-8f22-8286d04912a6,4.39829,50.71722,1410.0
16ff4de0-4498-4e05-bc8f-4c0c0af34963,4.7181333,50.8845593,3010.0
387510d2-291b-4793-862e-06b9726514e3,4.69856,50.87797,3000.0
5efc1377-ca77-5606-8902-b5af2ee049c7,4.41043,51.23014,2000.0
b095c1e2-d0fd-5979-8b55-9f18ceab2927,4.37996,51.18319,2610.0
18cf998c-7cad-4b51-af7c-08b2997c6ffe,4.45481,51.2274,2100.0
f590dafd-6185-4548-9149-8f13ecfa90f2,3.228,51.22347,8000.0
54192db8-1a84-4031-ba75-ff0bca8216ef,4.70887,50.88093,3000.0
f6a742bd-e31e-4d08-b6e8-01a6293659e3,4.40112,51.2193736,2000.0
5e56f5d0-ff5d-5645-9014-a9fd465cd2a9,4.03187,50.938,9300.0
f413f637-51bc-4967-a4b4-008f0373f594,4.3604039,50.899571,1020.0
ddfca739-9805-44fe-8de5-416bffa26551,3.7322255,51.0497458,9000.0
8b768e4d-fbe9-4e13-8d08-8670be44fa43,2.90917,51.22548,8400.0
de3e5adc-1495-434d-bb34-6e50605553e4,4.4195087,51.21745,2000.0
f620581f-b970-466c-923d-e5b54e2bdffd,4.70117,50.8783989,3000.0
e98f0fd8-44d5-5803-9825-36103589db9c,4.94021,51.32186,2300.0
b65d4db8-89f2-5118-87ba-935b0037d6c4,4.40365,50.91106,1120.0
ec9a011a-e5b1-4740-a2b7-d279d97594a1,3.22522,51.20264,8000.0
67a2e620-d8cf-4ebd-a2db-84486798e168,2.9101128,51.2301922,8400.0
69c7b94a-a697-42d9-96ae-337363824aa4,4.70364,50.87728,3000.0
0c3fdf98-891f-4467-b692-c138c550ca9b,3.73395,51.04874,9000.0
1d7e3de7-18a1-59a5-a350-873e943e80f8,4.3849,50.84443,1000.0
d9e4be62-1bf8-42e8-94a8-5195b97945b9,4.3970059,51.2208152,2000.0
e6ba6a48-77b6-46e8-bd49-c7541739a7ad,4.4198282,51.2205495,2060.0
6cfefa86-17f5-4be8-b351-a2ef5a3ece6c,4.412492,51.22188,2000.0
d8088dcb-a12b-4c51-803d-f9a51de615f8,4.4474581,51.2307885,2100.0
6d255688-cb44-40c5-948c-5428ec2e2d58,4.4051064,51.2190516,2000.0
3eafe1ac-622e-4526-b0b2-e194fcb52c6b,4.3823125,51.1885699,2020.0
4796bb2b-b5cc-43f0-8359-f96d3fe7bf15,4.41795,51.2818,2180.0
4a4121d3-984d-4696-9c66-af937e1e8e1b,3.72666,51.04593,9000.0
8d0dcd82-2bca-40b2-a31e-cf67b02eebed,3.199975,51.187815,8200.0
bd5dd6bc-114f-4c7f-a123-fb31cac25bf8,5.3391,50.93364,3500.0
093c7a7b-96d2-491c-9c22-16fd52e8a951,4.295388269586522,50.86415915258261,1082.0
5da586f5-266e-5369-810f-88d61043bd78,4.4229217607170215,51.19714301954639,2600.0
4fc8fe54-eb4c-4a30-b56d-216f94ca4ef5,3.7217148,51.0476191,9000.0
86312d7c-0a37-512d-823e-ec0d7e31287f,4.93709,51.32141,2300.0
c107f014-5185-4415-bd32-bc7e7589a5e8,4.42388,51.23241,2060.0
3329a871-bee0-52d3-857f-e169c346a963,3.42326,50.89034,8790.0
919883ca-ac98-5914-9cf8-d4dee5c3dd9c,4.40383,51.20732,2018.0
4286e826-ee3a-4b19-8dd3-101bfbaa4452,4.284516,50.8058301,1600.0
8a1f803f-c7bd-54b7-ae11-7ae9aa8dd719,4.69903,50.87826,3000.0
f0ae2833-6db9-4575-b698-0cf9ba3877a6,4.47814,51.02806,2800.0
2c37b251-b192-4a92-a2cd-c576230fc440,2.91762,51.23229,8400.0
905538b3-7625-5db4-81e1-e7db8194ab2d,4.669649978523863,51.16102192890919,2560.0
23d89b53-233e-408c-97f5-8c475f4a78c9,4.0337,50.93918,9300.0
2ad10180-19ae-4448-8a50-8ba4c81f79c9,4.48234,51.02666,2800.0
bb259509-17ec-4e58-93b2-69e4e7c47c57,4.394782,51.210135,2000.0
233f826b-516e-5c5e-9b1f-529538ac5896,5.31081,51.2306,3920.0
57bf8a54-8101-4e66-a2f7-56a18f716ec3,4.47695,51.3818,2920.0
6b633ad6-b92d-4de8-b5d1-9a99c26e2629,4.4621285,51.20199,2100.0
3d5b92b6-174a-401a-bcd0-b4e5b609d299,3.2247749,51.2095899,8000.0
bd0dbdbf-bfc8-416f-a9a6-53bd4fd88ab7,4.3984029,51.2148772,2000.0
9868b1e8-3ddd-43e8-bf99-70a41f5c9bc9,4.5664,51.13178,2500.0
d336f2ee-73d7-5169-b346-b5a4252ff896,4.48201,50.73086,1310.0
7de819d9-a823-59ed-8940-b975dc30cb19,4.45994,51.22015,2100.0
8e687dbb-f06a-4678-a23a-7515f00cdaa2,4.3017688,50.82777,1070.0
a7f4f84f-2e26-4912-804b-3859bdf06b70,4.47988,51.02635,2800.0
9d352ff8-c740-4b4a-a890-5b570a9fbd1a,4.4639,51.20832,2100.0
8ec937b9-3478-4f7c-8714-a3647ad856b2,4.48943,50.73172,1310.0
f3d385b3-f73b-4ac0-8180-25b761cc5667,4.39167,51.21027,2000.0
483919be-d30f-4dea-a0f6-bf85fd818085,3.18506,50.80944,8560.0
ce0e97da-13ee-4314-ad20-e7304b281725,4.4452253,51.2302825,2100.0
ca33c646-8032-440a-844a-868611c8193f,4.39916,51.20572,2018.0
1138a589-1ba1-4763-8a4c-d28ca4c7ad6d,3.7358828252085488,51.05678731784514,9000.0
bceb41c4-0704-4327-a876-d3248248de7b,4.41926,51.21907,2060.0
3ce8370b-714c-4aad-8134-384661d27aa4,4.47929,51.02961,2800.0
974b5fa6-0382-437c-bdcf-3fd2bcb733df,4.4305544,51.20759,2018.0
53bf9e77-28bb-44c4-ad67-a8530b9b6576,4.40099,51.22151,2000.0
ba6b26fc-76c2-473e-96a7-7052fbf5b5fa,4.45831,50.85059,1200.0
0d30bfbc-591b-5bad-a794-0a1fd1c65aa3,4.31065524696417,50.838824821040696,1070.0
ba64bca9-b370-47fb-b0a4-ba8917790f14,4.48913,51.29501,2930.0
0d362117-f818-4c11-97f7-94551c3c138d,4.6212279,50.7164845,1300.0
fdb12383-c29a-435e-b1db-9dc7d92a7905,4.35246,50.79235,1180.0
fed9b690-eaa4-4eb4-9acb-f03075f0b186,4.39766,50.71815,1410.0
c60d20b7-be96-5c59-be19-d1cd2900b41e,3.72638,51.03883,9000.0
f69395b4-fd3a-42dd-b1e7-516fcf7ec197,4.3899234,51.2025914,2018.0
a32e101e-041b-4b4c-855a-40da8183dd17,4.7000107,50.8789029,3000.0
da0efa19-1d71-5d67-b876-e0c23f8df045,4.33191,50.86479,1081.0
19e8eabb-7eaf-41a0-ab84-636bce37ec7e,4.4008,51.21981,2000.0
562e19c7-7300-428e-b766-66dfa100dcfa,4.431942,51.223766,2060.0
032d57f5-d900-5275-b0c5-264225527c31,5.32715,50.93305,3500.0
f7940bae-1799-4caf-ac35-1a2247852f55,4.43557,51.21485,2140.0
4e14f9cc-8611-4813-9d9b-9612290ac6fe,3.7437033,51.0358912,9050.0
4c8a9fef-c13f-4cc0-8636-ebfc67e7b11f,4.40938,51.21031,2018.0
d80c583c-7138-4af6-a475-7e4cd01c92c4,4.36032,50.89942,1020.0
dc2e01c3-6bbf-5255-9ef6-afdee2a5aa51,4.13993,51.1633,9100.0
b02edfcd-49d5-5571-a8ba-1890eac0c1b7,4.38874,51.20781,2000.0
6fedc8e9-bcf7-54ab-9a0e-9d58974cab7b,5.33807,50.9315,3500.0
22e41231-af0f-446a-8195-bb6c49050ba8,4.0396327,50.9381919,9300.0
27873a6b-40f2-4799-a85b-95c5d0bfc97b,4.39797,51.21918,2000.0
07f662f8-6a20-4503-8b71-cd0c7da922ac,3.22256,51.20841,8000.0
bee5929e-53f9-5b75-80f1-3a54a26ef606,3.7304391494760774,51.049731373687706,9000.0
75b7b5e8-c159-4ec6-8f7a-7443d1614b40,4.40379,51.21603,2000.0
7bc008b6-bb22-5166-82bf-7240cc1487df,4.13972,51.16364,9100.0
b15c7c02-b931-5dd9-abad-7d9bf940768d,4.31645,50.83657,1070.0
e183db4b-f82e-44a8-aa5c-8f4d2f3fe765,5.34283,50.80254,3840.0
01d3d742-5893-5668-b260-9d1f227db3d0,4.56921,51.12978,2500.0
09479c52-e2fc-5244-97a6-68212f321260,5.33928,50.93103,3500.0
765cd8ca-82bf-4796-af3b-c6abd19fce18,4.39865,51.21536,2000.0
3f6701ad-b61c-469f-bf15-4cdfa3763a46,4.3962038,51.1726832,2610.0
0f8904b3-9407-4d1e-a060-1efc6e58687e,4.48426,51.0266,2800.0
bf9233be-279a-4657-8abe-5595bf5e2041,4.0384412,50.9381032,9300.0
b6592756-45fd-5a91-a0d6-793efc9ef7d0,4.472958203022025,50.88453072793165,1930.0
e0658830-18ad-56aa-aaec-f56a602c6c4d,4.29361,50.86743,1082.0
eead91f5-1cd8-51c4-8564-7750de10cc04,4.43842,51.18221,2600.0
4adcbb3d-7883-4610-a58e-59680a4bb43b,3.2219553,51.205856,8000.0
8336500e-660e-5889-99c3-16b93095a291,4.32169,50.87431,1083.0
2280c2c1-c16c-4ac4-9a32-b930f1bd6bc6,4.0402681,50.9380249,9300.0
da7af681-026b-4349-95ea-0760fd01124e,4.1439551,51.1704312,9100.0
5a5d6c9f-c8b0-44dc-9118-060a4d40d1c0,3.2706,50.85006,8520.0
5472af03-772d-52c1-bdc5-90fc516e2d20,3.12366,51.31522,8370.0
71a0a31f-0ac6-4d90-93cb-16fe33fb9cbd,4.389784,51.208248,2000.0
85a8db84-de67-5338-b06e-575580d05966,3.23613,51.21069,8000.0
b9601516-0c7b-4f1e-8a41-0bdf1dac4014,4.44736,51.24506,2170.0
396bda9d-00fb-4813-97b5-893b3c57235e,4.51581,50.72455,1332.0
11992a55-40ff-4f3f-8007-e1b33d2e3890,4.43402,51.1998,2600.0
0f9c30cb-1d25-471c-86f9-f2a5b812f529,3.27199,50.82496,8500.0
14ec1ad2-7ceb-472e-9ae9-a21c726f0d93,4.39151,50.81189,1050.0
438a64e5-4d2f-5ecb-9112-30bee2782b01,4.38934,51.20364,2018.0
70d8e10d-5b83-5e88-9c45-068067498c5b,4.70685,50.87901,3000.0
a2c6762c-5432-4e73-bad6-7d39dd879b57,4.393984,51.182898,2610.0
dd5eb6c7-9ae3-44f2-bb5a-a504f792f48e,4.42715,51.18412,2600.0
b4217586-eaf0-51d7-980c-b3ec156f8e74,4.38971,51.20806,2000.0
fba3c8ae-09cf-4c17-97da-85803e22607a,4.6997455,50.8783475,3000.0
9c5cde8c-4331-4aef-bbf8-8c98a39e62be,4.70087,50.8783902,3000.0
4a1cf0d3-5f79-4a63-aa12-116bd1f52e03,4.40914,51.22758,2000.0
12614174-f0c5-5eaf-aa0e-6a52b9a2590d,3.72509,51.05975,9000.0
c5ad2866-dd7a-4c4c-bae8-6716462aeb13,4.03538,50.93742,9300.0
80ad48c8-96b0-45ec-bb95-be691bb0a01e,4.43771,51.15566,2650.0
b71f9699-f4b3-4f75-925b-fcb4c9ccf3f3,4.40331,50.70253,1410.0
c6f1da3f-3c54-5881-8cf8-13662e67e80c,4.4799,51.02713,2800.0
09d17dd3-82ea-40f4-876e-c1d33b248e2b,4.4433324,51.2437065,2170.0
8b88c8ac-cec9-4d73-9dc8-09152cf65e93,4.04393,50.94136,9300.0
03a9bf8b-88a8-4cbe-a0c1-88d5187f83e9,4.27671,50.88238,1731.0
59518025-4109-47a2-a875-1beeed97743e,5.34058,50.93848,3500.0
114d92d6-41ea-43e8-9b3d-dc1837c9a027,4.42044,51.21815,2018.0
225255f4-489b-470f-8f23-65dcdac8edd6,4.23589,50.73451,1500.0
ada648de-5267-4b5c-86ba-d5c5f9841039,4.39687,51.21009,2000.0
833321d9-d126-4225-b4ab-767637cf346d,4.427787,51.2008195,2600.0
51180c84-c199-49eb-902f-53ff4a58acdc,4.39202,51.21056,2000.0
248d0e7f-67b3-5eb9-beda-67c1183249c8,3.72183,51.04657,9000.0
d256e1fb-85e4-4628-8a2b-9f3ee3b050a8,4.3899125,51.2027351,2018.0
171fba28-997b-4ca3-9945-0c186e38f46b,4.2647551,50.84826,1700.0
33246f50-ac75-47d9-82c4-daa76f57c411,3.7036209,51.0405769,9000.0
093c9709-dc64-4edd-93b1-53413ae31b54,4.53024,51.22794,2110.0
dab1173c-ff4c-4a58-9c28-4df93b7ee568,4.03987,50.93686,9300.0
62e69218-c421-4e02-afc0-42eb6d46c96e,4.40312,51.22011,2000.0
1457b721-7263-5630-94d6-8d3141c7885c,4.40947,51.19538,2018.0
44fb695f-8321-4c3e-99a8-39836de2b6da,4.3087359486200905,50.90551485482395,1780.0
d203a38e-f5b0-4dc7-a47e-088f348b330f,4.70255,50.87135,3000.0
b9562669-395c-4564-ba24-96e728679622,4.3926449,51.2086179,2000.0
afc09df5-46b3-44c5-89af-ffa1694c1c89,4.40095,51.22599,2000.0
18cd3ee7-25e4-4b95-bdfd-fad5796632cf,4.443561,51.1958452,2600.0
0f135396-9184-51aa-8fd4-4cf0e40c32fb,4.70177,50.87816,3000.0
1aae8431-3bc9-4058-9084-c0b1fdc99081,4.2887506,50.8024679,1600.0
d8d36426-c20b-4544-9231-54bad7637563,2.88399,51.21312,8400.0
70b21c5d-afa0-488f-a0e3-9473dd745bc6,5.3392004,50.9305097,3500.0
6911b059-97d5-482b-91fb-c09abd9738d6,3.35925,50.88016,8792.0
5dd72def-ea01-50ea-a458-0bfdea0dae23,4.3849,50.84443,1040.0
3a4c1995-a7a3-4576-8e0b-3757be1b77bd,3.7245,51.05729,9000.0
9bba0038-b6af-44f6-917e-573a1b102434,4.39769,51.2137,2000.0
735f04dc-9167-477b-8f1d-3b7ed2c1d2f6,3.73604,51.05674,9000.0
55f44aef-39de-469d-bab6-be7cf970ec63,4.41171,51.21842,2000.0
adecc68a-89ea-48a8-8d2b-192951214e0b,4.3143195,50.8675906,1083.0
b83c7d9e-7fdc-4e1f-8a17-394700cbec23,3.26456,50.82594,8500.0
45c81be8-dc63-4825-8691-879169c51300,4.38731,51.18616,2020.0
a19873d3-e010-41c1-b620-a7d326c7e92f,4.4055287,51.2274536,2000.0
50da5cd7-e68e-4307-9b8b-ab8fb6ecbff0,3.22889,51.20971,8000.0
03bdd938-f521-489b-b268-1c63078c93cc,3.7267064,51.0373185,9000.0
b3afa386-e0c3-47f0-9250-9e51c02ba15e,3.988229157999711,51.103759407597664,9160.0
d72b44c2-feca-4f75-84c5-945cbbdee6c1,5.33838,50.92968,3500.0
caa31a02-d1a6-4b0e-8176-29ddbb2cb985,4.4013,51.21038,2000.0
5b4f855b-6ba7-41a4-84b4-ed698a1ae954,4.4024753,51.2094745,2000.0
6440565e-6094-503e-8f0b-ab6d4c7ca067,3.76404,51.01931,9820.0
076fda07-1485-423a-a293-526d47f2a9e4,4.39123,50.87218,1030.0
6f09496c-5a5d-4424-b06c-35b0b3aaf61d,3.72992,51.06918,9000.0
f485c448-0fea-4dc7-9667-e0d423ecaad2,4.43521,50.84229,1200.0
a2f60780-b3a8-4534-82be-9235cc36a7be,4.406178,51.201327,2018.0
d5dde7ec-a7fc-4472-997a-3eed6864e789,4.3375574,50.7402458,1652.0
f775eed2-a1d1-4584-a1c7-e27892bbed25,4.29496,50.82313,1070.0
c285e58f-b6b7-4630-ae92-232487dd6df4,3.727269521740279,51.056854020440625,9000.0
437606a8-2f7d-5237-8ee1-5afc805e50e1,4.24362,50.81816,1602.0
e8eb6b69-89ef-4958-9fdc-58f8431e2a2d,4.4246748,51.2184669,2060.0
3f9c8e41-a4b9-4269-b146-0f7cf6fab250,4.33645,50.7997492,1180.0
b4f1e0a4-6771-51ca-8493-1ff70668b646,4.40883,51.21299,2000.0
87715f14-5d6a-572f-bee1-c63531c7f4be,5.40493,50.93254,3590.0
6139f43a-4ab3-5c96-8492-39f836942e69,4.3849,50.84443,1040.0
c88ee61d-b633-43cf-a0ce-2f0531e06fa3,4.4142282,51.2192622,2000.0
68234987-77f9-47c3-aee0-736d2ee9d082,2.921442,51.233813,8400.0
78397dfe-31cd-5d7c-918b-04f465849c94,4.3981,50.71938,1410.0
079dc601-2f5c-56c1-b0fe-915090993114,4.39947,50.86845,1140.0
16e70263-6eed-4cf0-b3f0-2fb1605fa1df,3.722719,51.045524,9000.0
6d7a2cde-24ef-51da-9e7d-d834c7fc5227,4.47229,51.02614,2800.0
0d9c58bd-2bdd-4ea6-98d2-341cea84ccd3,4.2893,50.8079,1600.0
98956037-21ac-4577-baf0-79e2aa27633b,3.7301008,51.0592731,9000.0
99e62d5c-6f7c-5209-95a4-7c66558333f7,4.40426,51.22786,2000.0
4c9deca0-15fb-5b5f-8e29-725543252c87,4.40219,51.21015,2000.0
ed9a23e8-ccf0-4a2c-ad0f-5c32911a6485,4.80779,50.91576,3220.0
de736117-ab40-446e-94d8-5cf4eebaea69,4.42337,51.21855,2018.0
27550e76-a1a9-5d3d-85a0-0cfdc3cd200d,3.45022,50.98315,9800.0
035d5dd3-cd66-453b-a8c5-03e5a52c32f6,3.22692,51.20652,8000.0
09291f49-b744-5cf8-aea1-ee9c9cf6ed24,4.3168,50.83663,1070.0
9833dd58-1753-4ba7-86b0-7968efa0c12c,4.03466,50.93747,9300.0
1cc53eb7-016a-4db7-b986-dbb127621c72,4.50265,51.254,2900.0
61769f6b-6819-4168-ae83-a7a9b651c882,3.7245732,51.0588135,9000.0
67cd9f0c-25a1-427d-84e5-6ee37ab44dfb,4.47708,51.02621,2800.0
aafde5a6-270a-4f30-88ca-a91ad06da0ab,4.45222,50.86798,1932.0
52f5b45f-2ac8-4f2e-8a3d-eaaef6a7f489,4.23633,50.736,1500.0
87e26827-b7de-450b-9fe3-5b312e58fa86,3.71672,51.0804,9032.0
8b4a81f7-3ce8-5d66-8a6e-c4099df19f45,4.48457,51.20259,2150.0
79dd66e7-4324-4429-b50c-b0cbf25a1cdb,4.317757,50.90191,1780.0
1c614cd6-ec3c-49be-9a6a-f085f72252ea,3.24166,51.21208,8310.0
6abd5fcf-57e8-4705-91b7-86e83eb8adbd,3.7281131,51.0386453,9000.0
8b1b470f-f6dc-4ebd-85a0-588bd7f9288d,3.72497,51.05251,9000.0
b46c100c-1a4e-46ef-8b01-1fa9430f401b,4.4144943,51.2000203,2018.0
c61cdb8d-a5f4-4aed-8696-043961f4f806,4.44462,51.24433,2170.0
684953db-2a96-449c-9238-4da1ff735eb9,3.6961281,51.0635199,9000.0
e027e277-bd16-4c3a-85f2-0d98102865ac,4.397338,51.211421,2000.0
8c50614a-dd47-4f00-8486-150124782cdc,5.33466,50.92944,3500.0
127c7053-6eb4-42d9-87b3-1fea14117aad,4.4144051,51.219566,2000.0
76b43aa3-c405-478f-b208-7a4bb0a29b2f,4.31751,50.80049,1190.0
164b85a8-3baa-4732-87f4-25311c702bb0,3.2249,51.20981,8000.0
b2f068ce-aac0-41dd-811b-9c0f1edd6452,4.41982,51.21822,2018.0
46e48305-cbc5-487e-aefa-78d32dd3986d,4.411158,51.2333999,2060.0
96728fcf-9477-472a-ab78-4b1d7aef28c9,4.42706,51.19835,2600.0
f7118660-259c-59ce-93e6-b3a3c459d1d4,4.39878,51.22063,2000.0
2b315ec4-cd88-48e2-9fe9-bcba82ac3a90,3.72444,51.058777,9000.0
e07306ef-fb8b-467b-87a9-bec22f7e7a6c,4.3335838,50.8765092,1090.0
a75e6ee9-63f2-5057-80c5-7e9c0a0594d5,4.38664,50.87436,1030.0
fea5b4a4-b4f8-41cf-bead-13dd9647e523,3.26242,50.76914,8510.0
25f971e4-fdd0-4a55-856d-48678057dd52,3.72769,51.05583,9000.0
e7b6ba0c-a450-4818-8a9f-c355cc0f956b,4.3975,51.21171,2000.0
f4d0e1a7-bbea-453d-a238-81bef9a3fcfa,4.41719,51.21802,2018.0
50cd62fa-e8f1-5a59-93b8-1ce51731ac74,4.71289,50.87413,3000.0
89b6a347-d5c0-49ce-895f-e61e0063287a,4.391998,51.2036179,2018.0
a1899815-d107-4bc0-838b-2b796341ec70,4.46126,51.24808,2900.0
8ae26dde-5286-4725-ac6a-00bac4bf7f89,4.7206614,50.8722888,3001.0
7ba699ef-adbd-4481-8675-1c0d1a74c99f,4.39931,51.22056,2000.0
a0320925-f1a0-559a-ae5b-8fafbaddbd6b,4.41138,51.19547,2018.0
6c22a95a-1fc3-46e1-87a7-eef2327134e8,4.44014,51.1671,2650.0
a62967e2-8f96-4091-b795-6c0413c7af46,4.3904976,51.1723341,2610.0
ee8deb51-5726-5fc4-84dc-1e3cbf04c367,4.32525,50.87371,1090.0
15ad1b9c-a20e-42e4-bf15-d4008d871ee8,4.3932637,51.1720211,2610.0
d23f7807-e457-573a-9b98-f6293ba61894,4.328797888089613,50.889951268563486,1090.0
b3a0802f-e8f8-5b3e-b199-24853b1119cc,4.31345,50.87344,1083.0
0874d7ae-705b-48f2-bee8-b756e3bc4641,4.56687,51.13211,2500.0
6fd34853-938f-40fb-b7b6-98cec7bd41b9,4.4006829,51.2115503,2000.0
e040bb8b-ae7d-5f53-adbf-d7eca7d8fc45,4.331870824098587,50.864914640982455,1081.0
cab1ef9d-9624-4101-8583-5e540e57ae15,3.7264974,51.0410862,9000.0
3f035714-4697-4373-9ecd-68b331ee9565,4.44745,51.24508,2170.0
7ab3a123-6cf9-47f6-afc0-f16c29c5a87c,4.3256854,50.8716673,1090.0
b08fec8b-8378-40fa-a686-bbf6f1e00f8f,3.7208247,51.0566539,9000.0
b56905cd-b740-4284-b7ff-0b1a65c543b9,4.4279997,51.2033033,2018.0
35d51c51-c3ca-4698-a7a5-390a453eec30,4.39884,51.22025,2000.0
74607106-790a-40b3-9c3a-1c6821174e51,4.297839,50.8254855,1070.0
a17d3a8a-043f-5bbf-8216-4d25904b9e61,4.43109,51.18936,2600.0
3ec5ea20-c9d6-40d9-85aa-9c6feedd9bd0,4.51473,50.72434,1332.0
8459f894-f0ae-4dea-9cbc-e692f2e192df,4.38727,51.209,2000.0
379d181f-0315-4c38-abca-4d5b59d878d3,4.3990402,51.2204673,2000.0
4db492cb-354d-4ee7-aff7-b2cacf2b450f,4.04103,50.93748,9300.0
9d163314-a982-4945-a034-d1532be62abb,4.3956731,50.8557317,1030.0
3981a482-3238-47b5-9e5f-3098f86b3207,4.46355,50.87023,1932.0
3f67d6fd-a7bd-4440-9f62-a174f9006705,4.7141044,50.8811488,3000.0
aaa5b9ca-f011-5ae9-a40d-83a453ac63e9,4.36591,51.17819,2660.0
dc51148c-a914-4997-97ea-72f16af9f9a2,3.71851,51.05538,9000.0
0a8a5279-9047-4887-8162-a3e5cb9411fb,4.4051299,51.2303828,2030.0
930cb033-835c-4204-bbf3-751b3e261923,3.72969,51.05025,9000.0
e982dbe5-fc70-42bb-904f-2e85363d2e5c,4.4023516,51.2186854,2000.0
35188515-f9f5-4527-ad79-67b7b508b92e,4.4840542211563665,51.026542734010796,2800.0
9c4c9eb5-a4bf-5608-88d0-9ef826e6fe0c,4.44482,51.16674,2640.0
d3d9fb02-795e-536a-be2b-965ef775f275,4.696610946098259,50.88033908984361,3000.0
d1bfaba3-1c98-48bf-bbe6-8fa3d1200d22,4.46234,51.26596,2170.0
945408b9-cd64-4e25-bb4f-3810dc74e2c3,4.47887,51.02689,2800.0
c3b121c2-9eac-4de8-929f-a25a2e158bf0,4.39685,51.2109,2000.0
c897de37-cd40-4d9c-8a67-4d16b0f62763,3.713276982307434,51.04079414603859,9000.0
d00ddfe8-2daf-4ea3-a0c1-bda9ba2a098f,4.43133,51.2295,2060.0
80c0025f-7936-5349-bb04-976328f3bfff,4.69906,50.88175,3000.0
3e17c654-2d05-4316-a7cd-8d67db71348c,4.31879027890444,50.84865176564045,1080.0
b0d074d4-2e94-40a0-b215-c9c8cd12a477,4.48254,51.018564,2800.0
7f36a8f6-4608-42e6-9619-8a1bcf72fcfe,3.718329,51.052039,9000.0
a62f3e2f-e7e1-4bfd-b5db-aa6020850db0,4.44063,51.24263,2170.0
fc652949-902a-42c7-8b7d-1f75692309e1,4.40829,51.22481,2060.0
22bdb428-3894-4d97-b877-bd208f050b23,4.400417,51.221518,2000.0
ae2c30ab-142d-4052-a592-cd314c9815bd,4.441138,51.200447,2600.0
81b068bc-c869-4750-b4b9-6c20cc0a1bc4,4.25677,51.21303,9120.0
7c9182ac-46aa-4430-85e6-1fd94719b8df,5.69812,50.9883,3630.0
d0e87b04-2a44-50bc-87a3-3e72c5da9c99,4.700051187469868,50.87867018909407,3000.0
b97e7f85-c74f-5e2f-a36a-331caedd559e,4.478983226303499,51.026910687738045,2800.0
582af6b4-41bc-49bf-8c54-2c8babaaf3a7,3.26714,50.82758,8500.0
9c0f1c18-016e-562b-ba12-77c38ea721d8,4.3849,50.84443,1040.0
e55b27e1-69e0-46d8-8578-4796ab07a956,3.7191405,51.0422078,9000.0
2143484c-51b4-4693-8f5a-612c2eaad421,5.11947,51.18691,2400.0
121291c9-7f17-51a8-828d-b9b4710a31e2,5.50325,50.96481,3600.0
2ce453b2-747d-5f69-b676-fd9824b4b19c,4.2042,50.69233,1480.0
65491b9a-2b3c-5bd9-85f2-69e9efa48708,4.71249,50.94985,3110.0
b0bc113f-86e9-41ed-95e1-7e8d4957ac9f,4.3079471,50.9062595,1780.0
dd8d6e93-0502-4cd6-b519-cd9694980270,4.3995827,51.2196998,2000.0
990c8041-6026-42bf-ba54-2b3b58d9f306,4.47458,50.83811,1950.0
ef499cc1-f434-40c6-9fc1-b0b4987ee075,4.37908,51.18976,2020.0
8a34b6d5-94db-55a3-acde-4e43a802536d,4.38731,51.18616,2020.0
2bddd6a5-57ed-4d38-8a19-917ada395dd3,4.3116479,50.85853,1080.0
e48dbb76-c29f-4810-abf6-2932b8e6ca43,4.3926423,51.2128311,2000.0
55aa7e3e-55c8-4ef4-9daf-22206f15dea6,4.397524,51.2207243,2000.0
d41d4ffd-b6f0-4561-a259-a00c3fdbf7e5,4.39034,51.20916,2000.0
1630e950-5673-5ae8-84a6-a84d960c391e,3.73109,51.04782,9000.0
16766ef3-5680-4526-aec2-c89ec390b33b,4.69964,50.88005,3000.0
c29bfe1e-a1ef-4ad2-98b3-2bff8eb25831,4.23573,50.73401,1500.0
073e12b1-abfe-429f-8bd5-be02c3b0a99d,4.389,50.87322,1030.0
cf776c0d-9e64-4214-995f-c5539dd22635,4.70327,50.87824,3000.0
e149beb9-57a5-4b99-ac00-3fbe2ad8673d,4.6996638,50.8784887,3000.0
db567895-a22e-431e-9a01-b4185bbda4b9,3.2007201,51.1861768,8200.0
a3ca5d1f-aed3-45af-bbaa-5bab2276cf0c,4.50123,50.78613,3090.0
b5c93230-47e1-4941-aadc-8bc16aeb4516,3.7255595,51.04086,9000.0
d6a2917f-b4c9-4d17-b760-0ecf5d73bc97,5.11384,51.18637,2400.0
b6acb285-6dd4-4efb-ae3e-b76ffbb0c43f,3.75089,51.05428,9040.0
81b257d5-b1f2-5d55-8080-9bb8f491d1a1,3.72163,51.05214,9000.0
9592e694-9881-48eb-aee4-65e34001b37c,4.33827,50.73975,1652.0
bbba880a-5923-4f88-9730-0331f82f25e7,4.5350813,50.7713494,3090.0
ccfd2afb-097d-45fc-9ed6-d3e1e68f8024,4.7044283,50.8772575,3000.0
a6e18028-aa04-5388-9441-60c2bf2b555f,5.49208,50.98085,3600.0
f482df23-97cb-4035-963e-761e6ff14014,4.23677,50.73603,1500.0
975fa2b2-4c04-4f6a-8bed-8efe0d965d46,4.03755,50.94114,9300.0
d80c0d93-8809-4374-82f6-45d1db1872a8,3.25761,50.8252876,8500.0
8f8cd0df-b2c6-44a0-a5e5-cb18469aeda1,3.26524,50.82915,8500.0
8dff1c12-88bc-57b5-a85d-f778514302a9,4.94977,51.31533,2300.0
24a1701f-4763-5a0e-9d62-42bc07be8b3b,4.44257,51.1966,2600.0
dc580d20-cf01-4d99-af10-36fbcf1d5716,4.20284,50.69103,1480.0
b16890f7-1d16-4ba5-8eca-a24096cf5726,4.4185167,51.218365,2060.0
dd432e46-b178-4e83-88ee-77a1e7bed62e,4.4301032,51.2075599,2018.0
29b1638d-cbc2-5ff7-afcb-e1d4049e32d4,4.5502,51.26209,2970.0
ad4d04fa-4dca-45e0-bc13-e79cc56fec74,4.4779634,51.19449,2150.0
d0ba7497-9da1-5c39-8f1c-02d86a5db7f6,4.2893,50.8079,1600.0
2ee5a9b5-4b7f-483e-bc96-afe25ea34f7e,2.90793,51.21901,8400.0
2f7a54af-3b1b-4125-8b2c-55ccaa0df673,4.98961,51.16083,2440.0
0f5f3a28-013e-5463-8f76-d5aae1b57975,4.3849,50.84443,1040.0
f6611367-6ac6-4252-a5c9-bfc95641315b,3.22904,51.20942,8000.0
8c9b9f5b-5810-531c-a9f3-4ac03828bf06,4.34291,50.86282,1080.0
3ad09505-d88c-433d-9cec-4b1cba0f3a93,3.72674,51.06443,9000.0
693fcd43-38c6-47c8-b3fc-8eb30e132afe,4.41887,51.27726,2180.0
05bbd5ad-493d-4126-884b-a15991176212,4.4207,51.21776,2018.0
806c78e6-a466-4df6-a80a-a1ddfb8713e3,4.44656,50.86714,1932.0
48046809-a033-56cd-b903-2df26fb36ddd,3.7128701886747963,51.03662955536041,9000.0
5e9ccd5a-4c8b-5ac2-9e83-2dfc0d191c1b,4.3849,50.84443,1040.0
ae07af70-8a8d-5f23-8960-e8b1a02dc1a4,4.95928,51.33258,2300.0
9f2483ec-7026-5041-9488-5ed6e3d82103,4.40478,51.22519,2000.0
3125bbd4-f68f-4f71-a6a9-012d478546e2,3.72583,51.03974,9000.0
de55c3d4-777f-5048-b1dc-52555b250f60,4.42945,51.20939,2018.0
3a00db34-498d-48d2-ae4d-debc560a3e54,4.472347,51.0335897,2800.0
e040319c-9073-5d31-8916-da80ac073b84,4.33581,50.879,1090.0
4ee88581-a39e-564c-8383-793e504f04fe,3.721311966425461,51.05350520847443,9000.0
dcf953c8-1deb-48e5-8188-204ffe528c64,4.33747,50.88994,1020.0
b1b41f3c-e6cf-418c-bf41-696054077dc6,4.43158,51.25123,2170.0
4e6261d2-c45f-4606-a28c-5b94ca059906,4.4578817,51.2266433,2100.0
b8b02039-3f8b-5e05-a944-e6095fbe4aad,4.35853,50.89757,1020.0
208d9822-2ad8-5e25-879f-aaf359e4cf36,4.39766,50.71815,1410.0
9b124dce-250b-44cb-aab6-6a05cbc15795,4.1427483,51.1652283,9100.0
171211ee-e83a-4d18-abd1-778812c8a0cf,4.20507,50.69286,1480.0
abebd4c1-f848-4c02-bee3-5b004bfbaa5a,4.24277,50.77913,1600.0
531b5c76-8d88-4066-ad20-6e268d3361d3,4.39696,51.21013,2000.0
dfd8caa0-1f5a-5210-8d15-d9c876791e69,4.42939,51.31302,2950.0
cabc404e-f454-45a6-be76-8c0ec20561a5,3.83365,50.71165,7860.0
1c83305f-2371-5857-a93d-3290c3252053,4.39973,50.87125,1140.0
adb8e1f6-e76e-4e6b-9cfa-6bef57e3fe5d,4.3974294,51.2149731,2000.0
8d525f76-3a05-4e37-9ae6-e87c0a06437b,3.724066615,51.05796838,9000.0
796406bb-1c06-44a4-af8b-4f1a2a638db6,4.395508,51.210672,2000.0
fe364d67-bb39-4a7b-894d-fe60b206b60f,5.33067,50.92444,3500.0
c2de9fcc-11f0-58aa-95df-21ca4dba2b91,4.4551154887882625,51.17034506207239,2640.0
264fc679-2667-4d2c-a02c-1eed5ad61978,4.50177,51.2222,2110.0
0acbf385-f2e8-5e50-86ce-da6a6d3d34df,3.72179,51.04991,9000.0
53db1691-97b8-51f0-b602-0f52f7b47731,4.31717,50.80953,1190.0
819b0774-ff01-415d-a1fb-52213283d633,4.14162,51.16522,9100.0
df300943-cfd3-4df1-b0df-a7992c1632ac,4.3314926,50.7917413,1180.0
9f3b9e84-7d3e-49cd-b423-167631bc26bd,4.48192,51.02239,2800.0
d42aa778-a45d-4cbf-bbfb-334f84d1f975,4.3145633,50.8586302,1080.0
6d0865b1-2294-533c-9101-f7596551fc75,3.72196,51.0555,9000.0
b4f0e280-51c0-5a4c-aec1-72ae20ab81eb,5.151280984430894,50.94388263353016,3540.0
f321501b-9cef-485f-9d42-f8926d3b61f7,2.9241447,51.2257515,8400.0
74300a17-bec7-48b4-9953-78a0f54db2db,4.4017,50.71092,1410.0
aab55f9a-485b-4ab9-b30a-dbe1270d758b,3.72228,51.04604,9000.0
769a5d48-e1f8-5e31-9a84-b26d9d105105,2.91459,51.23034,8400.0
e60b1ac0-39e2-4641-80e7-29f36b073d43,3.723776,51.0579436,9000.0
bca8bea2-3c94-5831-97a9-41490832cd3f,3.73388,51.04867,9000.0
f76217f5-366d-4c1f-a38b-32158bd253e0,4.39924,51.2163032,2000.0
6f16edae-b6a9-5b15-9e02-47ced30c4537,4.46447,50.84067,1150.0
e372e6bb-1da4-4b9f-b7c6-c3f17b4f427a,4.4085317,51.2089325,2018.0
44b8644c-d7da-4fd8-8d36-372c427a9090,4.50219,51.25363,2900.0
800644a9-88c2-438f-bb64-3cd5eb4f701c,4.4041986,51.2183869,2000.0
829d8b34-3cf8-4cde-971e-d0e72d9bbe46,4.48052,51.02957,2800.0
f1062cf2-e66a-4d68-9153-44bea040ba9f,4.391741,51.2034358,2018.0
bb4acd25-382e-4294-9441-ef65429e70e9,3.72621,51.06095,9000.0
4a00efc5-866c-48b8-92f1-71ad8c91e10d,4.15308,51.15112,9100.0
9dfb7694-5b9f-561d-970e-2ca3591bdde9,5.33759,50.92969,3500.0
bfdfd8f6-0d10-4db5-b512-ba4c6046b6dd,4.43173,50.9129,1830.0
149333b7-eaf5-4387-b03f-0f04427eaefe,4.40478,50.86937,1140.0
f94be49e-1bcd-41cc-9f76-c94fdf6e8399,4.4113111,51.2176471,2000.0
248483e9-a008-4214-b66e-3b1efa5a7c78,3.7230683,51.05367,9000.0
12382e93-afb1-5589-b474-bb77ca6a8083,4.72229,50.883,3010.0
dafbcdd3-697e-5fb8-b3e2-329cb8a31ea5,4.45202,50.86797,1932.0
a7ebf574-b5f4-42ef-a77c-50540b488338,4.32007,50.79315,1180.0
2a90bd59-cf71-41e1-bb5d-7d9dd6429e85,4.71542,50.87354,3001.0
ea04e73f-57e6-4581-8d0b-b05c544daf9b,4.70826,50.87816,3000.0
063c07df-c103-516f-880f-2b5cd4c99b69,4.6938,50.8818,3000.0
ca391c1a-3c8a-441e-8ec5-9bfe030bf465,4.3943194,51.2100929,2000.0
ac5b5e08-3e7b-44d7-a4ff-8be90fba80be,3.72402,51.05807,9000.0
ad7b6b0b-3f45-5d95-b9d9-7be6707f6263,4.30358,50.84751,1070.0
b4a34b31-0980-511c-a3c4-743a54c6daa3,2.88223,51.21277,8400.0
efb0929c-100a-44c5-9698-243950e4bbd8,4.13983,51.16354,9100.0
16b00e93-914b-4d66-9f6d-481ccf4ee64f,4.70169,50.87991,3000.0
95e63c22-483e-5750-b6d4-acc3f80893d5,4.33264,50.86389,1081.0
82c57fad-a9b0-5feb-9c79-79fc8e26b500,3.7090142868057203,51.062921280104895,9000.0
5d5777c2-fccb-4f98-bf9f-3168a0e073ba,4.40928,50.87764,1140.0
8a1c8c20-fd8c-4d0d-9aef-c8d72ae4d9f9,3.30563,50.85205,8530.0
0bd6aa75-e302-4f32-a451-8d66c50eba9d,3.68515,51.06863,9000.0
5c3dc639-f3f7-5a03-aa6b-2e43a0e44f3d,4.69711,50.68133,1325.0
c328daf9-aba3-4a17-8844-03ce58508bff,3.27097,50.82996,8500.0
b0822f3e-7c46-4d21-8bcb-ff9308c85e14,4.4514062,50.8507486,1200.0
00ec3913-3a38-4b4b-b025-faaaa24a45c1,4.70561,50.88011,3000.0
59ab9660-337d-47c6-a028-be727729e9b3,4.3963572,51.2059862,2018.0
581fda1d-6ed2-43e5-84df-745126cd8860,4.70914,50.87601,3000.0
99b4ca33-5d17-424e-8854-5236fb9c80a7,4.4307272,50.83576,1150.0
84613b48-a707-469f-8ff0-d30d37f51abc,4.32257,50.84916,1080.0
8abc2343-b40f-4046-b591-479c39fb7ddc,4.3975,51.21318,2000.0
56274f41-bf4c-4643-9437-ad558f430401,4.32305,50.87417,1090.0
c2e0c293-0cb2-4f8a-9afd-803f40984cc7,4.1961,50.91253,1730.0
c476d0a0-2dcf-47a9-8e23-a05c3cf0002c,4.4369035,51.2233233,2060.0
a2ef6b5b-f103-4e65-9b5f-a7f576851367,5.49968,50.95324,3600.0
f84b9138-d14b-4b18-8402-26934eaecab0,3.7167982,51.0400172,9000.0
9a2d0b95-4108-51bc-9a28-a6caeecf3b46,4.70707,50.87051,3000.0
d0c4f3c9-4c30-5b45-b2cb-84790fd8700c,4.70851,50.87545,3000.0
8ea9564e-c4d5-4edb-90de-942e90f5484e,4.4552,51.17003,2640.0
4371b28f-bc9b-440f-b967-9ff1bb10a968,4.416996,50.846474,1200.0
23038c04-f25e-43d4-82bc-c4a2436983b1,3.7084,51.03751,9000.0
b6dd323e-0298-4904-87f2-b0a101fd984a,3.24564,51.20071,8310.0
11d53a75-7192-43e8-a88f-20ff8ebdf302,4.40769,51.22746,2000.0
a6d8dbb3-9cb0-446f-b7cb-72a7159bf59b,3.68821,51.05436,9000.0
786e2d5f-d64a-58bd-91f6-e15cfa4564df,5.30296,50.93949,3511.0
b41d5ad7-e15f-4f78-9416-3f91a0df0b92,3.7150144,51.037731,9000.0
d804d0ac-adac-436d-88b2-117ddba984fe,2.91345,51.21188,8400.0
bc26c3ad-5f98-497a-b1db-46479ce295d6,4.38705,51.18477,2020.0
44142058-6bc8-51ae-ab93-140f20b5f2a5,4.9439,51.32214,2300.0
cfd7d2be-19d6-4a7e-b87e-e2989ecf7e7e,3.7216317,51.0476864,9000.0
0daf92a6-5b28-46d6-84b7-2f7855fa9e39,4.14227,51.16738,9100.0
6d39e47c-af7b-4537-86dd-4f576ea3d3a6,4.3372557,50.8033664,1180.0
483d5229-91cc-404a-8a88-c637ea8cdf49,4.6944504,50.880646,3000.0
9c434181-9fe6-4b66-8654-ef0d40881232,4.45298,51.25321,2170.0
e29d2d8a-9b84-533a-8b01-c1cc7e09f488,5.690117021960184,50.988685674634795,3630.0
b71c328c-8f9b-41a6-8c82-ce49b862c45c,4.4455738,51.2158679,2140.0
eb62fa75-3523-4f2c-9a09-4df5f6932120,4.700042998942305,50.878688183072775,3000.0
d74dbdc5-850c-4401-89eb-860b2048b086,4.392286,51.2046098,2018.0
595d888c-22f4-4523-9ced-46b90a73b802,4.3133016,50.8735924,1083.0
eb0b5538-83eb-4dee-9efc-eef80e359e0c,3.2695163,50.82757,8500.0
e9e0c406-d0dd-438a-9a16-3289c1761c8f,4.6993287,50.8784884,3000.0
d16a9c69-24d2-40c1-93c2-b95495392ec7,4.4481011,50.918562,1830.0
0a732dbf-2ad8-43a4-b3b9-086c93674625,4.40207,51.2104,2000.0
0ea00ee4-154c-4f9c-a3a5-221b2d4b1b6f,4.39881,51.1636,2610.0
0262824f-cff9-450d-8e64-0a65672917b3,4.69923,50.87858,3000.0
b6a59482-2d87-4a77-8025-7bcac97f377d,4.3972246,50.8507837,1030.0
5c6859b3-4de2-576f-9989-523e5ad07e78,3.23567,51.21042,8000.0
17bfea70-7578-51d1-843e-68e60114bd05,4.40299,51.21766,2000.0
a4ffc8cd-fbb0-422d-a66f-9c4f3f6a289a,4.50208,50.78442,3090.0
692eb480-0423-4935-8e41-4dd5a8d115c5,4.45565,51.23106,2100.0
b39c8790-2ff5-4cbb-98a2-f779a0140084,4.70191,50.87814,3000.0
9b37581e-c286-49f4-ab63-6401774f70dc,4.3192869,50.8575632,1080.0
f4d28862-a19b-518f-adf0-790b95543709,4.70393,50.87797,3000.0
cd28142f-b3a1-5f20-985e-b7a077e57745,4.4056,51.22784,2000.0
2bd1fe79-9089-4e05-b348-00cfad2d4c2a,3.22538,51.202954,8000.0
b48ac15e-6864-4d3b-bc51-791d9436493b,4.3957,51.17279,2610.0
5d1c9362-c11d-4d5a-8f40-e49b75001d90,4.0391266,50.9411956,9300.0
fca63e56-4dea-44f7-af73-7ffd0800c04b,3.74613,51.05315,9040.0
32b08716-9660-4a11-a6d0-dd19339f6940,4.4364,51.22647,2060.0
e2c178ac-5139-507d-a5f5-38e37011146e,4.50177,51.2222,2110.0
8dbb542d-9baa-4f8e-9436-f327dc1e47ca,4.6828076,50.876704,3001.0
d67b4645-2a2b-4dd9-b705-e848017bdbbe,4.389882465040251,50.875182112039866,1030.0
c823013c-7d44-45fa-b20c-8a28648ee73e,3.28807,51.34269,8300.0
9a384fdd-cf3c-41ec-a407-0fed2ab1f2a4,4.42529,50.93114,1800.0
8c15775d-103f-4ff8-9cab-84f360d0b7f5,4.30988,50.83732,1070.0
a6a4bbb4-d34e-57df-af30-38c2dbec8b18,4.41011,51.22075,2000.0
c839dc98-1601-4e57-8f26-f81d1a740d14,4.43617,50.89528,1831.0
548b04b9-80b3-56c7-afc8-c853492b8b65,4.45083,51.16997,2640.0
c67ad94f-5813-4ce5-b65a-d13dfa96861b,4.4770412,51.0246297,2800.0
99ed5332-a16a-443a-8b4f-57720d5e68a8,4.4241414,50.858543,1200.0
d3a97e64-7cca-4c28-a32f-c0416aa33825,4.44987,51.20909,2140.0
08243c69-25ef-428f-ac0e-8866b55a0341,4.4097853,51.2103485,2018.0
1c0654c8-8c2e-564b-aac4-8c5141bdc495,4.308442913673938,50.866891882318214,1082.0
8245c0f3-b591-4b9a-8645-0ff1a7c1538b,4.422145,51.1967767,2600.0
4f1d3623-f303-42ef-91f8-8839d39b6f87,4.4612329,50.84907,1200.0
7edb53e9-35ed-4549-a9d3-175083ee90bb,4.27905,50.81936,1070.0
b2b17894-46ac-458d-b30d-c5d664924fe2,4.70899,50.88137,3000.0
ffaa6a96-defb-5919-a248-f252b552611c,4.3849,50.84443,1000.0
f490fa22-0e3b-58db-828f-8016c5ab2d12,5.3389,50.92882,3500.0
8a503350-7c68-44e9-ab75-756fafdf7b2a,5.33662,50.92748,3500.0
8c11b3ba-6ff7-554c-b58e-54251ee4f76e,4.70435,50.87717,3000.0
988e6e45-3542-431f-bab7-e5222339324c,4.99106,51.16082,2440.0
c0eb7770-9de3-486c-95f2-2e0852d8bc8c,4.32531,50.80956,1190.0
6e50516e-ca5f-4afb-8065-a328c084e34e,4.36807,51.3302,2940.0
88e09f82-13f8-585f-ad9d-c0c8e8ab5cd3,4.88846,51.31331,2350.0
790205ae-7d78-46f6-b689-f849730a8c13,4.4097627,51.2151302,2000.0
ac929da9-80e5-4bf8-8245-98ea3e426365,5.11735,51.18658,2400.0
fa946373-157e-425c-b8bf-8a805e6fc1c5,3.72584,51.06097,9000.0
884edf63-233a-4e0d-b60d-15bb3980d9c9,4.47229,51.02614,2800.0
5cd0e2a6-3fc3-4d86-a8ed-a29b7d054dd4,3.72232,51.05212,9000.0
dc5af825-81d3-414f-82da-4e08015af830,4.398214,50.7174478,1410.0
1a52424d-0a21-445b-b4ad-235b9b824edf,4.3263,50.8729301,1090.0
6b33e234-e7ae-49d1-a2b0-c629eb3c477b,3.2221871,51.2066932,8000.0
d5156148-44f7-4950-b29c-f6bf0817f49d,5.221359067456827,51.040365324312226,3580.0
e39015f0-6e3e-4f09-99eb-f7ab419ddf35,4.4589127,51.2287071,2100.0
4c1b087a-d3e0-4ded-a7ac-edaf41cee2d2,5.05552,50.98007,3290.0
6c0f4a8c-f752-443c-8cb1-7cc8ecf3b637,4.4095179,50.8779071,1140.0
0d3b87c5-7ba7-43ec-ab36-d359c743a6f7,4.43753,50.84608,1200.0
a88f124e-7d54-47ee-82bb-ef5bd05dd1fa,4.3981752,51.219765,2000.0
3b1a1b8b-b085-40a4-a358-fc3e545feaf3,3.7266306,51.0396833,9000.0
abd610c5-d455-505d-869e-300a5c53ab44,4.389032706722479,51.2079114732488,2000.0
08b71f99-e676-4bcb-b45f-0f5bcc2bbff9,4.37193,50.82866,1050.0
0dddb02f-dbb7-4670-b6ab-31738cfac616,3.73388,51.04867,9000.0
367bb6bc-63b1-4401-8c99-8742e44f54e5,4.4480773,50.8674143,1932.0
e9637b05-54bb-519d-8d43-ef3495a463fa,4.41275,50.87973,1130.0
328d5cea-590d-48a6-91af-24aad7779471,4.37344,50.87891,1000.0
41e52ab9-42a8-451b-bab5-79ddc14effe6,4.3242994,50.8728891,1090.0
52a7ccd1-15ff-43d1-9cf7-d65792320fce,4.40903,50.87766,1140.0
4ecfa444-974b-5ceb-8f22-068d7a717f19,4.39809,50.71827,1410.0
bf88bacf-6835-4491-be9a-7166f89ef764,4.4145863,51.2198742,2000.0
43425057-5239-40b3-81ad-244a9c29f9cb,4.70985,50.87643,3000.0
ecaf1c61-4ea6-49e4-a95d-0d1574b247ee,4.4884294,51.0291061,2800.0
ca5f6f54-7bde-5dd5-ba8e-ad5b4ad02482,4.314735087843304,50.948542836526535,1861.0
da5a21d7-aab4-4a75-a9f5-9ad92a17eceb,4.70334,50.8784863,3000.0
f5cf5976-b101-46ec-8cca-663cd6821290,5.408851,50.9872033,3520.0
c5dde3d0-12f0-466f-9e3e-1fc455c0f494,4.8317,51.23214,2275.0
52da80d0-6f0f-47cb-acb8-226eda3e7c2e,4.4146,51.22488,2000.0
10af012b-9faa-5b1b-b4ea-58607082f097,4.430588064361824,51.21608868981005,2140.0
9fbb7e32-cae0-52a5-9c48-ed2c139a355b,4.37843,50.68573,1420.0
8062a04f-0fa9-5ada-ae2c-40dcb0f671d1,4.41655,50.85974,1140.0
f0631a04-5b4d-46ba-a503-5394187b33a9,4.434118305754471,50.8142328233445,1160.0
1ab8e3d7-1409-417c-b52a-78d5497cbf93,4.399389,51.216469,2000.0
fc706982-1d69-4255-94b5-5d852046ec54,3.2668364,50.827477,8500.0
876f52b0-b6d4-49a9-ad05-7edb687301b0,4.69804,50.86063,3001.0
a3aadad8-d638-4ae0-9492-4a555763ad8e,4.3253788,50.7788081,1630.0
7c4bc885-f6fb-568a-bc37-0035bbda7535,4.30999,50.79654,1620.0
a635cad0-52c0-4455-8a4e-f1e8af854272,4.4045509,51.2250532,2000.0
f4657c9a-8d16-4f55-b969-373ea234db50,4.49213,50.78916,3090.0
5895252d-04d5-4bf7-982e-87fe20962f4a,3.7482,51.06081,9040.0
2da207c7-89b5-4c11-b883-c72bf8fe8bdc,4.3729,50.87945,1000.0
e9a9a7f9-0b16-4a49-8856-defd079f8b4f,4.4053328,51.2272765,2000.0
dbad44fa-cd08-5a02-acb4-96f355ae3b7e,4.400342974449471,50.91883399867707,1800.0
bc43eee9-64c8-439e-b471-52097563188a,3.71537,51.04365,9000.0
3497df18-089e-44a8-9542-1dd0f65f7aee,4.48169,50.79356,3090.0
c5c3ee64-65b6-4d45-8d32-edcd3b3947bd,3.74225,51.03761,9050.0
44db6606-cdf8-447f-a8f8-69452372140f,4.48426,51.0266,2800.0
9e83fd16-5509-4f47-8836-14ecefa605d7,4.43427,50.8373,1150.0
112b03ac-a691-4cac-bf28-661417435923,4.3742,51.18455,2660.0
74760a67-2934-56f6-a9f9-98f9c0d92bd0,5.33802,50.93001,3500.0
6487d194-5489-5f58-9ff8-399d51f2e98f,4.7006,50.87832,3000.0
c55baaa6-012d-41a1-8201-08bd89bfd2b2,4.40771,51.21258,2000.0
953e34c9-20df-51f0-9b57-21a5cb3070b7,4.418204852818815,51.2055069128676,2018.0
bd03eba2-58b2-4582-9c10-2cdc4564a940,4.40425,51.23006,2000.0
36206e9c-6a8b-5405-829f-75e3390c9066,3.51292,50.96793,9800.0
7eb984da-f837-4cd5-a33e-560c1b8d9714,4.39922,51.3482,2950.0
7598dad9-f340-5812-97a4-c876230840ae,4.3849,50.84443,1000.0
7e93bb9f-a9d4-4d66-9427-961779d8a331,4.44156,51.23866,2170.0
3c9bf4c9-d1fe-4ffa-a72d-6352434fe7bc,3.23567,51.21042,8000.0
4bad3b55-22e4-4787-97da-798c6f4fa2e5,3.71043,51.03732,9000.0
e3c3877f-f95d-5e93-bbaf-bb58b9c55bbb,4.67517,50.87527,3001.0
d5f22118-8dde-4419-858f-b4d021743df8,2.91317,51.23202,8400.0
8af8f289-402c-43b7-9dea-0bf994d3b5e5,4.417880174,51.21798993,2018.0
5aaf6ec3-6862-4f14-95e9-cacb279af355,4.41844,51.21817,2018.0
355b7fea-be70-4ffd-9bae-444d0a5b7305,4.390637865145786,50.872596506878565,1030.0
a9d26f84-ceaf-5b19-a7ab-a6486159af52,4.39766,50.71815,1410.0
bf5e653e-191c-4701-a900-23344edc1d28,4.4027314,51.2206237,2000.0
76c9a107-57de-4caf-9e6a-8a292c8802c2,4.48974,50.73137,1310.0
d8ca4e82-ed67-4ceb-8dba-d1a34bbf3b70,4.4280397,50.8565307,1200.0
3e2f2bb3-5ea2-4ebf-9980-24a50108dd4a,4.44818,50.8544853,1932.0
336de6f6-1915-40d5-b2f4-320550b2abb3,3.72572,51.03928,9000.0
33efa2b0-e9ce-5125-a511-da3b3aee1aeb,4.39441,51.21043,2000.0
044c34b5-b101-4dbb-975c-12ca10a9c9f3,4.70217,50.87814,3000.0
3b6b8c51-3f1f-48ee-ac2b-0f89ab9a2ada,5.47089,50.9633,3600.0
73d365f9-b093-423f-866c-bf123b0bcd6c,3.74237,51.05781,9000.0
37388fc1-93b2-5359-ab20-8f78b07b96d5,4.03699,50.94006,9300.0
b553ee62-d1f9-44b6-b9b9-4869b93a55e5,3.2223275,51.2093,8000.0
86d9ed5b-4b15-5071-b214-da9655e6f9b2,4.31736,50.80959,1190.0
9cf36158-e605-4719-b61b-1402e55bd5e4,4.3924994,51.209315,2000.0
16d6d4eb-2f75-4001-aa76-d3db69374041,4.29519,50.86421,1082.0
759bc985-e473-4f30-aa49-ca7f98f281b9,3.729553,51.0507438,9000.0
0b72f50f-ab89-4268-bd70-e2b824841218,4.14328,51.17038,9100.0
9e071d92-9e32-5152-aa53-1bc1d5f488d9,3.70494,51.05835,9000.0
186f09a3-6471-5683-ae8a-a4b1d1113a24,4.705158806886909,50.87709744902972,3000.0
ebebb30a-3b35-5ca1-ad84-7bd7279b546d,4.14158,51.16472,9100.0
9b21f3b5-1ac5-4e3f-b404-b24f31ce4e4b,4.40947,51.19538,2018.0
a7fdf0d2-ff69-57c3-b1a8-e1ff8484d390,4.70851,50.87545,3000.0
16aa2a49-8ae8-4b51-9f00-ba2daacc9949,4.3852536,50.8946727,1120.0
7e2d32d7-c3be-4ab1-ba04-cedbf3484f50,5.06127,51.09329,2430.0
c7ab4139-00c0-497c-8f0c-9739bc146252,5.33922,50.93063,3500.0
92bd90b6-79a8-42c6-be76-388972824bfa,4.45353,51.27824,2180.0
e0e90a2d-9747-4b7d-a3fb-cf420aab3d86,4.43601,51.21441,2140.0
b773fa87-c18d-40fb-8974-4d5dc437b415,4.3977058,50.7188868,1410.0
4b45df9e-33fa-4549-880f-dd1e3f9be94c,4.4786,51.02727,2800.0
9ccdc19a-088f-5e05-82c8-7bb72c27fc6e,4.43283,51.24768,2170.0
e832f48b-21ae-46db-b721-e4243080938d,4.3131599,50.8435106,1070.0
0dd29e0c-616c-4aa5-b260-4ff0cbd2a014,4.4169822,51.21769,2018.0
5d026329-408f-4061-9766-6d56f56efd43,3.734,51.04886,9000.0
7f9764be-0cf1-4d0d-a019-aa1502e71f87,4.4735394,51.03824,2800.0
8af0d438-c92e-4335-9301-d3e2f86a9779,3.7256588,51.0413617,9000.0
9d777fcd-9894-53f8-9a33-9ad20a7e6530,4.42452,51.20586,2018.0
bc4c2ab6-52ad-5ff2-b79d-2106af24ce9a,3.42478,50.89133,8790.0
c0889ac3-658f-50a3-bf57-76704b4cea06,4.466991546050355,50.84162341679757,1950.0
b86de7cb-457f-42f4-9c42-6b80e3e09c57,4.700189,50.8788722,3000.0
cceb46f2-1b27-4182-bea6-5d3bdd5a23b5,4.46223,51.22189,2100.0
b2d368eb-4508-4573-9f50-89a83c81c544,3.72599,51.05621,9000.0
891eec50-a2ea-4f1f-9dd9-1aadbf916630,4.42053,51.22042,2060.0
b47cf0a9-eeac-41ea-9079-7f9c33db4954,4.31293,50.904026,1780.0
261d24cf-689e-5aaf-acf1-2c3cf70195cf,4.71249,50.94985,3110.0
5a18b004-8cce-4cfe-b8d1-3396a89c4ddf,4.7039632,50.8773523,3000.0
ca77c35d-d69a-4a28-8555-44474e8f4656,4.4288792,51.20033,2018.0
6d85dd57-e8df-45a3-bb18-7ab8ac1e42d4,4.3993571,50.8553867,1030.0
bcd6e89a-0dc9-5ad1-b35a-5647c8c1b1aa,4.43051,51.20651,2018.0
16c2af4b-1a0f-4f4b-bf08-38808dfaee43,4.41599,51.21813,2000.0
517f278a-da5f-48e4-a467-1a7232e67798,4.3962193,50.7174358,1410.0
cdc40bb7-becd-4904-b91c-83443db37f2a,3.7200522,51.0563066,9000.0
71c7249f-f045-4241-a75c-d997da7b1aaf,3.7248385,51.0428421,9000.0
b06acdb7-ecef-45ee-9b7f-55355cc84023,3.73388,51.04867,9000.0
1a7b39b0-894e-5415-95d4-177eeb94c913,4.443796606979154,51.135663185273565,2550.0
b5672619-fa59-5816-b0ee-e6e6726b2d76,4.15351,51.15316,9100.0
6f3bacf9-9e7b-4790-aeb7-3d8019756cac,4.42223,50.92939,1800.0
e9a3f21a-0143-510d-96b8-82584bb191a4,4.70429,50.87557,3000.0
f525536e-a851-47a4-b8b8-96b49c2e6307,4.41239,50.85839,1140.0
7cfedbd5-9c62-5352-876d-ba5b7fc30d2b,4.3359,50.80363,1180.0
3153cf41-fe8e-4292-8b6b-a4c2151a87fb,4.3339085,50.741745,1652.0
43bd3dde-b992-53a0-b7f3-2a674b2e8852,4.327694362071476,50.87674239573441,1090.0
353ac668-4767-4971-a393-986d3801e5f3,4.38398,51.18767,2020.0
74a1f83e-26e3-4256-b788-a4c2fd7fde02,4.6955,50.88599,3000.0
114caa08-e015-45ad-81f2-733e9dda5f8f,4.4887,50.72756,1332.0
318099be-4fc5-41ab-8cb9-1c06b92936ab,4.37478,50.87943,1000.0
008a7616-0ced-4302-b768-5b4df3319698,3.72523,51.05324,9000.0
fb08bf2f-ab1f-5ab6-9cd0-25420d2df389,4.42411,51.2187,2060.0
501b2a87-4f14-5fd4-aa7d-e8532ac4abb1,3.23567,51.21042,8000.0
5029a3c9-19d8-4702-afd3-9522ccd7381f,4.404101707041264,51.23150479073598,2000.0
1b5cee62-9371-4f4f-a027-f8e636d53d8e,3.72446,51.0601,9000.0
d56b0931-ab10-487a-945f-d0765f47b351,4.45941,51.24939,2170.0
58e90ff4-2c5b-5328-af73-b3efbcc8aafb,3.74785,51.06037,9040.0
f4f2d2a7-f096-4c9b-a252-c8e21be49967,4.6995281,50.87898,3000.0
79053682-d33f-421a-9124-601b8a667060,2.9084273,51.2216239,8400.0
13d29e36-62f7-4262-8a76-51c7e5b4497d,4.0418732,50.9392,9300.0
6527ba6e-f343-41b3-a966-495950230341,4.39742,51.20089,2018.0
31756afb-2ddc-4660-80d6-668ac67af561,3.29112,51.35267,8300.0
fab04a45-8b36-42d9-a504-c2463c153af8,4.47876,51.02744,2800.0
72c06ab4-e56d-5143-a72b-b7f848fd261a,4.39809,50.71827,1410.0
2e88fb4e-842a-4554-8f7b-d20397d6919c,3.25993,50.8341,8500.0
2c36fcaf-929c-47ee-888d-5dca9939d596,4.43631,51.21037,2140.0
2a75227a-a67f-518a-9315-e301581b3942,4.69871,50.86915,3000.0
3909bb63-e0c8-59a4-8147-77bae5ad2cd1,4.30707,50.83977,1070.0
23d703a3-4c88-44b2-9978-0e55c2c4a6ba,4.35678,50.90661,1853.0
11e2d85b-d5c8-440c-8147-c74269df8a26,4.40037,51.21738,2000.0
d329ae3b-93d2-47d1-9206-c704a8a3f0ab,4.33654,50.88913,1020.0
c87fda2f-0e9a-5245-9070-5ecccd21de0b,4.3849,50.84443,1000.0
e5a2c903-65c9-5f51-b031-83c8529a8fa5,4.50012,51.09487,2570.0
a9d9eabe-ee3d-5219-8883-5775d086d74c,4.44311,51.19612,2600.0
8b8ae9a4-9367-49f3-8120-f1fcf2469fbd,4.700065700359479,50.87869673473902,3000.0
9f415747-d357-4f53-a450-1fca91ad5a7b,4.411821,50.846779,1200.0
aad8857f-5358-4e2e-92f6-e887869518bb,4.278693012893199,50.867364595229176,1702.0
50fdb52c-8a70-4b98-b222-216343f688a1,4.69879,50.87795,3000.0
2f350fdf-149e-4a25-8ed8-5e8fdc58188c,3.22348,51.21008,8000.0
cfc3e97d-3b44-4bde-91b2-4dcdc7a94051,3.7312853,51.0489438,9000.0
5a0646fd-645d-598c-94cd-b4fb9db97e8c,4.46719,51.20684,2100.0
ccc390ec-79c6-5baa-aa81-abbccf889899,4.42113,51.21609,2018.0
74df6aa8-d737-566c-a4cf-5e360c3dec71,4.33794,50.80033,1180.0
62cde80e-9f09-4f0f-a9da-156be5b0b106,4.98974,51.16056,2440.0
87807e67-24e9-5d40-9318-8119539cb9b8,4.428682710109872,51.21001737568203,2140.0
19a54486-fb7b-46a9-a43b-9a1627679284,4.33699,50.80721,1180.0
d1d644bf-620f-4e44-9264-db33828c5e78,4.32577,50.77859,1630.0
304c74c5-43da-4c58-8497-adfa3ea994d4,4.4370996,50.8448111,1200.0
d5d8eab5-c075-5dd4-a8f1-a91613d20f97,4.670866451881014,51.16120302521716,2560.0
4c7ec7b6-b740-44b0-9192-d1c67facbcc3,4.44896,51.21254,2140.0
f59046d4-640a-5983-a497-ebf6059b6baf,2.96674,51.24864,8450.0
1a4da101-8fc9-5bcd-acd2-e34784580bef,5.33807,50.9315,3500.0
b4ef9208-aef4-5e8f-be3e-9902ece6bf2f,4.39045,50.87687,1030.0
f5ade387-a527-51da-b01b-77e84eea3d28,4.25284,50.76663,1600.0
3a74a33e-0851-495c-8894-bd14c4ca8eb2,4.44076,51.20048,2600.0
3b369115-15bd-499b-b89b-867248b20dd2,4.48739,51.28785,2930.0
e4ff0ad5-d9a7-4e78-a9da-666ecbc72073,4.1434245,51.1701108,9100.0
fa617242-8a3b-44f0-ba84-2e996769d72f,4.76267,50.85559,3360.0
134452b3-99e3-5d30-af9d-61dd541fdf4d,3.12448,50.94649,8800.0
50efce2a-7f48-4b03-847e-f10cef988c5d,4.4874585,50.73087,1310.0
0e84ecca-12c4-4490-88cf-30a174194acb,4.3724309,50.9126421,1800.0
b7a277a6-e29f-48a3-81e3-bb4fb3da2947,4.6978284,50.86904,3000.0
ab0ac15f-3389-4ab6-b4fe-b50f1f1dcbe7,4.420604592145496,51.22740258161822,2060.0
c1492ccb-fe6f-438d-9039-506481604f7e,4.6977387,50.8762266,3000.0
27e715df-c1aa-412e-a818-4e995f936c25,3.2647357,50.827854,8500.0
3fee8928-e390-4eb7-8b85-9e6965827d2b,3.26512,50.8285,8500.0
96c0eb42-8fb2-49ed-80e4-0f181dcd547f,4.42083,51.27741,2180.0
f4f22fd4-deee-560d-9e1e-9500ee4b005d,4.72074,51.07627,2220.0
5f47c0ac-11f0-44eb-8301-efd48b7d4cbb,4.51461,50.72518,1332.0
a1858d03-d2aa-5d43-b164-7748ba60036c,4.41327,51.20495,2018.0
6cee62a9-7f35-43c0-b2ec-371e20d65eca,2.92209,51.22673,8400.0
94e7629c-60c9-4ba0-9446-5355b372c139,4.328,50.84923,1080.0
e016045f-ad93-45f4-9306-4c9695d308a5,4.39441,51.21043,2000.0
b6f104ba-a761-4ca2-952c-32513b6ca161,4.4290385,50.8482885,1200.0
e0bacf1a-32a3-4e56-aeec-140746e9cc6e,4.37487,51.18655,2660.0
6801ff36-6b82-59c8-933c-e2f54d5ebc15,4.34291,50.86282,1080.0
a5b6d93c-4591-468e-90c2-9a050c77eddd,4.39441,51.21043,2000.0
af569c13-1418-4942-af96-c8a53f58aa34,3.734081487,51.04868418,9000.0
c1cd49fc-a448-4cdd-9861-c227ea707db5,4.48623,50.73096,1310.0
6d8f566e-858c-5877-8f92-93cea8d299bf,4.46907,50.84856,1950.0
04619392-bbd4-4eb6-8c11-cb80e9fa60d9,4.3998439,51.2202322,2000.0
3bc4dffa-1b16-5e5d-9efa-c60231702eeb,4.3849,50.84443,1000.0
2737fcf6-d61d-4e11-bd09-eb8c86485586,4.7000428625979565,50.87869979808072,3000.0
b9c039d7-4902-4c41-835c-0884710ee842,4.0671428,50.9280984,9300.0
46e389f3-be6b-4c9f-b1b4-35877183e63d,4.4356959,51.2223336,2060.0
75e6f9d4-8341-4173-85ff-40d5294f55b6,4.4809346,51.0270351,2800.0
fd7eecb1-b437-4d1f-806c-30a85520ae04,4.95232,51.32196,2300.0
e73ab3fd-d646-4780-aa36-14077650ace9,4.31003,50.85906,1080.0
e0de9586-1a60-4ca1-bf27-75502641d1e7,4.38894,51.16234,2610.0
a22dc4aa-fa6d-4df4-8ff0-58de35caafdc,4.3479304,50.792975,1180.0
8f86d439-f1f0-470b-bc06-e4e5e7eb09d2,4.40995,51.22108,2000.0
a919dd9c-2408-4444-83b2-2297c20a0442,4.48648,50.7281,1310.0
4b365383-498d-4055-917a-e018ddb92562,4.3751152,50.78929,1180.0
9886010c-019b-419b-ac3e-0e4eb7aa021d,4.2801392,50.8202132,1070.0
da176e56-7ad1-4a49-836b-120e05e2508a,4.3981583071604655,50.71714787542622,1410.0
81051c89-7822-4ed9-9a18-3cb814751d54,4.4097,51.20738,2018.0
d50abf4c-19ab-4c6a-a033-f308c4406731,4.3085427,50.8351755,1070.0
1ef129cb-f445-5bfa-b28c-5a46e9435a57,4.37063149282516,50.902506137070446,1800.0
aadc83b3-17bf-4115-a5b6-bf06da6e6659,5.11764,51.19038,2400.0
ef4034aa-a157-4634-8849-41b6ebe1f163,3.26934,50.81801,8500.0
86db1fe6-f188-4c36-a063-d822e699ffe8,4.4410466,51.214007,2140.0
7646937d-5b1d-55ba-b931-fb7439f88c5c,4.31722,50.86554,1081.0
f3823c89-447e-4011-aa98-50f2382d168a,4.39441,51.21043,2000.0
6ea47821-ef26-4007-a7d0-b0f3089c22d0,3.2222666,51.2090102,8000.0
c7c12710-d2e3-4c9f-88fc-37f9e12cfd0c,4.30059,50.87825,1083.0
8e6f8aa8-841d-4c14-8b07-9a6af15b4cf6,4.40509,51.21962,2000.0
cc63f58b-4895-48c6-861e-e7e9055e923e,4.3997172,50.8551993,1030.0
810f1104-ea4f-4f6d-9742-0ae8dce08fb6,3.725227,51.05114,9000.0
e425bd17-a8c3-57ed-a651-87dce73b16a9,4.04254,50.93965,9300.0
5e2331ff-c2a4-55be-b906-3cc0719117eb,4.33191,50.86479,1081.0
1d3e88b5-5959-480d-abbb-9bff06ecbcc7,4.98917,51.16668,2440.0
d34e12e4-3d91-5d5c-bb5f-e9cad83a537c,4.3583,50.89657,1020.0
0ba313fe-7a0a-4f16-8c90-0d8ad39207e2,5.08769,51.06969,3980.0
62be66b4-185d-4f4e-94e1-b3ab8f7a147f,4.3146746,50.8483037,1070.0
3cd0eacb-ca70-4ef9-8085-2a59d0b1cf9b,4.02355,50.83485,9400.0
c632d0b7-3a62-5ae4-8707-ffa8e80b228c,3.718625934419552,51.05534204466334,9000.0
ff4ba9f8-878a-4849-b349-b1ab3f8e7314,4.3306704,50.7969833,1180.0
3423db91-03f4-5a5a-9848-5afba9b4ff09,4.94995,51.32241,2300.0
6c2cd806-5b3f-5e0a-9323-e03be57d39a6,4.324483028667286,50.87152085691664,1090.0
28e97af7-3d2f-4c40-8d30-6c7b6dae0fae,4.3977547,50.7166938,1410.0
ad2f5252-8a2c-4ca6-b779-8ac8fbcda4b5,4.37836,50.78373,1180.0
9c237cbb-d1e4-4eab-94fc-c5a08cb88583,3.31524,50.85914,8530.0
f15f7e95-c029-49ed-acdb-1ea28933a498,4.313366,50.873524,1083.0
3c800bb0-2282-4f1e-9de5-4f58e57f49cf,4.31813,50.80047,1190.0
8d06ae0b-c503-4f8e-a70e-fe4a8996e37f,4.400518,51.218901,2000.0
9db620bd-d6e5-4b04-85f4-2b4a4a1ab76e,3.69706,51.06191,9000.0
5783d750-0c5f-4b4d-8997-67a76cc78cd6,3.29787,51.32311,8300.0
deb5c631-01f9-5ab6-94c9-0e6f305855c6,4.33287,50.74695,1652.0
c7375e92-40a4-492d-a3f8-5365c4270749,4.4180228,51.21773,2018.0
53a5b07f-ca62-5255-a49c-17a0bed8b7f2,4.45581,51.14136,2550.0
0ade5ae6-34e0-49a2-9106-8cc413683ded,4.1428185,51.1698467,9100.0
af51ec74-f96b-46f4-acae-4d98ae73da31,4.28932,50.80495,1600.0
89b7fe5a-613a-45a6-934e-a6202fdbe480,4.3176707,50.8104615,1190.0
21623ab0-bb05-50a2-a151-f2bab0cdb611,4.3948,51.21252,2000.0
6ee68960-a718-59ca-b062-1d23f5a623ae,4.316735950624803,50.80859826392352,1190.0
d09aacf5-a40b-4149-b8d6-9e660dbf2dee,4.4027619,51.2196693,2000.0
70a1659b-9eab-507a-8181-a7f8057ba566,4.04069,50.93823,9300.0
3204a47d-3df3-5634-8618-28d947d819f5,4.30661,50.9089,1780.0
5f549aa0-2133-5a0e-9af8-75157264936a,4.37688,51.17676,2610.0
2555bf4a-6087-46b7-a4a9-601422765ac5,4.05419,50.94239,9300.0
857b62e3-ae0b-4fb7-aa08-3b7ed8a9afc3,4.7055648,50.8801109,3000.0
39422d7b-e43e-5012-9087-31c150e0acdf,4.397671721599886,51.21961542436715,2000.0
3f384e25-d83d-4d36-bd7b-1b85ad4352ce,2.9194697,51.2323273,8400.0
d4765b93-07ad-4201-9462-80ea2064be1f,4.39679,51.2186657,2000.0
08f3c0ec-0d83-510e-a11e-424d687d031b,3.30235,51.31418,8300.0
21aff611-2aa2-41c0-baf8-a03830da6228,3.7289975,51.055668,9000.0
6ff795e0-6f03-43aa-a4db-2b1394562df4,4.29495,50.79031,1601.0
14100f35-769c-5dfc-abff-a4ab16b942be,4.69845,50.87952,3000.0
fbb98cc9-91d3-5ecd-8df8-2953931a74e4,4.61272,50.71196,1300.0
c0caddd6-6564-5e70-8a1c-4c3c06547fbe,4.393848076860145,51.213910376135004,2000.0
783d65fc-d249-5cdc-89c6-d82871ebd1be,4.12439,51.03742,9200.0
5028fc29-eeb1-46b5-9507-aa6117827a1a,4.04015,50.93773,9300.0
f4ea74f9-92c3-498a-b59c-292d528dd46d,4.70353,50.87861,3000.0
32c36640-3cd8-4627-95d2-90c4b38fe611,4.4706614,50.8873637,1930.0
5a793372-d39b-4fce-a6dc-c95f435d0d55,4.47055,51.02776,2800.0
e3724cdb-7b8c-4684-a4d7-6582b5defe8e,4.03692,50.9388,9300.0
51882edf-a174-5b55-9c39-1a654d1d4173,4.40914,51.22758,2000.0
42696736-b581-5710-b36d-61e5e6642ebe,4.46501,51.20101,2100.0
7478e7e9-6949-47e6-9fa8-1c6ab9eaa8d8,3.23567,51.21042,8000.0
47cc7d18-5d52-5eb3-ac77-0cdc0609434f,4.31645,50.80989,1190.0
c28a203c-6c6c-43f0-8dd9-3c86bc36eb52,4.3845321,50.7846788,1180.0
064cfeee-1369-47b6-980b-764306782941,4.336132136799108,50.80343505978632,1180.0
0cf41253-b11d-4347-9314-99010a68c380,4.276338875865639,50.78362744606543,1601.0
2eb2ea82-6a47-4acd-a66e-e2e696dd10c8,2.9228993,51.2309648,8400.0
9ab84989-bda1-5166-a293-3fd5b9d8ea5a,4.48317,51.01875,2800.0
cc5940d0-6ca7-4e02-8f61-c7f5d5872d30,4.2967019,50.8600908,1082.0
3743b36d-125c-4ec4-b03b-e41ada377a39,4.70272,50.87854,3000.0
98d689f4-4e51-54f6-9b7e-e089fa292484,4.40126,50.85548,1030.0
41642572-7aa8-4c7b-9d23-6b347f53203d,3.710403,51.036135,9000.0
f8de55a4-951f-4a23-b850-935617f5641e,4.39777,51.21943,2000.0
7fd44721-1629-4c9a-b9cf-99514251e283,4.270976854814187,50.74961320586286,1654.0
de73aa44-a12a-57e6-ba44-d003aafa31e4,4.32439,50.87235,1090.0
874fbaeb-52ab-41df-96bd-f8d30acafe0b,4.2694619,50.8443255,1700.0
e83971d0-5de2-406b-a039-e649c867d6c3,4.70603,50.87653,3000.0
bcfbbbde-dfa8-4638-92f0-acd2fd089b9c,4.42528,51.19806,2600.0
2b1cb3d1-807e-4e19-b6f1-b3a479d4ee2c,4.3196713,50.8956038,1780.0
1476f255-eb99-4b21-b017-1be732a833d7,4.42409,51.23294,2060.0
0c079961-190f-47b9-8f68-af68bae4784b,4.48118,50.79376,3090.0
a08ceb14-3ef8-47f0-91ae-2589e8016722,4.3482673313550215,50.82476412025449,1060.0
53c288cf-a09f-452c-9dba-f43e7b495498,3.72114,51.0522,9000.0
8e46d363-182a-5417-ad65-420e27544bef,4.40014,51.21727,2000.0
a9863328-f492-4a9d-95fb-aefaaad1ed9a,4.4039978,51.2174862,2000.0
04c8582d-5ece-470d-aef6-4c6cb17ce8f3,4.4359,51.19992,2600.0
9b2e90b8-ccf5-48fc-8e0d-86d19aef9234,3.7181642,51.0539696,9000.0
d5faa55f-2307-4677-a38a-699b71a50f96,4.14898,51.16972,9100.0
9116970b-1309-4e2a-a598-13571831b022,3.7231367,51.05308,9000.0
790f08d9-55aa-4b44-852f-14b0049403e6,4.04059,50.93887,9300.0
a6a0eabf-6f0b-4666-990f-4f67313171c7,3.21895,51.20436,8000.0
c31b6835-4739-434c-8dcd-c7362877919f,4.4297993,51.2070987,2018.0
c436564e-4b48-45e5-889d-4ddd6c2628d0,4.3223286,50.862175,1080.0
765a1920-b781-45ba-b69d-caeefee938b9,4.44279,51.20065,2600.0
3a64c660-7a3d-4ab9-909a-e9c7f8231cc5,3.7300695,51.0483405,9000.0
8234cf5c-8dd9-4707-bacb-bbc0a2ac8e6b,4.4663,51.22293,2100.0
163a76bf-5239-40fc-9e65-5e3ac7bd5739,4.32368,50.87287,1090.0
0fb319d7-137b-5da1-be96-699b1cb988d2,4.41437,50.81662,1160.0
3651098f-7222-4c77-9cf6-670d6ddb247f,4.40611,51.21256,2000.0
a918589a-f4c5-4f26-bb2a-1e1bc014f168,4.23442,51.09946,2880.0
68bd3c5c-1653-4487-b020-c0528895e30a,4.5018069,51.2222768,2110.0
5f47e751-d6cf-4e51-9db8-6f4f20d53ae8,4.3918,51.20368,2018.0
62c1a26a-33aa-4e60-ac01-99fa9855e1f8,2.88443,50.85023,8900.0
cf98f1ae-4dab-52f1-8cb0-dd03edec17ad,4.39766,50.71815,1410.0
92c702b7-5d54-4768-80f6-cef0872288c0,3.21085,51.19038,8200.0
46d102a0-764b-5dc7-9ab1-0268f1bf415e,4.34563,50.83422,1000.0
7189e069-f42d-4d99-8ff4-511d5e80e0bc,4.3480363,50.8142789,1180.0
89756114-6585-4cbf-a4ac-40e17a6d50b1,3.264678195118904,50.82515356342085,8500.0
4650c416-5903-48aa-b3a1-dcd0f417a6f0,4.3062618,50.8353789,1070.0
1fd75fa6-d621-4d44-874b-34e2ea20cf17,4.3838762,50.7147806,1410.0
2be5f8d8-49bb-40a2-a77b-631d18a0e0c4,4.3196496,50.8094212,1190.0
548a3d40-044a-4a81-905e-fc44f8adb95b,4.47547,51.03617,2800.0
10909a8d-1a96-41b2-ac1c-b244901901b4,4.4858646,50.7919914,3090.0
ad4b95e4-d8df-4283-893b-df04aa9d8636,4.1342,51.16653,9100.0
82f6916d-3672-404e-a034-ad35497eaa36,4.29584,50.87175,1082.0
4d05fdaf-ddf8-4a9d-b1d1-0ed77c68e3da,3.7276414,51.0523274,9000.0
60a5e5a5-534e-4098-a294-70bae0f5e418,4.70156,50.88116,3000.0
f127e131-0017-40f0-a125-5d61a8df67e8,3.28448,50.80137,8500.0
00acf130-30e5-4c80-8378-2274eb3807e7,4.39927,51.21564,2000.0
f4c9acf1-62df-584d-a7f0-8837e965800e,4.40026,51.21893,2000.0
c33238a5-576e-44d6-b217-9e428de68c2f,4.4297,51.2074,2018.0
e84e74b0-db05-4a2d-b315-555aa61d2714,4.4028146,51.2204532,2000.0
c5b9fcf8-84c0-4448-995d-54a040a98fdf,4.4127408,51.2335277,2000.0
9cb4f02a-31a3-438f-82dc-4090be8ddd6a,4.47946,51.02734,2800.0
029b837b-62fe-4434-8dc9-81eb023a0de5,4.3263,50.8729352,1090.0
9be57c54-3151-40c9-888a-ce7ac0e9fa46,2.91173,51.23079,8400.0
81961266-194e-4cab-b383-166694794c94,4.41145,51.22065,2000.0
cce93ff9-e602-5ac0-a29a-8fd90ec782a5,4.446019833494425,51.19373491628462,2600.0
dfec3f1e-63bb-4120-b87b-9aad04375469,4.4027937,51.2190469,2000.0
ac5199e3-bbab-4335-8d49-0dc6e666a8d5,4.4196283,51.21744,2000.0
2ac00e52-7e38-4ab9-9720-c104e9614a4e,4.37376,50.87958,1000.0
7f9c3c21-c321-466c-bdaf-9a736cbbd5a3,4.3901561,51.2083145,2000.0
6a7cf886-a14b-41e9-8185-8309fd6b2b02,4.3927748,51.2066982,2000.0
c8c1bcbc-1144-4d71-84e1-9661ad9c6d2f,4.45034,51.24641,2170.0
7cea891e-9e43-427a-b594-b17c3c72c598,2.9153361,51.2313133,8400.0
8b53c27b-c0b7-4d98-9ce1-26a8ca5b4f7c,4.04337,50.95322,9300.0
54a95a3e-a991-4a2b-a21e-7a07bb088763,4.3970151,50.8547649,1030.0
cc72532d-8cad-4869-871f-5e8516e7572c,2.9154,51.23296,8400.0
09a0dcda-957d-517c-86e3-6b402c4d0457,4.03682,50.94113,9300.0
3c067be9-7796-4fb6-8800-05edb9f33cd3,4.39543180167675,51.1726285167473,2610.0
0a23d818-3313-5fd9-a004-46c677f2b1f4,4.70914,50.87601,3000.0
b4ef0432-90b9-45bc-9e7e-43866ed3fbc6,4.0448,50.94189,9300.0
1a3f0cdd-c8f4-4549-a35c-a0faf421d261,4.37783,51.17933,2610.0
dd741d3b-9cfd-4b57-804f-98a09221f04d,4.4000549,50.87151,1140.0
95a2bcd2-ceb1-45f7-ba26-8952095095d7,4.46451,51.20806,2100.0
8d51ea8f-29b4-5ce6-accf-ae72e1b75441,4.21209,51.12723,9140.0
861bf732-a2a6-5399-bd33-158117eacf6f,4.4486576331491845,51.17087525535114,2640.0
ef1dfd38-d686-4ad8-9459-b0b1372b6ffc,4.4039926,51.2159534,2000.0
4911ac37-f0dc-46f5-9828-e4fc6dc29e61,4.3296668,50.7871592,1180.0
ec3f1b8d-2998-5aab-81fe-2afbfd0549d6,4.252776018991829,50.879620335044045,1702.0
b019a45f-a5b0-470e-9f1c-3c2d23519e21,4.3540493,50.7471779,1640.0
6d0d38a0-919e-4145-b511-539c8081a3e2,4.49407,51.29156,2930.0
60d7aefa-8cc1-507f-91dd-0eb048e52dbe,4.53792,50.93336,1910.0
25eda3cc-5535-5a29-8585-e22c0a5d2693,4.43338,51.24936,2170.0
1a0ad4fd-46c9-4db2-99f5-c8556ea81dd8,4.3124699,50.8357681,1070.0
ccf0fb08-6a5b-5ead-87de-f19891700126,4.424326080618603,51.18320117621465,2600.0
3792f57e-feae-4e44-831d-a1859a04f091,4.703498,50.8781224,3000.0
85bae12b-e36f-524c-be41-75ef56ab1705,4.42574,51.17536,2610.0
ef2dff83-6412-4702-b6b7-b63813240dc6,4.1342,51.16653,9100.0
3cde590e-ce10-44a8-890d-eee1a4fc9ba6,4.40538,51.22523,2000.0
f21d6762-8a3a-40fb-9e5a-d0f24d1e8ef5,4.3125276,50.8586546,1080.0
40b7e125-e719-5197-ac5e-5d86a87b1b60,4.3849,50.84443,1000.0
bee2aa3a-8fea-4734-876d-b3b81ada9bff,4.28738,50.83851,1070.0
c425f3f1-7057-4cc4-9566-ef22f45de427,4.4325917,51.2063593,2018.0
6c98665b-a8ac-4bd7-a5a3-a345ad74f645,4.20284,50.69103,1480.0
7feefd60-831e-5038-9362-97f1ce57eb5b,4.42595,50.84544,1200.0
efe95f5c-17b5-4b5d-ba09-3828520c3d67,3.722626,51.0541933,9000.0
5d1237b5-ec4d-40ae-8e8b-5366811d95c1,3.28357,51.35077,8300.0
9e439971-75ab-5933-b0bb-5b8daa3294b3,4.3849,50.84443,1000.0
e5293105-a852-4453-bce4-9f59d3c250f3,4.34119,50.80257,1180.0
8c375edf-299c-48cd-a85a-1670a941f18d,4.4197205,51.2174382,2018.0
112e98b9-5e3e-4b59-8147-9013cb1de30a,4.315002,50.848363,1070.0
a8d18930-25c7-543e-8272-435ce814b649,4.3648,50.89549,1020.0
4c8a4089-146e-5987-b116-f0477d3ebaf3,4.30592,50.83499,1070.0
d4cd8901-df8f-47e5-b6a0-da9bf57f1443,4.3973246,50.7312543,1410.0
233b4aa4-8b3e-48d8-9ca7-0136d755596f,4.32837,50.87674,1090.0
28b39118-ef05-4b0c-ab34-3d63af194a47,3.7088786,51.0570137,9000.0
f83358ed-e926-5245-b4c4-50286267eb1d,4.43433,50.84117,1200.0
cb79e13f-a162-52af-abe7-fca03bb63be6,4.33686,50.80414,1180.0
a555a2ff-7dc5-4114-a8b8-1d74d084b347,4.1426306,51.1705281,9100.0
3aa0b677-319f-5865-9f2e-7e9508ebf6d2,4.4266,51.21134,2018.0
44b43e2a-a131-5e1d-b892-7598e4370433,4.36611,51.17458,2660.0
316f204b-1ce7-4986-b549-1177ec5c1c89,3.87578,50.77085,9500.0
2b87d62c-d72f-404b-b4c6-cfc267472f55,4.389973742352456,50.86885891874938,1030.0
ac4a8a59-c3d3-45b1-98f0-a7a9f4dab315,4.4692011,51.2238503,2100.0
a61ab716-56e9-4740-a65b-5e75c588ea58,4.7063317,50.8764917,3000.0
be2fceb9-3d41-4ed0-b653-f2ef99f7ce3e,3.74537,51.0591,9040.0
f02a7867-6f90-4efc-82d3-42e20801b824,4.0272089,50.9370516,9300.0
e75fc7dc-2a08-402a-9df9-9c082fd22aca,4.23638,50.7332,1500.0
513567c7-54e2-5736-b104-8f1ed7e852eb,4.75798,50.86387,3360.0
7b9762fc-bb27-42bc-8614-f756a5a76ffe,4.48052,51.02957,2800.0
b590064e-2b4a-4e07-bd30-c9d394fab054,3.23567,51.21042,8000.0
50dc1ff4-56aa-4c48-a693-d05f79c42c5e,4.431953760813583,50.83693105056621,1150.0
5843d5e0-145c-5cd9-9469-7db64f97ade5,4.30687,50.86664,1082.0
23aaee87-c4fa-478d-aed1-a42e94cebf52,3.72439,51.04743,9000.0
f3562d7d-3a2b-4d9c-855f-3b2c39abb5a9,2.91917,51.23504,8400.0
289e5ea1-1184-4a88-b0ed-14a0619892d5,3.22576,51.20767,8000.0
d1d7d046-dd0d-4c20-b589-485530a4bc2a,3.7107154,51.0373637,9000.0
bcbb3fce-5c40-4b5e-88fb-e76c35b90ee7,4.44333,51.23124,2100.0
8b114221-1759-5e0f-bbb1-c1f094f04d54,4.39972,50.8552,1030.0
f1fce921-07ff-4caa-87f2-1c71adea1e70,4.40831,51.22992,2000.0
feb6090f-68fa-40ee-9f82-46d0d480aa1d,3.74362,51.05358,9000.0
2146cc29-06d6-43b8-8a0f-aa0441e8933d,4.4758245,51.0312817,2800.0
31202a02-5c6c-477a-b60b-e52fa77efc07,4.4152452,50.8592855,1140.0
359c45ae-1e28-404f-96ae-df84f5d1f859,4.32589,50.87376,1090.0
bfa67eaa-e783-5ae5-b3bd-8aec050801b4,3.72237,51.04636,9000.0
fbdcd312-7c3c-4e69-90e9-c62a4a9b82db,3.7264735,51.0449589,9000.0
b11f01da-5c95-4170-8849-63210ec75248,4.46637,51.19484,2100.0
0d66ee0d-2cc4-472c-add0-a283eae5a8af,3.73165,51.03896,9000.0
bf006f7f-fee5-44fa-976a-3940b9d3b24d,4.4124098,51.2311075,2000.0
7b63212a-3914-4bce-b51e-de7a36b4ef79,4.4010789,51.2197873,2000.0
761cbe4f-e345-5aee-b7ee-ae2a62a8e21f,4.56976,51.13147,2500.0
7eee6b62-612b-4934-a0b1-a8882887b05f,4.4079983,51.2108333,2018.0
4b0bfe30-c455-4fd9-9cbb-b5720b4bb288,3.7167999,51.0400149,9000.0
d1997ee2-a7ae-4bae-8c1e-1e2cccd464d9,4.4149934,51.2199994,2000.0
d3fdd49e-b07f-58f9-a3b1-c8691af924ab,4.39887,50.72513,1410.0
883e887b-2d35-46e8-8699-330ab051ffc3,4.466374553740025,51.19492011170577,2100.0
1526c33c-80d1-520d-8083-7ea2c6499c9c,4.30661,50.9089,1780.0
4f7aafaf-e7b7-4ac9-8041-eb2f074d0580,4.5006867,51.2223742,2110.0
002b3539-72a4-49ce-a606-51da9fd8a07a,4.40747,51.2126934,2000.0
7c699910-9262-4621-9dea-1ad9ae06bfe3,4.6936865,50.88059,3000.0
9820b902-724a-473b-b551-3dbf272c8cbb,4.71963,50.87803,3010.0
28844d02-ea79-4b1f-8980-a307cabf752b,4.48953,50.73175,1310.0
d0d3de13-3d7a-457e-8e5a-bfc7e4d723ad,4.512923631835766,50.720670975792586,1332.0
f59cf3aa-eeee-4250-8e47-e758814b681f,5.3019664,50.9389671,3511.0
29bc1e83-57e3-444f-b2bf-4ad6fd420c46,4.41317,51.22005,2000.0
bdb8dcc2-344f-59bb-b944-2044b8a680c8,4.25366,50.87123,1702.0
f33ad73b-4d1c-485d-b34b-fec5700b2410,4.04055,50.93833,9300.0
5948d775-8b90-483c-8c1f-007d15dd49db,3.7228913,51.05431,9000.0
846deecb-e796-49bc-8fd5-9f75bef113ea,4.70442,50.87712,3000.0
e6114e6b-b9e0-5016-8928-1011fc5f6a34,3.23567,51.21043,8000.0
f935734c-d619-4e4e-a493-1b83cd7de092,3.72028,51.0234,9000.0
95f787ae-9aa5-49d9-98b3-f186f4592376,4.3108029,50.8740366,1083.0
5deaa7cd-b2da-48a9-a850-d52309d55239,4.683124119946067,50.87693314188129,3001.0
9156f0f6-1319-4a74-b2c2-d3b1b77d08af,4.41942,51.2174585,2018.0
a0fa0bf6-ba39-4a1a-acc6-f12303346e26,4.42594,51.22183,2060.0
c61aa258-d4e3-50fd-891b-b67d952dbbbf,3.72152,51.04767,9000.0
d3454259-7fe8-5d03-b486-aec39be0487d,4.04223,50.6947,7850.0
bc93a1f7-37c1-42a8-bd01-c45e584eb725,4.49303,51.29136,2930.0
95535e37-1443-4640-af13-8bd5ce353e2f,4.47084,51.22084,2100.0
7cf81c7a-0466-51a6-aaff-f322e2e6995e,4.13252,51.15032,9100.0
fd3cc8e7-2998-4fc1-9561-6f86c9a89f26,4.42102077841925,51.282413252509365,2180.0
efb3eaee-ab4f-4d60-ba98-f588cebcc4df,4.40103,51.21993,2000.0
de54e78e-0912-4607-bd1d-d5123e5272bd,4.235501386325079,50.734382952542056,1500.0
9fe0b63c-888f-5ff1-8378-6358ffb67ba3,3.72964,51.04166,9000.0
2936316a-c1a7-4ce4-8fd3-482419a29bd4,4.23314,50.78129,1600.0
011f21dc-5d78-4ceb-8516-4c0a4f036318,4.445565305650234,51.22919075632911,2100.0
7793b66d-1d43-4e69-aaa2-d9b32d55a3ee,4.3614455,50.9024882,1853.0
0c2e22dc-e20c-42dd-8048-9b23abcb05a9,4.47893,51.02651,2800.0
2f0344c4-5d8b-4a3c-b2c4-525a8e831a56,4.41899,51.27883,2180.0
e5808bed-2a9e-50df-a2d1-cd9c87ced0ff,4.30244,50.83209,1070.0
e309cc2e-0088-466a-9084-d3d08157fa5a,4.4677295,51.1994951,2100.0
187e69c9-73d5-400d-b648-a5f223c0119e,3.22924,51.19999,8000.0
026e7f02-a41a-4d7c-9f34-58374201cf11,5.3342138,50.9305551,3500.0
a0ccec4b-46c0-4530-b0c0-47bb49906319,3.2241103,51.206639,8000.0
561dccb5-ccb7-4b1a-bd71-85f03bce8fd0,4.70329,50.8785663,3000.0
96401492-c877-4308-a033-8658c141459f,3.7254465,51.0403488,9000.0
6aadb30b-08cd-5cae-9954-ed0dec3d3969,4.44101,51.21414,2140.0
97777989-6ee0-5d41-8830-2a166f904f4a,2.88685,50.8522,8900.0
1f2cfba0-27bc-46dc-83a9-ba9933b39b59,4.400518,51.218901,2000.0
38288aee-30a7-53f5-9d85-31b29d616c36,4.38934,50.86977,1030.0
f06c5cc0-89cc-4ab8-a1a3-a4e0986277fc,3.72539,51.04037,9000.0
72b2f86a-3672-4180-880c-8ae8f1b65ffd,4.3955998,51.2107825,2000.0
bd8f0e49-2fbb-51dc-b7c2-5c280013e566,4.28818,50.80187,1600.0
e6bdbdc9-5c8b-5593-969e-4135aa9a85fa,4.36804,51.18586,2660.0
c7b83260-661c-4a96-a066-df4242dc0b41,4.4044179,51.21669,2000.0
7c9fc7df-1208-4a4b-a13b-8699d071159a,3.28872,51.34704,8300.0
c492926d-8505-4299-9f56-b64b69f98313,4.39954,51.22055,2000.0
14a9d7b0-944b-4d89-b0a6-e8735dd0ef80,4.41911,51.21787,2018.0
cd55f2e4-92cd-5aa4-b479-a51bb0c59049,4.44877,51.25069,2170.0
580c011a-8a45-44d2-aa1a-128545b607c6,4.389811,51.208153,2000.0
809de055-313d-4d58-a986-21a4987cb868,4.1458421,51.1718354,9100.0
a0b1ebec-acc0-4f5b-943e-8e4023526467,3.20787,51.22202,8000.0
f3277d12-a6c8-4795-8332-40c3b4ab74e1,4.388058221636701,50.89522727249635,1120.0
97e297a6-4fac-4ff6-801f-6095cd107c74,4.37373,50.88019,1000.0
d20c4a21-ecec-4f95-ac55-f43aa8db651e,4.3205671,50.8679793,1083.0
6d6ab5a2-0aac-5a36-80fa-b43b2dad4260,4.47961,51.22803,2100.0
0d84e07b-e48f-56f2-85f4-e58a13826cf5,4.32562,50.87228,1090.0
e00dffa2-599a-5ec9-a90e-11db835eadd9,4.30659,50.83588,1070.0
1b703638-b75b-4720-9b47-d94733523ea0,4.4313422,50.8376308,1150.0
07e88211-5196-48f3-a7ab-586724e092c3,4.2952517,50.8662109,1082.0
6cb08982-e948-4b67-a4a8-04c9101a8a4d,2.91637,51.23255,8400.0
35a1e316-61a7-5780-b227-a6570ceb9af3,4.37373,50.88019,1000.0
b8ab81b8-d74c-4be9-8bac-3ea32f9c6080,4.42508,51.23185,2060.0
0c595e81-4171-41cb-b756-64da92299305,4.082550736309252,50.913256735412574,9320.0
0d553736-d191-4a5f-ab6b-6e825840653d,4.43288,51.22176,2060.0
c4f86ac0-6455-4a7b-aacd-dc92fca97744,3.72087,51.05352,9000.0
b0ba27ca-bb2e-455d-b834-b7b4e8ddb898,3.7267752,51.049355,9000.0
d4931674-812b-4d18-b2ac-2e1f8e8de227,4.40961668423113,50.87785521725503,1140.0
9da17b82-5dec-5a8c-8b64-df46221fa9dc,4.21261,51.12676,9140.0
ea50d351-e96f-4a4a-9709-8dc18376c68a,4.48456,51.28547,2930.0
2502b140-107d-4caf-9d54-01859974a7c4,4.4819386,50.793511,3090.0
e2c82cb3-b584-556a-91a0-a40801d54a2c,4.464585,51.24353704745794,2900.0
67d578a7-72ed-4659-9bc2-2fdbf27752dc,3.7306285,51.0713194,9000.0
0940cb0e-65c7-581d-be91-e5b57ac9312a,4.33361,50.88553,1090.0
0233cf60-1415-4b8f-85a6-28473d335284,4.70901,50.88101,3000.0
0a6809c6-4539-4498-8f08-4c058680c15f,3.7144001,51.0444285,9000.0
f23eda80-7ac8-47bf-b590-d59336a8dace,4.4074559,51.2250618,2060.0
8cf728b4-bfda-5e3c-9650-c955f8216504,4.33468,50.80253,1180.0
4e303591-1262-414a-91bb-5228befa51d7,4.48693,51.25007,2900.0
0ac6094b-5a01-426f-9dbd-20e2668ab573,4.44201,51.24322,2170.0
945c8305-4f83-428b-a4d8-8244d0be323f,3.2290852,51.20953,8000.0
c1f5b62a-a803-40a3-9303-c4156c9ae1cb,4.3115564,50.8956239,1780.0
3a839244-2e1f-4524-9981-6071c89cc481,4.4576193,50.8647114,1950.0
ce3588bd-144d-4d21-8bb0-3dc4c91c0624,4.3357843,50.8438038,1070.0
01fe3d19-f3e5-41b3-9a9c-a3d74c6f47a4,4.14306,51.1648,9100.0
801c4e73-330f-567e-bf9b-48052dab2e0a,4.39684,51.2109,2000.0
b0f5a354-f7fa-4724-9599-61a9f9a7b09d,4.4291263,51.2444577,2170.0
0c80a3cf-170b-4639-86a5-33d622f852ee,4.4064993,51.2309394,2000.0
82806fe5-1ff2-4519-83b0-8542796f4983,3.7225918,51.0521584,9000.0
e69c82dd-69e0-4dcf-8c0a-1040e0996f78,5.50034,50.96514,3600.0
2ad3b859-bc3d-496c-b009-6ace9b365a70,4.52847,51.26069,2900.0
81ad5e79-420c-4ce7-81d5-3ba0f5725bb0,4.47336,51.0219694,2800.0
3cec1343-ee57-4213-b4a8-3ac1cc09a3cd,4.40254,51.22182,2000.0
8b9b587e-1f22-4c3d-a8cc-8e0d2e73c7a6,3.7405629,51.037178,9050.0
95fe271e-c3c4-5c65-bdd3-082324f54274,4.40126,50.85548,1030.0
4074827c-99f9-4a55-b14c-841d409002e3,3.71791,51.06287,9000.0
1286a211-cc8a-5bc7-9cd9-0e0ca27d5434,3.72226,51.046,9000.0
183f7bef-2af3-51a8-9086-f61360a49e36,3.69323,51.0611,9000.0
b8607ac4-5eb7-4758-b2fa-60d1e0ac91f8,4.0540668,50.9421091,9300.0
f8bcbb76-a442-4452-9904-4637b98ba7ee,3.72773,51.04792,9000.0
085dc157-3106-49fe-b6ff-a88f7b7e4a98,4.44474,51.19518,2600.0
21552170-89df-4b68-b08c-b4dfc0469ecc,4.37203,50.79563,1180.0
de8f613c-45f1-436f-becd-258a8812270e,4.39708,51.21071,2000.0
664ef302-0133-4cba-9c45-89c5ac567156,3.7266194,51.057028,9000.0
9181d6d5-7db9-59e1-b56e-c7ef2cbab2cc,4.31418,50.68814,1440.0
3d49d303-62c5-45c9-9cf6-9b5b4c1e64c0,4.43002,50.93365,1800.0
6daa3d3b-c99c-475a-82eb-30f68ec05be7,4.03546,50.94313,9300.0
6ccc5f13-7fbe-4c0b-af15-2036b6f3ca44,3.26488,50.82531,8500.0
af6371e3-b6ad-5c5d-87ad-f23ff99e040c,4.37771,51.19,2020.0
c5fcdabc-2465-4bf8-9eb6-ab980a1d1b7d,4.464156,50.83971,1150.0
bd382d2e-ec76-4b38-b49d-8f619e1695a2,4.25716,50.83672,1700.0
1ebe9a21-cd58-455c-9542-55f0144dd019,3.748823292553425,51.05948779203708,9040.0
a8018baf-4320-4c4a-a37f-fa5f4fe5d36b,2.91031,51.22518,8400.0
e6912819-7e9d-4ec6-b031-24e138082ea4,4.3946154,51.1996273,2018.0
427313f8-e4b7-4a87-8672-5c12b0635ca8,4.71387,50.87381,3000.0
ace998d1-5c10-5833-8498-6dbe1ff05ddd,3.7127197533845897,51.040814805466354,9000.0
87fe2144-b02b-4cfe-ab22-49a45df2598f,4.43508,50.84078,1200.0
ee19b71f-a969-52c2-a2b3-248c0d715c5a,4.31676,50.83564,1070.0
9fb53636-6737-4000-b95e-3ccc994bca14,4.3448381,50.7449379,1640.0
acedf24c-d2f5-4e14-8f9a-21c1bf39c82d,5.25301,51.11406,3970.0
851f8326-dc25-4d54-be75-2e7deb661646,4.34564,50.8835,1020.0
2168d425-a375-5257-b288-fe7bba2291f7,4.48216,51.02447,2800.0
5ae53032-a0b5-440f-bd39-c04a3362989b,4.45681,50.86496,1950.0
ff62976e-b0d9-5c01-9c83-ee7bd236872b,4.38479,50.85759,1030.0
6ded928a-9e76-4593-8a74-5e9a5c72b220,4.4053658,51.2275858,2000.0
8a0f5b6f-760e-5d5d-88ce-64c0ddd82923,4.40076,51.22201,2000.0
1027278b-b608-417a-9569-7e94b23bc9db,5.34074,50.93167,3500.0
b55084b3-b551-5d9a-ac36-19d5a0fb4b03,4.461487494242663,50.98347378654782,1980.0
b43c6c2c-31af-4d8b-94d6-bffda905fc24,3.7276,51.05575,9000.0
312301f8-26ca-504e-a399-1be3fe060dbf,4.39776,51.20699,2000.0
d5be6a94-4739-474d-bb11-3b8cb7901d48,4.422267,51.2274139,2060.0
06e3608e-e3f2-4c52-b96d-2b169cb1cb24,3.7198434,51.0507844,9000.0
47e5c639-6f5d-4f6c-8aa7-d049df70f702,4.3979222,50.7191088,1410.0
20adecb2-e3dc-4cbb-8cbd-c6b94de9ed87,4.2796856,50.8200287,1070.0
dd74cdce-5dcb-48ac-8233-f46106b8578b,4.3273042,50.8997609,1780.0
d7db27c0-705f-46e6-be36-38b4e886e9b3,3.7425271,51.0557186,9000.0
9c5465c1-8f0d-4142-9edf-2555dc35142b,4.7063124,50.8765083,3000.0
5bf1cadc-37ab-4ef8-a0dc-d65fc7c35558,4.315937,50.882117,1090.0
dddee36f-2f9b-4d8a-b4db-2b18ce2bbf07,4.2848683,50.838586,1070.0
df543dd8-c076-4126-b2de-5104379b8771,3.4337,50.88636,8790.0
c441c35a-8b87-4605-b1ae-0cf40e17e741,4.4255871,51.1980248,2600.0
29ea29b3-8ec1-43af-8713-7ec99807f90e,4.397565,51.219575,2000.0
e9092772-aa5f-4b52-9f42-0c8b5c445f70,4.3209591,50.8674882,1083.0
2f89fd9e-9e88-49ff-9292-f3729b32705d,4.99129,51.16208,2440.0
b47c584b-65ef-4251-8448-796bcac00506,4.44577,51.15513,2650.0
4e99f596-7259-5b8a-b9cc-259eb71fb49a,4.48605,50.73073,1310.0
64b439c9-eec9-532a-97b5-606cfe7930b7,4.41603,51.22064,2000.0
a5f376ec-a122-428f-9d9c-e9e138c6387a,3.7217196,51.0478767,9000.0
24ea5927-4066-42db-b89e-d93e6a9d519c,3.26529,50.82948,8500.0
b18708b2-6e92-4864-b95a-6f4aff355049,4.700059808986263,50.87868711287497,3000.0
1d0ccc9f-fe84-45a8-9941-d6cbb95631e7,4.4145948,51.218043,2000.0
92e0d8d5-f05a-4308-858f-213869e1d6bd,3.72729,51.04841,9000.0
89013688-9266-4a75-8d14-fce2c6286d8a,4.3394671,50.8028165,1180.0
13fc88da-37bc-4ece-a082-c005d899d9e1,4.41634,51.28356,2180.0
4ef2b39c-39c7-44aa-b5cb-9716c922aa73,4.3423512,50.8858933,1020.0
4e26ab07-37fb-42b7-b243-9d0bfac33c62,3.2227966,51.2063812,8000.0
b5ac0ccd-5227-40e6-982a-64191af3bdd7,3.23854,51.33941,8301.0
4751726f-5145-420a-b244-9c814acd5cb4,4.397574397487668,50.72035913785171,1410.0
611d0410-8092-5d74-97bd-973ad9eed3c7,3.51358,50.96838,9800.0
025e6035-b77e-5767-bb5b-d6c99c26d071,2.91184,51.23106,8400.0
c464d6a3-b720-4a96-916f-bf80e6c34635,4.36005,50.89595,1020.0
85475f31-99d0-57fc-9e34-95f468a78002,4.0631,50.95411,9300.0
d74e94cf-92a2-550f-93b0-486c4df945fe,3.72051,51.05234,9000.0
dd9859b2-e066-4205-bcc6-9cd52056e57c,4.3927,51.208232,2000.0
f5d7bcfe-1e75-4377-8ad5-9e8df9a5d403,3.26566,50.82891,8500.0
5f85cefa-4b97-5ee4-96e1-bcc3bbc640c3,4.37518,50.87091,1030.0
5c5297dc-a6f2-475e-a034-b48d478b2544,4.03438,50.93816,9300.0
0c76d5d0-2e24-4b03-bbf4-ecb611266578,3.7298234,51.069206,9000.0
77ed9a4c-03ab-444e-b5d3-e9334d4a182a,4.94953,51.32219,2300.0
5c8bbfb3-b87d-48e2-ba2d-d775395a954d,3.73071,51.04919,9000.0
96d138a9-4eed-430b-bce7-ebd20193d0b8,4.423895,51.19739,2600.0
140fa49e-3424-53c2-a6b5-00f9a009f866,4.39824,50.71751,1410.0
97a902a5-97d9-4d0f-aceb-6ecf6c5ee751,3.74082,51.03699,9050.0
354755a6-7912-44b5-baec-08fc0cd22969,4.67377,50.90692,3020.0
d3ec828b-59e7-4514-a78f-ea38b8f783f0,3.21656,51.206,8000.0
55fb728b-07bb-51b2-a1bb-8bcf5fc7ff2a,4.3849,50.84443,1000.0
e23f3ff1-53a3-50dd-9f3d-4ba1b558b228,4.2855400490559195,50.81900564275405,1070.0
aada9448-a386-4c16-828b-128d01a99e69,3.733927542,51.0487568,9000.0
311ab633-426a-44d6-93f4-e9ab372bb637,4.39088,51.16375,2610.0
3ba03cb1-7d28-4e6f-bdac-23a338ce2a18,4.3396103,50.8876438,1020.0
54f8d1f4-37b2-4a4f-881e-df8ff5ad72ec,4.32952,50.78636,1180.0
aecbd806-e5b7-581b-8cc4-e2206a7193e5,4.39947,50.86845,1140.0
c765c61d-6f15-4b6d-8a28-dd3cf9100df3,3.7239796,51.0580067,9000.0
a7aaf4e2-20db-5e15-8ffc-e71467883c96,4.87727,50.90619,3390.0
17b194c1-6f4e-46f1-a9d0-f196a584cb86,4.44363,51.19642,2600.0
dfde0194-12e9-4cd9-8800-ee9306ce1a43,4.3928384,51.2114097,2000.0
07f891c8-2389-4061-b052-0d6658b173e7,3.2749748,50.8050551,8500.0
ea754bb7-0a61-5e01-ae4f-5720d249fd1d,4.42038,50.84413,1200.0
4073cb4a-6fe7-4d9c-adcb-19a5be409aca,3.7318555,51.0497258,9000.0
b1388991-8e1f-4829-a21e-6332b58af5a8,4.3600018,50.8996624,1020.0
dffb9c1c-5a5f-40ba-8d9e-5aa46cb421a9,4.3607275,50.9007538,1020.0
113c8749-7e73-4599-9c76-f78d677bf26c,5.3262535,50.9247431,3500.0
cec2f728-2dfa-4a10-b68a-846ec79c5236,4.700049186834945,50.878677091660535,3000.0
13ec34c6-913d-4560-992b-1685d9eb31db,4.7032044,50.8785501,3000.0
771e5662-c91c-4505-bb7e-ad3e1448c73a,5.33652,50.93066,3500.0
e670bede-ca97-4a99-9ce9-e4ff9c742a72,4.6736324,50.907003,3020.0
652aca22-a16c-47fd-8912-d18e38a8b3ac,4.708695,50.881153,3000.0
d881e941-fea7-4eed-b6f4-82b5c72e1f85,4.4044583,51.2297997,2000.0
54b17d4b-503a-4b89-8e56-505d4ca097ee,4.29275,50.8713068,1082.0
4b990c34-ac8f-425a-9eb2-9c7628849135,4.1904958,51.1769655,9100.0
bd29adad-8a10-4cf5-a1ed-38adcda17af9,4.26224,50.74816,1501.0
7b00b1bc-5874-576d-805d-26ec36e2577f,4.51722,51.22658,2110.0
0fef1d3e-71a9-4eb3-bdf5-6a6397695dab,4.7100002,50.8749972,3000.0
36d18da1-52bc-488a-9789-08bfa51b96d9,3.70899,51.08827,9032.0
867389ae-51de-4afb-8a65-cdf6890b34c9,2.96111,51.23729,8450.0
88347783-6286-5f8f-9120-ea56a65f3fa3,4.45268,50.83121,1150.0
de1f26ef-4283-42a1-b386-653445b30f7f,4.31945,50.8952041,1780.0
361084e3-0871-4cee-9b92-64df104a9966,4.4399336,51.2139004,2140.0
299ab79b-8184-4e5a-b98e-449b313379ed,5.5185342,50.9935446,3600.0
fdd7cc1b-6b04-48a1-aeae-1fd3e28b1bd7,4.7030896,50.8789881,3000.0
839008a7-54c7-41a4-baf8-67125a464505,4.41766,51.21553,2018.0
749d3d62-1ada-43d5-82d7-34e03ba13b06,3.73105,51.04931,9000.0
eaa38191-364c-49c1-8d39-4d423d28814d,4.50305,51.25369,2900.0
18395ed0-4220-4c14-81be-26907f66751d,4.2736834,50.8666105,1702.0
c6e0f768-1ea5-5999-bf91-40eccd0a97d4,4.28738,50.83851,1070.0
9fe01dba-138f-550c-a217-baa8dea0e051,4.404238964573614,51.22117014536387,2000.0
ca5fb4af-a977-4e86-8b17-a626086c0a63,4.422022,51.209606,2018.0
0ca2b36c-0ba2-472d-b995-431387fbef56,5.58207,51.00645,3665.0
9a0892ff-c4ea-4d5a-a615-c9c6ca634229,4.3398648,51.1493185,2620.0
51a2fabf-8c39-5dd6-afbc-5f4fc1d19d9a,4.52347,51.20473,2160.0
b58837b0-1930-4c5d-803e-7f8a7607685a,4.41831,51.21822,2018.0
14bf0adb-1863-40f5-b2ea-6b51648433fb,4.70067,50.8799856,3000.0
2d122bfe-209b-4870-80c1-56d96eeee05a,3.714659,51.002824,9052.0
cc401610-c079-4028-acb5-f8adce0e8709,4.429685,51.2096726,2140.0
37ac1a5c-01f0-4405-9432-e7858044d3f7,3.12421,50.94277,8800.0
66035db2-3c89-456e-8001-2b9682ebb89d,4.39729,51.2185,2000.0
1868d090-9efa-4684-b430-cd3bbdfac1a1,4.94957,51.32254,2300.0
8b13b9fd-f921-4ba5-917c-cdcd7faa7614,4.39441,51.21043,2000.0
2643436c-8c81-4506-b05d-19d0d798f659,4.38215,50.89451,1120.0
f1dd6975-3e68-408f-8395-1b073970f2a0,4.45681,50.86496,1950.0
9a825172-6b01-404e-9268-1eddf72582f5,4.39814,51.20672,2018.0
34e6c686-be87-5a39-9cc4-911542385ffd,4.44904,51.2464,2170.0
a13c9990-544c-44b9-9717-2edc36b0d199,4.3153294,50.85837,1080.0
7db273a3-b5d0-4817-9b31-b2d6a4d93b4f,4.7030075,50.8790247,3000.0
70761b07-555d-5a59-8346-bd6e6bc6d20d,4.33264,50.86389,1081.0
77221cd1-32a9-4c98-8799-19f3ae574f5b,4.44539,51.177475,2640.0
85c4f937-8c4f-5987-9c2e-c65aa05c442e,3.26819,50.827,8500.0
79ea7b52-786d-436b-9960-26932142b0a3,4.4177261,50.8597296,1140.0
7385e828-c318-43a5-8185-1c716510ac01,4.4120214,50.85839,1140.0
ad54b1f7-c343-41a7-958b-be232ec89412,3.23567,51.21042,8000.0
4eb3b470-9771-48a8-8113-15dd508fbaa0,4.4727823,50.8798672,1930.0
b5cff7a2-cd07-4157-8ba7-c50facd00783,4.7191084,50.8857726,3010.0
6ed64009-7965-48b3-9145-f8ec0c0f4426,3.22481,51.2038,8000.0
08799a41-9aa8-4a0e-9a69-365ac9be2fb0,4.391461049100877,51.20327844365904,2018.0
c083bf2b-cba9-4666-adc5-b55e0cbd59a4,4.38541,51.23028,2050.0
9823dece-5919-4008-8428-1ad913ca5768,3.7290686,51.0645763,9000.0
21c2c1be-9ede-4fa1-893f-ef4621645653,4.43545,51.1938,2600.0
66eaaf26-ec8f-4725-989c-c7efc294a8a0,4.4049716,51.2265945,2000.0
c85b4003-1242-4644-980c-c64046c44de9,4.4861468,50.7918973,3090.0
46465a54-deb8-4150-9b13-f5a6e79d86fe,4.39685,51.2109,2000.0
cf75b9a9-fcde-448e-92cc-a88c68d2f76e,4.4264924,50.9233243,1800.0
87350b9d-e577-58ce-bcba-5b2047c1ebf3,4.43377,50.92789,1800.0
0098af77-eb75-44df-809b-ee1eb1f139e3,3.7225338,51.0558792,9000.0
d6b791db-c4ab-4186-bb6e-b888ed70de93,4.20531,50.90735,1730.0
d48a42ed-e092-4cad-b8a4-c41a7f5ecb1b,3.20823,51.20356,8200.0
d64c33db-fdfe-4a04-827b-eedaadb1f1cf,3.7217334,51.0553172,9000.0
a59ffeb4-9305-4b75-8baf-4d2c24e3d5dc,4.47863,51.19364,2150.0
63878ed6-2fb2-41e5-99bd-c8ff01944f5d,5.49013,50.97781,3600.0
e92ffce0-806e-46bf-a254-265a20f518db,4.04858,50.93279,9300.0
a6df3927-f1ff-4589-b644-12224c4b4889,3.7310027264536236,51.049210328013174,9000.0
13ca5e90-d3e0-42b6-8ca2-3dd8e2b352b0,4.42671,51.22115,2060.0
8b1d0698-d59e-5f96-a8d1-4cbe4b4a3e99,4.48602,51.19414,2150.0
d11b185c-db1b-4871-944d-22d378ea6cbe,4.421783127255949,51.19652810223459,2600.0
459a1217-a4bf-4190-ac7f-a1bdc82aec2c,4.39611,51.1726308,2610.0
3caa1d47-390d-5c3b-8f98-08da96d0ad84,4.69973,50.8788,3000.0
b72514f8-be62-4a44-a71c-d647961898bc,4.50187,51.25272,2900.0
2f832d76-182f-40d7-9a22-17d934c5ed0b,4.40532,51.22175,2000.0
549963f8-f78e-44b2-aa56-316c0921418d,2.916014,51.233116,8400.0
1ddb91aa-d357-489a-be5b-6e1a6ed241b6,3.72975,51.05081,9000.0
9dc6b860-3fd0-4044-89df-0eb4d0f15113,4.41794,51.21791,2018.0
a5515633-381e-40fd-9050-9043f4150812,4.3878042,51.1760084,2610.0
83fccfb9-16ff-42b8-8379-565c7a1d72cd,4.40458,51.2279322,2000.0
67072f44-b0db-4d15-bbfe-a7ca0f83afef,4.3396397,50.8041563,1180.0
f9bfdea6-b877-4390-8866-3e11a8d7dc1e,3.7019,51.06038,9000.0
8fa46d11-229f-4944-8922-09c847f8ece3,3.7315296,51.0485909,9000.0
f5781028-057b-547c-8252-66e5339b60fb,4.48208,51.01945,2800.0
f330b5f7-687c-5411-b858-af6380a8dd9e,4.4426,51.17421,2640.0
4ce042c5-fe98-4e9c-81f7-0d4ca7210e08,4.37926,51.19013,2020.0
05989bb0-eac0-427b-9122-6362f2799f2b,4.39412,51.21208,2000.0
7984bd9d-881e-473c-8b9d-5baf46635f5f,4.3967163,51.2171725,2000.0
fe582cb5-0216-40cd-823a-354b827041a1,4.33677,50.80867,1180.0
71ffcf57-aadf-5cc9-8cbe-b1c84817cf1b,3.23567,51.21043,8000.0
6517aacf-edcc-4cbc-8d6d-c296b459ea50,4.69308,50.88079,3000.0
281e990b-faf1-5fa3-84aa-9122e68ca891,4.40521,50.92012,1800.0
a051dc00-4547-4ba6-9e3a-46168a7c384e,4.42001,51.21269,2018.0
33d5aad0-722c-4518-8268-4737fea26600,4.3983391,51.2142874,2000.0
c48c3439-85e2-4a0b-afc9-3db2254b702c,4.4021783,50.85602,1030.0
8691cdf0-0a72-405f-a854-6a4adb99b7c5,4.3987896,51.2193734,2000.0
dd9aea94-95a2-5cdf-b8ba-bc1bce588434,3.72182,51.02688,9000.0
20159604-bb61-4943-837d-9245cfaf50d3,4.69932,50.87742,3000.0
502e19c0-d51a-40d4-801a-bbf35aa9038e,4.37456,50.8530516,1210.0
c52e8eb2-c873-485c-b37d-c8148dceb71a,4.53024,51.22794,2110.0
f3a3c3ca-5c93-43ad-bb36-6f57e1001e8d,4.3939932,51.2098341,2000.0
180af33b-2020-4e37-aeec-cbdba94c505a,5.3365216,50.93593,3500.0
7013b9dd-72ac-5520-ab8a-d6fa86bc15c5,4.33632,50.80103,1180.0
bd5eaebf-b02b-4c34-adac-09c54df7eb59,3.72544,51.0414557,9000.0
2fc91685-b2ba-41e4-af35-a86b78af32e5,4.36654,50.82221,1050.0
1ebd21f4-e0a5-4d1c-9960-d4f54907877f,4.700051502754589,50.878674484312086,3000.0
47c22c33-73ad-4648-9de4-df233b800ba4,4.4339194,51.1786056,2600.0
edae101a-d4c1-465e-926e-f8f9c447cd26,4.4553,51.22041,2100.0
b39d8eaf-7aac-49de-9074-d54c19337978,4.436,50.91303,1830.0
4f8f40b7-679b-4449-88fe-01b8df27ef61,3.730271,51.050273,9000.0
e393d737-2f4f-47b2-9942-5ad13feea578,4.23634,50.73624,1500.0
3bab4062-306c-4834-9e21-177a235b591e,4.48014,51.02873,2800.0
e78dcf0a-3716-49ad-83a7-9619591e13df,3.70742,51.03284,9000.0
d257aacd-b36f-43ba-8cf7-66e75ba73836,4.4246,51.19898,2600.0
a667125b-6c6d-50c6-b5e4-641bd029068f,4.30917,50.83538,1070.0
63388300-1f25-4ca1-8719-081453217f59,4.39441,51.21043,2000.0
ab94e713-4409-50cf-82b4-83e595d3fde4,4.45712,51.20955,2100.0
21c1468f-1c9a-4753-b0f8-5e1846043204,4.3371831,50.8001981,1180.0
6e3e07bd-114a-484d-bb31-4836a56f3956,4.40061,51.2212501,2000.0
a6438c71-93d3-578d-9dc7-a462d1a7dacb,4.15351,51.15313,9100.0
3a07a5e6-946b-4fd7-bb2d-e41def319276,3.22327,51.20836,8000.0
1ede1386-ffd2-47bd-b45c-21f1f1597ae3,4.05337,50.9425051,9300.0
ef0e9cbb-1826-4146-add2-0a43766cb916,4.40361,51.21466,2000.0
9ebbfc8b-beae-48ad-94ef-663b79ced81b,4.70832,50.87537,3000.0
106e41fd-3ba7-5777-bf63-6abbc7519926,4.392287489548446,50.81199229233874,1050.0
7d41d41b-b0fd-58ba-908e-e3848c01f564,4.44694,51.13204,2550.0
b0665a3b-bcd3-432f-a78e-f78bdaea5158,3.23548,51.21039,8000.0
6f4a3d12-0480-4064-bae4-ea09d51535b8,4.700035025048801,50.8786923606443,3000.0
ac63ca7d-a9b4-413c-b6e9-e40ef0c5a42b,4.48198,51.02698,2800.0
bd41467d-80df-548c-8c1b-70d77804b7ec,4.69157,50.87452,3000.0
ac086c6c-be47-4525-8afb-c5d4f9df01ce,4.37792,51.17938,2610.0
ba60f247-15d6-465a-a640-76a32d00b2f0,4.47547,51.03617,2800.0
a1846903-c4ce-411d-8a5c-20ee58190e38,4.7046425,50.8772094,3000.0
185d78ce-1928-5a87-8fac-a5420727332c,4.94389,51.32214,2300.0
75fcb665-281e-44e6-bda4-6c221afdced4,4.4187632,51.2182592,2018.0
072d512b-0768-5f71-97b6-3d2bfe9e760a,4.41557,51.20634,2018.0
f4f8c2c1-f932-5232-9594-f43542a56272,3.22372,51.2085,8000.0
289bd9bb-3c65-5ceb-bf74-1109d9e54396,4.381349112409572,50.730492281617714,1410.0
14649361-db7f-4389-909e-b0bd1f5ff4e6,4.40327,51.21878,2000.0
0dc887e8-54af-48df-a5ab-4992a1c75c8a,3.23606,51.21068,8000.0
5f3e69c8-946f-4bb0-87c8-9e047d5de210,4.3991688,51.205723,2018.0
82ca8936-79f1-5655-a8c9-9a060c8463cb,3.25198,51.21389,8310.0
99ea35bc-35c7-4f7b-b7f9-ca11e3041d62,4.3381551,50.80349,1180.0
5a603fd8-4bfa-44e7-a4ad-47063893957f,4.40033,50.85594,1030.0
e1137d31-d7e7-5034-bef5-088bef8788fb,4.34324,50.88441,1020.0
67631e2a-1a22-50ee-b208-8c39fb51a7e2,5.353737944794099,50.9286627607657,3500.0
2fe017b1-b273-5721-8bc4-1628d12117ed,4.33863,50.85688,1080.0
c4c76b81-4a5a-5cc8-a0a3-d2bc6c5ef9ba,4.3849,50.84443,1000.0
3a523879-5ab8-4600-b875-e9a31a847af4,5.34127,50.92666,3500.0
60900a78-1642-46ca-ac27-fdeee0d65537,4.2955,50.82396,1070.0
8b012a6c-7f60-4b18-b579-73df65bbad44,4.256898,50.8367565,1700.0
ea254462-5aa3-4bd0-9bca-90b42b1bba73,3.28862,50.82055,8500.0
68465744-29ed-4de3-8ec3-a4d347721854,4.430824,51.18299,2600.0
8352120f-7cf4-4a06-b4d8-1d7369bcd2e2,4.12439,51.03742,9200.0
5687071e-663e-4c23-abfe-e47604628bd3,3.7044871521492686,51.0735004914215,9000.0
c4dcfe75-e2b8-56ec-b034-e50e70ed6242,4.41523,50.8591,1140.0
a143592b-6332-5606-9887-3b8a1d3eb995,4.03814,50.93916,9300.0
659174c4-9eab-5aab-a440-7f75d89ed649,4.440131224886909,51.17803642265663,2640.0
0a9d7ff2-46b0-49c5-aca1-3f99ddd215b0,4.03588,50.93166,9300.0
346ecdc2-419d-4b9f-86b3-ae48649db121,4.70136,50.87816,3000.0
fd98664b-3f49-451f-a39e-55c0cdd1813b,4.15315,51.15108,9100.0
26f74131-24e6-4029-a702-65be95051b77,4.4007,51.21749,2000.0
3fda5b2c-937c-4991-8ed9-1a7cb0cb15c5,4.41907,51.21772,2018.0
6a51af31-7b6b-4b38-a9f6-dbaad8bba188,4.4302833,51.1857709,2600.0
9866a8b2-50d4-5f9d-b0d6-043611053135,3.72187,51.04486,9000.0
e39f30d2-418d-4cd0-bd78-90b8f91d79d0,4.70059,50.87838,3000.0
96987c9f-2a14-4c09-95a8-6b23897d6133,4.29699,50.87204,1082.0
df07434a-d068-5c6d-85a8-97c3265472d4,4.50468,50.87742,1930.0
7b37f334-a45c-44fe-92f8-d4206da5572b,3.7251461,51.0523677,9000.0
550afb03-e324-49c0-a858-c9f83a28628c,4.69871,50.87953,3000.0
37376139-adf9-421f-8740-02fcdb11ab3f,3.74387,51.03744,9050.0
623882a4-9fb0-5fdc-9cc8-dfb683fd275d,4.57278,51.13001,2500.0
bde84fcb-fff8-5a15-8c1d-d6a43703dd04,4.51351,50.82188,3080.0
0c5553ff-48ff-5a3b-8fff-6871ac8cb8d6,4.3145,50.87394,1083.0
49e50798-1f5f-4221-b307-e86c31d8d890,4.42187,51.22324,2060.0
1c5d7b0f-f530-48f6-b9df-3d7487bba8e0,2.94116,51.23624,8400.0
b4a2f2c8-870e-4bce-844d-b10b3c1dc5fb,4.740289,50.8876392,3010.0
ad810ec5-52be-4a0a-a2f6-c73bcde8b632,4.46447,50.84067,1150.0
3214a553-3993-42cc-9d62-8059c9b58f16,3.73185,51.04962,9000.0
f39100a5-3ec7-5895-9b02-f749135c148b,4.23705,50.73604,1500.0
0bcf37ac-c5d2-501c-88e3-0b7cbb41664b,4.33794,50.80033,1180.0
a9bdc722-a345-5b03-ab8a-dd31032ac70f,4.42938,51.20945,2018.0
6add43db-91ee-5905-8fb6-99564062a53b,3.72308,51.05565,9000.0
b6eea732-8485-40aa-b463-28b27199e7e7,4.47975,51.1962,2150.0
0cd2b3a7-ff67-44f6-bffb-9780d888300f,4.39685,51.2109,2000.0
63e69ab4-2e97-4519-bbda-88e27a5eb481,3.72175,51.05524,9000.0
2365fe43-b12f-4400-bdb1-d777c81dc617,4.3187547,50.8097837,1190.0
3561e59f-0432-5ed4-b292-70b1b9ff55a7,4.40097,51.21681,2000.0
38e030a8-7673-4f14-80fa-fc4a95ee2088,4.48895,50.73155,1310.0
a71fa75c-5ec2-40bc-b5ff-39394a72fdb5,4.69684,50.89404,3012.0
a67bb9fe-e7cb-4b8f-ae05-d1d56ebaba07,3.2229896,51.2074,8000.0
e4bcd43d-2f8b-499a-b442-7b3e0c0e9473,4.039957,50.9380103,9300.0
d59f37d8-7dce-51df-b03e-0ca2f860589e,4.94995,51.32241,2300.0
cd4c3160-9896-48b8-b1cf-3956c196d356,4.2855568,50.839002,1070.0
69630390-5932-5555-9b21-57c3b3942391,4.480282875330187,51.028563216805516,2800.0
386dc123-e462-5ee9-8113-db805d3e3c24,4.40467,51.22517,2000.0
3c913f5a-618e-46ac-ba37-41ab64a81a29,4.3380883,50.8119695,1180.0
e034369a-a5bf-4092-af1a-d03ab64d4897,4.3940515,51.2126523,2000.0
700ba052-5868-436b-bd5d-2ce9c9c22fbe,4.46519,51.20776,2100.0
dd742bf9-b4cf-4da8-ab5a-c5a26a332536,4.45681,50.86496,1950.0
e9dec8eb-6598-4154-b861-3e865f322d23,4.40709,51.21282,2000.0
e8cb889a-58bf-59ae-80dc-fca2cc7b6894,4.3849,50.84443,1000.0
cf9ebcb3-ba30-41da-a090-139909dd2674,4.4032148,51.216472,2000.0
b30857d1-d392-5c7d-855f-5c2a89f8630c,4.63611,51.11074,2590.0
ea4c17a0-a06c-49d5-9b64-cb53220aac37,4.4007,51.21749,2000.0
2aacbdf8-1e76-4c9d-85e2-66850b37bbfa,4.40672,51.21223,2000.0
8a9db627-60e5-4bc7-a958-5dc67594f87e,3.7457044,51.0424605,9050.0
9095f0e4-3e34-51a6-a3d1-f29394211933,4.38618,50.89471,1120.0
f9a9f0a3-1a5e-5995-879b-93ae04771404,4.326708701842685,50.81074428967117,1190.0
1a547cb8-b20a-4ee3-8b77-82cf81e584bb,4.4647,50.83858,1150.0
c670df96-5387-4888-831c-5a7d0f7a071f,4.42003,51.21824,2018.0
d204ee81-386f-4a20-b830-5b6a5f0993b4,4.4778011,50.88055,1930.0
bd137a40-f7a7-4fe1-b0da-e4a8df638612,4.4774142,51.02623,2800.0
f854e4ae-a760-45be-b003-09c854b1bcfa,4.48426,51.0266,2800.0
f8131fd0-8b11-49ba-be95-8c1ca6586b87,5.33652,50.93529,3500.0
921ee893-736b-45e1-a657-8c0cfd98935e,4.4393991,51.2138627,2140.0
809aab02-0a9c-4117-875c-caf594c7080c,4.419,51.21951,2060.0
a335ca65-d148-53e6-86f8-8e9d959695fb,4.45487,51.22473,2100.0
bd3f3a3b-0746-40f4-9391-fcc324c7c95b,4.32581,50.87364,1090.0
a12bdf1f-01d4-48ea-a159-a41b8a63c0c2,4.4372317,50.8451423,1200.0
351f26f6-728c-4f50-a003-07b9843b0cbd,3.7217474,51.0564186,9000.0
22e85d8f-c06d-4349-a381-e9f163bdbdf3,4.33756,50.88991,1020.0
9d108505-cf15-5d2a-94ec-52e5332c62db,4.41034,51.21677,2000.0
114ff01b-321a-45e6-a707-e32ce67fd739,4.4104454,51.2052757,2018.0
0286b761-b00a-4942-9e1e-0bc4aef11634,4.2823889,50.8667894,1082.0
94ba86da-a957-4cc7-92ad-bcaa55f075f9,4.43532,50.84772,1200.0
a92ddd0c-5edb-4051-b846-1bc61e7d5e34,3.60346,50.84295,9700.0
d0e5c64f-4089-4d1d-b4be-d514de489c68,4.273547,50.8848622,1731.0
a21df81c-54be-40c0-bcf1-872301d49e70,4.47114,50.88891,1930.0
d17a6713-94a5-4de5-87d1-3ebd875d9160,4.6993,50.8811,3000.0
a599154a-36e8-4696-851b-09c13e13bd26,4.43795,51.25736,2170.0
33d02572-e6df-438d-acd8-109c509d9ab8,4.46605,50.8481598,1950.0
bd150f91-a147-5828-9ee7-c0dfe4c52a74,4.47217,50.88279,1930.0
0fb92ada-f6db-47fb-af05-37fbc65fbe5c,3.25553,50.831,8500.0
cc4847f5-119e-5878-bf70-8b7ac9819ec7,4.3849,50.84443,1000.0
7f96d43e-4570-4c12-872c-e2e6cb61cdb9,4.47217,51.02022,2800.0
f6e4564a-1f1a-58c0-922f-d84b9a3dc659,4.43504,50.91244,1830.0
ca56db9a-abfe-5ae7-bb69-2d0401513307,4.41935385166699,51.21783903901472,2018.0
3da9a0db-e85d-5bc5-90ce-d2e36bc8ff1d,4.700039310424493,50.87869150183019,3000.0
70a14ad1-f139-4b88-a9f3-4d6acdd659c6,4.3873314,50.8951258,1120.0
119a6b93-bb35-43e9-a6ea-febfb2576ef0,4.41599,51.21813,2000.0
829ce749-bdc9-4f43-a14b-3eefd22efeb9,4.40052,51.2199,2000.0
666e7b96-c4d2-5c45-a019-a1dbe4630d48,4.38349,50.89485,1120.0
c397c6c0-864c-52ad-98dc-a12f67daecf6,4.72619,50.87118,3001.0
88c65a6d-0049-57a1-8a1b-3254edc2d442,4.46907,50.84856,1950.0
d57c3a7e-488f-4c04-a091-32f607440086,4.4072715,51.2239475,2000.0
45be42ad-936d-49e5-8182-87db1f2fee2c,4.2780556,50.845,1700.0
5fb2b11c-d6ee-5ac1-9be3-f6ed92a46326,4.45329,51.24757,2170.0
d2503858-fafd-4cff-8cbd-60479b79fc7f,2.90756,51.21727,8400.0
d2c46f04-0e6a-4c83-9267-ebeb5dd15e97,3.72439,51.05733,9000.0
b8f0bed8-5071-4fb3-a89c-4ae47c77103c,4.50178,51.2222,2110.0
347f3f04-171d-5fae-9fd4-19a6e8f7a852,4.703418289523791,50.878516342041294,3000.0
3f25219a-f5eb-4e13-a0e4-3bb0188b30f3,4.509531,50.8435101,1933.0
89415989-578f-4ae1-94f2-220bdb6bd8b5,4.43257,51.17105,2650.0
339705ab-b2cc-44ed-935a-ea86de7881ab,4.4787703827023515,51.028318807493974,2800.0
6c8de752-9150-4851-81a2-4be31aa44f80,4.40238,51.22127,2000.0
e6f13966-17bf-4e83-8090-a3495ffcfe37,4.442123,51.196994,2600.0
5853ff86-19e7-4516-9917-1462ff8a59cf,4.4903866,50.7278508,1332.0
98b74661-8ddf-453a-9cfd-9db28abec923,4.47258,50.88213,1930.0
3b3948d1-abf7-4b1b-b780-00a93e76f084,3.7243666,51.0571684,9000.0
e5bf561b-5408-4ea9-95db-0f9ba4098097,3.22725,51.20919,8000.0
7b832c35-2ce4-42d5-afd2-5dfbeb2490c5,4.43402,51.1998,2600.0
dcde42d2-95cf-4b6b-a96e-1f62eb726570,4.40266,51.21978,2000.0
f3633d9b-332a-4539-8f3a-bd7fed1bd151,4.70534,50.87712,3000.0
85a9bb0a-bc54-4009-a6d4-d1234f0b052d,4.372,50.89521,1120.0
f0f833a9-f50d-474e-a96a-55bdda83f83f,4.40155,50.7085305,1410.0
2dc725bd-7a27-45cd-96e8-85de5ff04220,2.9197296,51.2350099,8400.0
1dd1af14-5f3f-408c-b767-5424c7891df2,4.3922392,51.2083738,2000.0
d4a30337-6d1d-4b19-834d-08422dc64ff6,3.71626,51.05437,9000.0
963c0203-0e62-5e2d-8a37-c417b47a8160,4.43233,50.85861,1200.0
d898533e-dd7a-40e4-8ae5-674430d2a0bc,4.3043543,50.8472284,1070.0
fe206dd5-36cd-58df-b148-e19a6a0acca1,3.74598,51.03783,9050.0
39f3f482-3e7e-4861-b72a-3f245288a773,4.20333,50.69149,1480.0
fcc94073-919a-48fe-80b2-18154d44ecba,3.7299,51.07836,9000.0
03f399db-1b26-4ad5-b691-6dd95df5974a,3.7110527,51.036133,9000.0
8dc0c44e-4061-4cec-8365-0a9c971d473d,4.43578,50.84115,1200.0
b70687f9-993c-4a9e-a723-f8200b426b1f,4.478491,51.02673,2800.0
bcc0dec2-ca22-48c4-8226-72ec11e4bf9c,4.3362891,50.8002864,1180.0
ef2f043c-4c48-5e01-a64b-5125829b31f0,4.40255,51.22023,2000.0
6342e219-d712-4591-b761-ba9c10deee10,4.4167538,51.2456771,2030.0
1014f390-b858-5226-a115-829afd5b3918,5.11798,51.19009,2400.0
359b65a6-72f9-5977-8938-64b9a7521776,2.96674,51.24864,8450.0
ae88e96f-6304-58cf-b461-7bcffe1c1273,3.72069,51.02675,9000.0
3e90869b-8a9f-408e-948f-1359e99d32e4,4.39258,51.20805,2000.0
ad0a4cfc-54c1-495e-adc7-249d102981a3,4.3726327,50.8790737,1000.0
12bab333-ab28-436c-a1f1-63f55c53569b,4.31376,50.79395,1620.0
8819e152-362b-5db5-8945-319620138027,4.700446901725438,50.87738114262637,3000.0
946269d8-c81c-4666-b3c0-61bc2cb48e27,4.3824533,50.89427,1120.0
a19d8b57-cb72-4cfa-bbd9-001283e1ba7d,4.28896,50.83855,1070.0
f17dc725-c85b-492e-8bc2-edbb9dc8e8ce,4.4085923,51.20868,2018.0
0036f0f4-9af5-42a7-a4c1-1c4e49cc79b0,4.23764,50.7356,1500.0
c2044975-f805-4712-bad5-81524c590643,3.7263103,51.0362752,9000.0
c21033d2-7b5b-4ba8-993a-29f70182aaae,4.464942,51.200977,2100.0
1c230b28-a73b-4659-be96-ea0dfc8542b3,4.4024951,51.2212584,2000.0
e6fa55eb-64c6-5199-b2eb-c9078fd7a04c,4.41542,50.85789,1140.0
a0237965-e0cc-4256-8998-63bef49a21a9,3.25823,50.82594,8500.0
a2ed924e-79a3-5711-bd3a-2975463f9a93,3.72495,51.05663,9000.0
001f3824-f0e2-4bed-80df-f19ea11646bf,4.46348,50.87104,1932.0
828f4643-ed65-4fca-a397-a4449eee3564,4.4318987,50.8374286,1150.0
db4740f9-4ac3-5922-9cae-6ac27e510342,4.42084,51.21225,2018.0
dcfe9d2b-61dd-4f69-8f4f-001deae794fa,4.4241,50.9289151,1800.0
8c651841-ca82-5986-b65c-f7ade29361b1,4.30271,50.86137,1082.0
f22f6278-0924-4bb8-b9a4-8384a9b10405,4.39866,51.22035,2000.0
406081b3-78d7-4721-a55d-cb355d75caf1,4.33754,50.88992,1020.0
82fabd33-bd8a-4e52-8473-62d9ed0ec6cf,4.4072994,51.2250569,2000.0
ebc37393-d70e-4d4b-a477-b7093cbc81cf,4.400304983027635,51.219551644608714,2000.0
2d7eabe9-b35e-46ca-82c3-98ca2b19956c,4.427309,50.8162561,1160.0
b0192e5d-71ba-47b4-ba9f-df75d53db637,4.32775,50.87645,1090.0
065d353e-99d1-50e9-806d-b601e91d5444,4.409206443474502,50.850395581461,1030.0
f3bb0503-d90c-4ee6-9ce9-b8ca4a0d1aa6,3.72536,51.04085,9000.0
87e1f536-b7f5-427f-a41f-649d5890f76f,3.1244,51.31314,8370.0
a3c6768f-a2ff-4061-b53f-0ae5dfcd3943,3.72678,51.04592,9000.0
70544eb4-9b99-4202-8696-77624dfb3cc6,3.7625483,51.0688355,9040.0
5f7ccf7a-1383-4454-95a2-be7002452e22,4.330457,50.884734,1090.0
7caa9c8e-3be3-4ffb-8be8-b16208cbe137,4.4294,51.31302,2950.0
107e4151-8266-40b3-958f-5028fbd8bd4a,3.72604,51.03541,9000.0
fbeddf48-b35a-4f35-890d-d3bfdd047769,4.44473,51.19517,2600.0
71bf98d2-d7e8-50b8-b4ba-77af95ef12fb,4.69525,50.88074,3000.0
66b0d031-00b7-4bd7-a968-f6737d47ebc4,3.70951,51.03739,9000.0
517b8942-d6e3-483c-ba66-f6ca88952b75,3.2183149,51.19742686,8000.0
8e591697-e009-4b72-be44-f51bc492ac3a,4.74428,50.8776,3010.0
a3902857-ed87-4ba8-bde3-da9c2f849658,4.410118485920692,51.21328579608458,2000.0
bb46c349-ad59-4013-9762-5351f7bd1188,4.4027498,51.2200555,2000.0
a4f88896-3dec-50c6-a3fd-20c9ce364c22,4.4639,50.84112,1150.0
63cda2cc-ed99-4046-aa91-9378fd6010a5,4.4504776,50.8486745,1200.0
82599c2d-daea-54b4-823a-f2e5129acb68,4.40637,51.19466,2018.0
ce28c4ca-9920-407f-b769-0a9752a000a9,4.42227,51.21323,2018.0
c5be20bc-29a5-4f53-869e-8d82fa4b9fd8,4.3982,51.22189,2000.0
8da9d856-3c41-5287-b443-aae67754a823,4.434496844425718,51.18054276851929,2600.0
a62441ba-ed32-5dc0-9b97-4caa0ecc4de5,4.42295,50.93089,1800.0
4b70ffeb-14c6-4d85-b29e-416993a78b69,5.34135,50.92666,3500.0
fc61222f-8453-4b74-9130-daf2513d9014,4.288777799413638,50.804397154415895,1600.0
edd197f8-07d2-49e4-a3df-b84733e1c49c,4.435567941508085,50.841921921867524,1200.0
b2bf8f2f-34f7-4e78-8af9-c87fcbf4e624,4.3984522,51.220813,2000.0
8dab5408-84e8-5438-b932-4c7f6eb3b8d9,4.42113,51.21609,2018.0
8a62e5a4-76ad-4023-ad1b-18c1b6d7efed,4.391283036913906,50.87565431624337,1030.0
9fad82d6-67c7-4750-8e98-3502abe4dc81,4.3607886,50.9008007,1020.0
3e4ecc1a-b56b-5ed4-a8bc-8430c2169142,4.29933,50.84676,1070.0
e4c11df9-4415-5e43-b0b1-86396df5fdc3,4.38244,51.20525,2000.0
b1f7d81a-ca1f-498c-8ffc-b89f12aa932a,4.288368294407075,50.838647669498755,1070.0
a285dca2-955b-430b-99e0-6a78d8cf3938,4.23938,50.7322,1500.0
890cb20e-8629-4eab-a2f1-cc27ecedcd7c,4.46422,50.83943,1150.0
2f60a1b4-710c-54ee-aa73-87e47930afa6,5.37584,51.02654,3530.0
bdea5be9-e7e9-4aef-a07b-bde9e7c13618,4.38722,51.20641,2000.0
682cd8a2-0649-5af6-a617-5bdce3b671b8,4.49019,50.83719,1970.0
fb5465c8-d3f2-4251-b3cc-a42703a80087,4.142051,51.164843,9100.0
b9c704b6-feb2-510f-8881-d68bac4a003a,4.41882,51.21839,2018.0
0690b9f6-2333-44e9-bc5a-d5b601b1ca0a,3.72177,51.05519,9000.0
48a797b8-ee49-5cce-aff6-618218c76f31,4.3748532449717255,51.18151183637617,2610.0
7bd4d528-d71a-460c-90ae-87bb2395c302,4.3517,50.8503,1000.0
ff73d370-503b-482d-b107-720abe12631e,4.5054665,50.8777133,1930.0
93fc86cb-e615-4185-8f1f-4a29c54ca6ac,4.48431,51.01078,2800.0
187bf9d9-57e8-41e6-be6f-d8ea178c9cfe,3.7265533,51.037051,9000.0
83cc3d1c-06ab-4d80-8bcc-1185416f9f74,4.39441,51.21043,2000.0
eaf2fcab-73a8-4a92-ba0d-cec53a5a9dcf,4.27905,50.81936,1070.0
5591ebd9-922a-4b11-a915-c8a2a9b46e61,3.7254032,51.0405233,9000.0
8d677e7f-a73c-4127-bf76-824bac5c3307,4.4313384,50.8374122,1150.0
4f7fdddc-84e5-44a3-b3c4-bc584499e1a9,4.41709,50.85551,1140.0
c3e24342-aff1-466e-9798-1f71873f1dd7,3.7216662,51.0475869,9000.0
3a465d73-f8b3-48b6-8103-7b13b4a32232,2.90591,51.21134,8400.0
bf396b05-aa36-4df7-b6bc-465e0a7a7cbd,4.39167,51.21027,2000.0
9cbc75a4-5b57-5fff-ae77-dbfebc3381fa,4.3849,50.84443,1000.0
00747e83-0815-53c4-9d3e-a5b2f3e11951,4.33794,50.80033,1180.0
022dcbf7-e19c-46cd-9ded-6fc205bc0c28,3.7295386,51.041602,9000.0
714035d3-f50b-4514-8029-b3a62fc9256b,4.377297197,50.82760383,1050.0
07e8702a-3dbd-4272-94ca-07289bf0f182,3.2640784,50.8300727,8500.0
ce5b4389-ef9b-48c7-a69b-832b379d2567,4.458203143931745,51.1969691656475,2100.0
d09be9b9-c26e-4316-b7aa-2c6f88778e02,3.74455,51.04392,9050.0
cbb50dd7-d09b-49a0-958d-244b61d20146,4.4015435,51.2164966,2000.0
d0960a37-4bcb-4aba-bef8-20d266bb3518,4.0366632,50.93704,9300.0
91048775-7c19-586d-9ff5-de4dd127ca04,3.69323,51.0611,9000.0
ad2162fe-678a-4125-b904-8f896495e7f1,4.316547,50.8743489,1083.0
7b17e86a-e223-4b7f-8dbc-7f5fadf5abba,4.47181,50.73896,1310.0
f8fc4910-d5f4-4161-b827-c42a629049f0,4.7001821,50.8790851,3000.0
68d7b6d0-7229-5034-9f21-18c53c877aed,4.45049,51.17005,2640.0
ee698db3-e90e-4e40-89dd-d63549efeb16,3.7255671,51.0564896,9000.0
fb49ff5f-1691-5efc-a1a4-2f750509965e,3.71037,51.06092,9000.0
736e2201-c58f-4db3-bb22-63e4695178eb,4.1423345,51.164833,9100.0
7ee3e327-b00f-4bdf-a89f-cf26b6261b98,3.72391,51.05821,9000.0
ed542c7e-c171-5c77-a4e3-f775e77f13ee,4.70038,50.87834,3000.0
db3071d0-f7ac-4ca5-9e06-a6be04b00ec0,4.3640614,50.7936538,1180.0
82d21f98-676b-4d3a-920b-593cf29bc194,4.69698,50.86709,3001.0
4b95968e-a858-4138-9b0b-ef046cad68ec,4.23736,50.7375,1500.0
3a15ea84-d2d3-45a1-b1af-511e7e4d3d0b,4.3670471,50.8497791,1000.0
df13e05c-4d99-4e25-b900-382b0eccc1ba,5.11775,51.18544,2400.0
4fd47068-a92b-4499-ba2e-8d76794beb69,3.269471,50.827488,8500.0
ca9f22f6-eab6-57b9-89b2-84ac623b6554,4.40753,50.82681,1150.0
22a78287-e8d6-52f1-b57e-69e5d713648f,3.70745,51.03379,9000.0
5673f14d-9cd3-4dd9-8ced-519be398b1a7,4.4158841,50.8595751,1140.0
0cafed08-c6c1-43dd-87ad-e36af66bf3c9,3.86017,51.17092,9185.0
eee20715-7add-423e-b6b7-aac44a576466,4.033056931538669,50.9384103148599,9300.0
af510a8f-dbee-4e72-89fd-f9ea83892a90,4.4853503,51.0289309,2800.0
47baa051-c855-46d5-9567-0e830b1a95a0,3.72626,51.03933,9000.0
425629b6-90fa-4e29-b4e2-02587e1227c3,4.42099,51.22233,2060.0
fb4bc167-6ceb-4a34-8e79-1dc667cbed74,3.26508,50.82663,8500.0
cb0fb58d-37b4-4844-9022-a5f9283cde9d,4.4660873,50.840153,1150.0
3a60c6ac-7c9b-562f-aae5-b773b4e72758,3.71023,51.06084,9000.0
bb87e01f-2155-4a17-867f-0ae7d1fbf56d,4.39151,50.81189,1050.0
d0a3f5d2-656a-5647-b5af-3378669d1936,4.23358,50.73735,1500.0
c8fad0e7-55b2-4017-acdb-20ee7d24df11,3.724853,51.05983,9000.0
3586f1d6-7b75-538e-b909-497d3e425d53,4.42479,51.21812,2060.0
12f8afc2-a915-428f-8c35-a7dd7cc70e1b,4.4342235,50.8411993,1200.0
9d4aa295-e9d4-4e38-b0f7-a633fc4d3c83,4.700046240772713,50.87868849081887,3000.0
23a63a3f-e0c1-542c-946d-b77574ae4b9f,5.42259,51.21194,3900.0
66b1cc1d-3c98-5167-ba15-a4a2e2625b08,4.41756,51.19392,2600.0
458b5332-14bd-4663-ae75-f4a552e75056,4.3979279,51.2193615,2000.0
7b3a22e2-4bbf-498b-9200-9e5404708451,3.725587,51.056675,9000.0
49a0ff47-50a5-5e07-a074-4d791cec987d,4.39248,51.21298,2000.0
afca00c5-7921-4ed7-ad49-1c5f4e395fcf,4.4067462,51.2250501,2000.0
b6cf09fe-979f-585d-833f-91df085e93ee,4.3849,50.84443,1000.0
b57ce573-75cb-52bc-b9b5-094073fcc559,4.35851,50.89689,1020.0
8b918a21-50f2-417f-8384-24cff71bcbd1,4.39642,51.21986,2000.0
3e0e8ca5-4b8b-404f-82ac-d315cd9d617b,4.306266742,50.82928393,1070.0
f9d27b65-13aa-417d-814f-d6f55c603ef9,4.4827,51.01854,2800.0
8e57fc94-a61b-49b5-b816-db50e97ddb22,4.421991,51.20257,2018.0
f18c05e7-7d15-43b0-a1ca-1e4c258d8bca,4.399301864837464,50.714512563098424,1410.0
a43c868b-c420-50ec-b6c2-e481ab18314e,4.40126,50.85548,1030.0
99cea9a3-4802-597c-8821-0337e68db1a3,4.28,50.87311,1702.0
0eac0ea7-2ab9-59d0-b40e-70555a79967b,4.351646572775937,50.71469691730868,1420.0
b4e77120-40cd-48a4-bb8a-d3ac11a845ca,3.7227939,51.05225,9000.0
cf1b9a77-d3d1-405d-a4f8-9bbb24526030,3.2235225,51.2038026,8000.0
dc1922d1-94ac-5d11-92a5-1a0891c6aaaf,4.31744,50.8759,1083.0
4a00ff04-aa80-5665-8a6c-fc807227e101,4.33581,50.879,1090.0
6354d149-8092-4c5f-8c78-d3aa73aa6fe1,4.3184457,50.8650007,1081.0
8e262a4b-d954-594a-bced-0d2ef47a9201,4.343934005779204,50.82728087453091,1060.0
66f42e4e-1858-42eb-aac2-76e48a5d9818,4.4058,51.1840267,2020.0
cfcb2c95-4d84-4e9c-b3ec-e39e3f42621f,4.45681,50.86496,1950.0
33f43767-8674-5129-9a34-e669db0c8c7b,3.76283,51.03103,9050.0
ff1432a8-cff0-4c87-b367-ea9f41cae863,4.389389,51.20356,2018.0
4c71cbdd-f34a-49cb-9b45-071005897f50,4.35909,50.8983,1020.0
9832da23-ad25-4721-ba7a-f66861be0021,4.98758,51.15813,2440.0
a524057c-602c-5260-9a17-fcfc7312f529,4.39684,51.2109,2000.0
40f1fd54-52d7-423d-8041-434471bf1880,4.4015,51.21893,2000.0
c4d21cb8-3121-5e5d-bc1d-41f9ec9e3f18,4.370239418525667,50.80840744357037,1180.0
f646b532-ed2e-5e2a-a771-0486f065181f,3.73378,51.04864,9000.0
643f78ee-dbb9-59e4-92ce-7097f2a205fe,4.3849,50.84443,1000.0
033b5b56-4909-46eb-b943-ef36220a6456,3.72472,51.05307,9000.0
d33d804c-c3e3-441a-8fe7-6ba267a3c8cf,4.4087207,51.2167452,2000.0
3cd97649-adf3-4301-b467-ab702332d046,4.3893,50.85487,1030.0
6bca9eed-553b-5e02-88f9-7932b8c5df38,3.7253,51.04117,9000.0
404b113c-1d26-5b9b-b3b1-4416c745cfad,4.70375,50.87764,3000.0
1c1dac03-3077-4e41-92bb-c1d088ae3771,4.03503,50.94034,9300.0
3dee75e5-2f0e-4da4-9147-e3d0c6281a3d,4.30683,50.8340352,1070.0
98135ea3-4a99-5da0-b75c-2deeb0ea79dc,4.40327,51.21878,2000.0
f64270f3-bc37-4ff4-90de-4ec9bf7888c4,4.7072223,50.8824362,3000.0
7fff2497-5233-43b2-9175-e488f10c1a0a,4.6991144,50.8817867,3000.0
1403db74-c879-42e4-ace5-3b584154a93f,4.42561,51.2226,2060.0
56ea696f-ea54-45b0-a477-85cf9612cb5a,4.37451,51.13044,2630.0
7e717526-f259-4b4c-a4ba-ecc771717957,4.433235861361027,50.9276422156451,1800.0
7dd5092b-d269-46a8-9a37-e2873e29a286,3.26427,50.8292,8500.0
195a5f97-4c6c-495b-bb6b-07884b517267,4.31109,50.84807,1070.0
f6495702-506c-4ee7-a4b2-b4c707b31039,4.39234,51.20993,2000.0
27383473-76db-426e-b337-1f4e4b7485be,4.7133678,50.8822221,3000.0
188ab5c5-b1bd-497d-bc03-26450547dedf,4.4353,51.24207,2170.0
78077359-37df-4ad1-a51d-1e04faf0c24a,4.3975062,50.7198984,1410.0
ea70f7c6-d678-4e4d-8e41-8500c3ef119b,4.3981461,51.2217519,2000.0
8840461c-82e7-4dd0-969a-4a5a2c5b5ea7,4.383748374230962,51.183265406669136,2020.0
1a4107c5-fb3a-438a-af20-c38bc1246638,3.23567,51.21042,8000.0
4f06165d-4d2c-53a7-b00e-7c28bfee7300,4.31454,50.85309,1080.0
cabc6d6e-dbc2-4874-965b-52b1363c3077,4.35768,50.89769,1020.0
c97fb49f-f46b-46eb-b296-d0f6796a67b8,3.7094506,51.057,9000.0
56a56259-512a-45b2-b046-5331a8ce9646,4.4203808,50.8441316,1200.0
a5d2082e-9c8c-4180-8e4a-4a6df2b06fb1,4.24043,51.09924,2880.0
2ac3a802-046e-4dbe-9a81-53e1de745b71,4.4372914,50.8479912,1200.0
007dbcd1-0bce-4046-a305-9eed65c24882,4.42936,50.93271,1800.0
0ecde79f-1a67-4483-9e5e-feb16a6681ab,4.62917,51.05595,2580.0
99e91dfa-857e-4be2-888c-77ffb2a62ba1,3.72434,51.0584854,9000.0
03f8086a-f60e-49b0-9bc7-03671550bcf7,4.39754,50.71876,1410.0
20cbfa88-3f17-4985-b283-8c92acb10489,4.424606,50.92638,1800.0
f58e7054-cc26-4d4c-bbac-c9df0dcfc9dc,4.40142,51.22497,2000.0
09f0a50d-b07f-5f9d-835d-ee3c3027f09d,4.38669,50.87433,1030.0
6821ea81-f484-4706-9660-018178f26ee2,4.3370766586032765,50.80037434409827,1180.0
c59ae830-a87b-4e0b-9f0d-1dadb3ae0121,4.3999193,51.2167821,2000.0
871f489d-72e1-4d17-8c8e-4eb62e070837,4.04657,50.9421559,9300.0
f846d185-39c2-4ddf-8f91-29c1c9b58355,3.26537,50.82829,8500.0
d967dd2e-5c03-50d8-b063-64159b672334,4.47163,50.88288,1930.0
d71a048c-9651-4741-b5eb-6828872341be,4.40078,51.21948,2000.0
9d55f642-1404-4438-b7c9-78cf04bedc11,4.43077,51.21896,2060.0
df6854ae-f3ab-4f41-bc36-ce19642dcd30,4.450866007589559,50.85095543103467,1200.0
df11a89c-f57f-424d-98cd-9df11757f448,4.33162781134887,50.82444710852484,1190.0
1e001a18-21df-59d2-9f75-5a85fda6b12f,4.69984,50.87932,3000.0
c19571c5-cb63-53a3-b1f7-1482198517ef,3.72562,51.05634,9000.0
e2505de4-c708-4652-b009-048773c7bd72,4.142704,51.164831,9100.0
75f5c94b-2c80-57c5-99e3-1a17c6ab09c5,4.04223,50.6947,7850.0
08fa9af9-ed87-459e-8797-edde911f0fff,4.311028588166092,50.83547732424592,1070.0
25c9154a-5406-4557-aec4-0cfcd2bc7fa0,3.709707158120876,51.037535888114576,9000.0
11679965-0d4a-4a88-8086-4ae478977049,4.33775,50.7403413,1652.0
b6d2257c-eba7-49b3-acb3-0bdaf1a8cdc7,4.3788068,51.1901366,2020.0
0aac07d1-719e-4930-9c82-0b6bf2200cba,4.484005,51.026594,2800.0
10d235e2-61b7-5fb7-bed2-767cf8c3e12c,4.48205,51.03021,2800.0
cd3aa45f-f726-4b2b-adf7-8fa51b39bc52,3.7075309,51.0475307,9000.0
1ea85831-cd4e-45b5-b771-028c0e8090b0,4.15308,51.15112,9100.0
cea054e7-0fa1-47f9-b24f-d314a7da5211,5.49784,50.96331,3600.0
274d8b18-0199-509d-bd85-d96913e64922,4.03141,50.938,9300.0
f91bac8b-6e18-4d01-a877-67b00ec7f475,5.339221358299255,50.92993883893389,3500.0
a8550966-2ace-5c8d-8a86-5144e50aa6c3,4.41382,50.84805,1200.0
357cf2d2-1ddd-46a4-898b-21fa1a7922c4,4.43045,51.21843,2060.0
ebf1cac0-285b-4be4-ae09-52f59876422a,4.50047,50.78635,3090.0
fb64204e-5676-5a58-b59d-a2660ec6c6a8,4.70735,50.87623,3000.0
99279f01-2eb1-49bf-a97f-1a3704aafec8,3.22814,51.20754,8000.0
1dbb7d11-8036-4232-96ef-17d1d338ee8d,4.40045,51.2190566,2000.0
de28b9c3-3cfc-4a2c-9aa1-75a9c3c4ceb5,4.4059124,51.2278987,2000.0
8900b853-1bcb-4347-bab6-8bb4ffdf1bbf,4.56983,51.12955,2500.0
fc99f22e-e791-5956-9c4e-a1f164c2b6ff,4.41095,51.21721,2000.0
def2d671-a012-5cd5-90f1-88838c45adf4,3.72321,51.05456,9000.0
b9f2d76b-40ba-45d4-add5-ec084dc82bd8,4.2971408,50.8247033,1070.0
bdc5d004-8c75-4e3d-b29e-42ed18fc3f27,4.6994208,50.8790315,3000.0
bcd07637-5c63-47da-beac-8719c7531add,4.42486,50.93114,1800.0
33e7bfdf-9545-4c10-bb09-052581b2e93d,3.28786,50.83775,8530.0
c15f1ff6-ecd8-45b1-afae-ac52b83772ad,4.03159,50.9379191,9300.0
fd1f40ef-e6c6-4a01-9079-bda2e77457e5,4.43402,51.1998,2600.0
2ec83440-e2a7-4cc6-948c-2dc05df8a143,4.7049257,50.8770336,3000.0
92b036b3-ce6e-45d8-b567-8a994aec9e7e,3.7294,51.05111,9000.0
402ce823-9817-4ba2-969b-45f6f5210345,4.40585,51.21861,2000.0
bdc6049d-422b-49d7-9ff9-1b3d75c3ce63,4.4297784,51.2070266,2018.0
da6c1389-18ef-4847-9ad6-d0a1e6f817bc,3.269221186637878,50.8198119077225,8500.0
7f078ef7-dbe3-413b-a6f1-eac05d59de81,4.4576878,51.2203728,2100.0
26b37593-31ad-5c02-9d18-3002de3cee27,4.40507,51.22121,2000.0
21e49698-c86c-429d-90ee-a0885cb2b540,4.6964194,50.8685173,3001.0
9fbb500f-aca4-4f6a-a652-142ba992f853,4.34899,50.87674,1020.0
d46d80f7-9b8b-4f0a-98c2-4508c61274fa,4.4545,50.8688,1932.0
97ddad9b-60c8-4564-9c62-6e4e498e5f6c,4.0214966,50.9427618,9300.0
b0a9fc04-1921-4afe-b5b5-5c12b55fbd11,4.51478,50.72256,1332.0
e897f8d0-ea52-577d-a9a4-c65916acc006,4.3981,50.71642,1410.0
abdb738f-4846-4b01-b7a8-beaf634708e5,4.7035781,50.8771606,3000.0
97c9d443-94d3-497a-851a-e58ad9cd99ad,4.39666,51.21713,2000.0
286effe8-52e3-57d3-9e72-bf69ce2488e4,3.70014,51.05251,9000.0
742997d4-9b8c-5afd-8ecc-89dd02206b4d,3.23567,51.21042,8000.0
4b1681a1-8f3a-4fbe-bc8a-9578c0cd003b,5.34026,50.93112,3500.0
029fe76f-a690-41ed-a364-44b9ee99c820,4.36169,50.74796,1640.0
b78e895c-db97-492d-b88c-ad8f255a873c,4.313357136450402,50.873460341678786,1083.0
f49e4d0d-3261-554a-b84c-2318c6512699,4.33794,50.80033,1180.0
345a9c44-9456-41b5-be03-dc7d58e4e7a7,4.438554,51.1777481,2640.0
4655bd94-40b8-5e9d-9346-a97fb7fd3d2b,4.47142,50.89053,1930.0
54977a63-6866-4f08-a8b8-9af4a0578e36,3.22441,51.20183,8000.0
b4ab2594-6237-4552-a89b-74d2d1cb3860,3.7219761193396015,51.05377098456009,9000.0
86e670fa-4a7c-5226-8bfd-6b9cb029ce27,4.38606,51.18653,2020.0
64c8a81b-844c-4442-ba29-9bd677140716,3.74995,51.06213,9040.0
141d9bdb-95e5-4530-ac44-4d7d7275400e,4.32947,50.8798,1090.0
2fe65cc7-4228-4a0e-bd13-3c50f6f9dc7a,4.31969,50.87571,1083.0
a254e822-238b-46b6-bf9c-666361235c14,3.7172803,51.0405777,9000.0
b3501228-42bc-4b53-84a6-c495e9b6c7af,4.70071,50.87682,3000.0
ecc4b882-7124-42ac-9055-7417919d80ee,2.91417,51.22628,8400.0
506d6777-d33c-45c6-8487-8e8f8f26fc29,4.39685,51.2109,2000.0
f01fb5d1-ee08-576f-a7cb-694fd82fd5aa,5.50325,50.96481,3600.0
bb696788-eb6c-4aa3-9250-f8bcb6fa5034,4.69924,50.87735,3000.0
10041994-470e-5c93-ab05-4ad36f6962ad,4.277764616171902,50.881399242025324,1731.0
01beb3b4-64d7-490e-bbb0-f43f454252a6,4.46408,50.84102,1150.0
ba279a14-ce57-4b54-8f23-ddea4e9e6501,4.4134784,51.2188738,2000.0
cfcca0de-6d2e-545a-873d-63b7834fbce1,4.50247,50.78561,3090.0
f80d3377-4b4e-486a-b7fc-9a58aef0b435,3.72438,51.04346,9000.0
795c7611-0260-4562-b9cf-760144d5144f,4.3240102,50.8729267,1090.0
53b56c2d-9a50-4d24-912c-7e249762a09e,4.338431361720784,50.81199271068938,1180.0
26f90f22-0380-41b7-a0e6-b99e4bdf2fc8,4.4422107,51.2117909,2140.0
aecf6054-364e-4827-8344-4a589322684d,3.2268748,51.2065205,8000.0
2549a897-9238-4d0d-99e5-43e6dd553982,4.70979,50.8814455,3000.0
0e9580bf-c8af-52cb-a956-e06454437def,4.37892,50.87618,1030.0
952ad28f-6d93-4a9e-b92d-a9425cb8f6d4,4.3994,51.21612,2000.0
8b5f4165-4ac3-4197-9883-9bb77d05b3c6,3.72437,51.05851,9000.0
57089fd2-42f6-4567-b6d4-29eaff8626bf,4.3396722,50.8028,1180.0
584292d9-8457-4466-ad25-cddf9deb1263,4.4419863,51.20041,2600.0
b4615e8f-890e-50cf-926f-152891e5550c,3.762653961405006,51.10100845344576,9041.0
c1d1bea0-2bf4-5468-9af0-f5db9cd62ac1,4.27905,50.81936,1070.0
eccbdd69-ae4a-49a7-9901-2179961b1b14,4.38872,50.87234,1030.0
7b027d74-0703-5f09-922a-5f00d34de52a,3.74962,51.06184,9040.0
35f7f30e-a210-4791-81f7-1a709ca5ee5a,3.71366,51.05062,9000.0
4c42c77e-67da-5478-b756-db222606869f,4.3849,50.84443,1000.0
0a2a2c4b-79c0-444f-b96a-dcea266a2fb9,3.73388,51.04867,9000.0
9ef18be4-a434-5073-bb39-b74d0979d7ec,3.73388,51.04867,9000.0
61938f22-22d4-44af-a76f-b06b40059dfd,4.37097,50.84953,1210.0
3fc07874-ab5a-44a2-9d86-9e4a3ba80ae2,4.2309,50.73671,1500.0
796259df-15d7-45ac-9c3a-33fa5dcdbf3f,4.4854317,51.235947,2110.0
0e501dd0-62b0-4993-bc5b-ecc08c8d8495,4.33078,50.85243,1080.0
e1144e73-8885-4c9f-9df4-521fc997cad1,4.38891,51.207707,2000.0
e04e192f-6cdd-4fe0-ab3f-75d4277901f2,4.33598,50.80336,1180.0
d3ea0152-eaa3-4d14-87cd-2a83601fe93c,4.1423078,51.1674242,9100.0
004cd667-ead1-4bd6-be2d-4f697ee0b70c,4.042674,50.9401898,9300.0
e8fb79c5-b27a-4f61-a809-1e4fa2181a30,5.30067,51.04153,3550.0
420cebb7-5e17-4693-aa72-1521d68416f3,4.0377649,50.9384,9300.0
4a44250f-b552-4072-bf33-7f156502ef54,4.3330207,50.791973,1180.0
206e2163-5790-4fe8-8a2e-bd5d89dd7ba1,4.436837823283237,50.844726246495995,1200.0
7414d614-d7d5-4400-b619-0b67ede787a8,3.7261176,51.0438527,9000.0
44defd54-d7fc-4928-9206-d88d8ae90838,4.27551,50.87303,1702.0
84fc4f71-5103-44d7-b1e3-2170a89bd518,4.405401841981415,51.22016226494159,2000.0
e591656f-cb02-4548-b57c-7b0f212362e8,4.42973,51.21846,2060.0
8f468d27-86d9-49c9-8cbb-61488d182f82,4.4044264,51.2214888,2000.0
6b148434-1259-46e0-85b2-64057edb0ae0,4.4491667,51.2463889,2170.0
3d6cc862-696f-4cdb-a41d-095ab66deebf,3.74483,51.05913,9040.0
eec9118c-6952-40fd-83c8-76201da14a23,2.91549,51.2325,8400.0
1c524dd8-4326-4065-8434-1c2ecc2eb7f6,4.43288,51.22176,2060.0
d91f3b1e-c1b3-43a5-a7b7-ca26b6c64cad,3.73388,51.04867,9000.0
e08e2372-0287-43d5-b442-b678a413a77b,3.22389,51.21099,8000.0
ace9807c-e1bc-432e-ba60-f201e525cf4c,4.11994,51.17489,9100.0
dbaef85b-3b89-4c66-812e-d37b6d33a169,3.72645,51.06517,9000.0
654a1f77-85e1-575d-8ca1-d8a3d645c264,4.30641,50.81625,1070.0
8409885d-2a35-4ff2-87e6-670fd4b9dd5f,4.14989,51.15627,9100.0
ed157517-1857-4689-a6c0-2888e023220b,4.41421,51.22145,2000.0
d8ab72d4-cc12-5d6b-b892-8cef9051d0b4,4.440131224886909,51.17803642265663,2640.0
6e9d3588-ab79-4ce1-80af-b114a0e8e7c2,4.40573,51.225292,2000.0
1adda60a-23ca-43cd-815f-00a27e481918,4.4733191,50.8818549,1930.0
f3c075d0-488f-401e-80ef-598a32928ea0,4.505363,51.224304,2110.0
d3b401e3-84ed-440f-8f01-1b7e0ae4f087,4.42274,50.93108,1800.0
bd080eb6-fd48-4384-8692-0c72c0702167,3.54877,50.99972,9800.0
494d457b-aecb-4aff-8fef-1fd61a8a8951,4.139628,51.16375,9100.0
3f505500-b064-5070-ae2d-9a0aeb7a60aa,4.39931,51.22056,2000.0
5f722234-e99c-468b-bd8c-2c2726154a68,4.41416,51.21907,2000.0
9b0237fa-933f-4a92-b7d3-6148eb5a18ff,3.22223,51.20832,8000.0
8882f07c-6ffd-425c-84d8-1ed1ebdcc76e,4.3153894,50.8582425,1080.0
1ce5b805-2a36-4704-bf69-645796892e8a,4.37303,51.1829,2660.0
c2720bb2-ce36-4896-b4c5-7a73e62f15a7,4.421299,51.20432,2018.0
347b5220-e2ff-46fe-b412-597cfd0749c6,3.26685,50.82592,8500.0
46f39ffe-ffd1-4138-a9e6-e9cd4f467e41,4.2759275,50.845192,1700.0
75c69507-b650-4334-a399-f3e68070ec25,4.32045,50.87214,1083.0
16ca735c-e37d-4fc0-aa20-deb80ed2bf19,4.39181,51.21034,2000.0
3a392437-f216-43fa-bed2-61b140f92ff2,4.4308969,51.18934,2600.0
5ba38732-e806-4f37-a360-32bac0b31fbf,4.36262,50.93667,1850.0
de50f0ef-dd17-57bc-8186-bacac87489d5,4.47887,51.0279,2800.0
75300eb0-3108-4a86-9969-b63d37f5c5d2,4.3977102,50.718889,1410.0
c3294774-24a9-40de-a744-96a508d90ad8,4.44825,50.85447,1932.0
401d6d5e-f040-4e5e-95ec-a1718f19cc4d,4.47931,51.02659,2800.0
df0a1ece-bd4a-434c-96a7-2785bd2e7cc6,4.3991438,50.863042,1030.0
2e33ed00-1149-5996-9da3-e411b70e4ac2,4.32327,50.87404,1090.0
e3b34c30-191a-5381-ace4-95b4f574d625,4.93709,51.32141,2300.0
18a25d1f-2c53-44a2-a2be-53f43b75fdf7,4.3365345,50.80063,1180.0
ee669789-e954-514f-80e8-99229155dfaf,4.54841,50.94196,1910.0
ac4a7b9d-e409-5300-bd49-817d9461d2af,2.90277,51.20361,8400.0
96c02042-97b3-48d9-bbae-ea35be13e9ef,4.464016892015934,51.208171847502875,2100.0
4bc04f57-c279-5f6a-8b59-51abc34a0bd1,4.40327,51.21878,2000.0
ca626b6c-5b1a-5ffd-9f76-abf207246daa,4.3028,50.86166,1082.0
f71ce623-abb4-4705-aa87-c612d807d0bb,4.0399882,50.9362549,9300.0
8c4dd303-9dc1-4aa0-a029-c92a4a53eac3,4.3947513,51.2098833,2000.0
c23770aa-5541-4f02-a41c-2603968cb8fd,4.50295,51.0951,2570.0
2739d747-2758-42b1-8af4-ab54cd05cd3d,5.3379941,50.9293003,3500.0
eb03eb02-343d-4dc1-abcd-73aaa934d168,4.4044508,51.2179169,2000.0
02165a21-8c30-4d06-bc0c-92f5831da786,3.35925,50.88016,8792.0
6dc6a308-026c-49b4-9681-03611eb82192,4.30684,50.83471,1070.0
d59db119-6f4a-4261-bda4-e9fbf6b5195c,4.40039,51.21989,2000.0
bc27c974-90d4-42bc-a783-a70f5e409036,4.29101,50.84639,1080.0
d78051b1-eaad-487b-bd20-2102b7c8fadc,3.73388,51.04867,9000.0
62ce5f24-7440-46eb-9b4b-23827c5249ab,4.3375313,50.81673,1190.0
9bd001dc-5601-5b8d-8b5a-6b3e3b05ab5e,3.72285,51.05356,9000.0
6debfada-4b81-43bc-b4ae-ae227678d04a,4.69801,50.87979,3000.0
9973c231-b333-4bd4-b9d8-dbf9d5fac3ea,4.396962,51.2104859,2000.0
7555c1bd-2a4d-4468-98da-cdf0fa4727df,4.43995,51.21407,2140.0
21f90f75-6e14-56b5-bed4-c0833366410c,5.48039,51.02491,3530.0
d93f210a-6736-499e-95d4-5cd2d3c572fd,4.3931043,51.2081471,2000.0
acd0db3a-c9a8-4763-b69b-c624cc73d46e,4.037429317831993,50.93839614634445,9300.0
56e89c99-930b-499d-a43c-ec140b468b98,3.72796,51.0582,9000.0
9d81a887-a38b-5a46-96da-04368dd624fe,4.31126,50.86891,1083.0
769ecfaa-20f0-4b5d-b9f3-0ed0f6914d64,4.3364628,50.8039923,1180.0
bf6af138-55ee-46de-949d-7e205e973eee,2.91461,51.23175,8400.0
d0e29e36-00ad-443c-a80e-5b729936fc48,3.22754,50.74497,7700.0
32451ed0-db77-405d-af86-38ff463169b9,3.22312,51.20669,8000.0
dd4984e3-b7f5-4fd1-931e-5d9d53218bbe,4.7002106,50.8789219,3000.0
14b9c912-cb6d-5a57-9bee-0e90752bbff1,4.33631,50.80037,1180.0
b06cca89-ba36-4cb5-8c0a-141cc08b6992,4.3758972,50.7879667,1180.0
6e8c8674-25b8-5045-b98c-2e0cd9e149da,4.95015,51.32299,2300.0
10c7ff89-6d6f-5119-a3a5-ae238d9229f3,4.28831,50.8384,1070.0
b3c046ec-ebce-4d50-b9f3-754869e782dc,4.700032900465295,50.87868717780206,3000.0
4e51a274-6f6f-4896-8d6a-7196f059a4b2,4.4320241,51.2089078,2018.0
589f7295-9165-4b2b-b74d-c6dd4ac74beb,4.4317019,50.8630888,1932.0
b6393b83-3ad4-4cfb-9e9b-ea361148701e,5.47083,50.97528,3600.0
503e0832-e4e1-4227-bd02-083f58c183ae,4.7035952,50.8779598,3000.0
050711ff-467c-5fc3-b805-aa34bd67e8e5,4.33794,50.80033,1180.0
b9657bfa-0c3b-4e7b-bb20-e64ed11666e8,4.4009789,51.2118234,2000.0
8095deb5-9472-5a79-adf9-a704d82d2486,2.91681,51.23301,8400.0
9f8093e5-94ec-4412-aa01-d6b63ca9bb1a,4.31348056115117,50.844020971804625,1070.0
a6de02ab-ce9b-42fb-a029-5d9195e586b2,4.3793152,50.8186284,1050.0
d4db32fb-21d9-5365-9b8f-1a52b59879df,4.30793,50.83576,1070.0
f088aced-82f7-4c65-a111-e91049e06e4c,2.91983,51.23243,8400.0
2cebccc2-24a9-588b-a97b-32916a3616a1,2.91276,51.23086,8400.0
1e7fece4-8ba9-4bb6-85ee-7cf78f1fa1e6,4.28904,50.8065283,1600.0
186c189e-85b9-5f4e-b69e-891202172355,4.33692,50.80863,1180.0
55d59c4f-d511-41ee-83a0-e9cf7c2cd42f,5.3368087,50.935387,3500.0
6c3faffd-ee43-5bdc-8359-97ab6e3ad285,3.72187,51.04486,9000.0
8789124b-535c-496f-861f-26b6430aaa16,4.3764,51.18762,2020.0
d5e65cd5-ed29-4b3c-b3c6-cb1793acdd54,4.39817,51.2141,2000.0
58f1ebc5-a62c-4203-814a-d2bffc82f84d,3.2187285,51.204928,8000.0
5cd2c2e5-37cf-47f5-ba41-0564794cb156,5.22048,50.79381,3800.0
93d0cc3d-08e7-41d5-8a78-34ac15ee77ed,3.26887,50.81979,8500.0
8512feca-54f2-4f4d-bfd8-5abb5ac7231e,3.72373,51.0552297,9000.0
bb4f2dcc-fc0d-4867-bce8-55b7b4ebea3e,4.46236,51.16562,2640.0
602adbce-b052-4016-be8f-5bbe3bd80272,4.6809435,50.8992074,3020.0
ffbe8268-0f66-5306-b572-18d0623b7488,4.39855,51.21519,2000.0
fab2e1a2-e75f-44fc-9254-3de14526a19a,4.3994,51.21622,2000.0
9b23c3a6-e7e2-5ead-98ae-94442cf867e6,3.71301,51.03621,9000.0
34fbe084-82a1-5247-bf1d-40104b74b102,4.39379,51.17369,2610.0
02477c16-7179-5d01-acf6-0ed4a6efbd64,4.69815,50.88002,3000.0
a65d361f-7082-560d-9207-18fa24795329,4.50177,51.2222,2110.0
e638e4b6-70fe-46ee-8119-d2cfba2a9c38,3.6562567,51.05073,9031.0
bf80ff25-d094-4051-ae89-8ae9b3e99334,4.4193604,51.2191061,2018.0
81743c16-2f1a-4b85-a189-b3ff328cc696,4.4165,51.24489,2030.0
61156500-daa5-5a51-a706-683366cf06a9,4.443553559508856,51.21501830204656,2140.0
2670fafb-1ceb-53bf-8222-86c0558c7bd8,4.37344,50.87891,1000.0
143ebe5b-6b69-41eb-85a1-9456a75b2ad0,5.21905,51.07801,3581.0
4387a090-bf1b-4e67-8ab3-654b8870b61b,4.4066644807685815,50.87645752675995,1140.0
25f38f65-aaa9-4e25-805e-853e6af3a95c,4.41637,50.8595963,1140.0
79f37f28-866c-4f86-9f3d-25762013480f,4.4069,51.20592,2018.0
681dfaa0-05e9-54f9-9765-bc3974ebd001,4.38518,51.23075,2050.0
874d815c-cc8e-4e11-87bd-8a9998f409a9,3.7238127,51.0577837,9000.0
004cf391-abfb-5806-a875-076bf44db223,4.39684,51.2109,2000.0
742a1a40-e864-44d1-839f-6b0c99abb6b0,3.72554,51.05404,9000.0
3f38128d-4959-4612-801f-fc403c70dd95,4.3941565,51.2128898,2000.0
dfe9b3f4-65dc-4b93-b892-e8f746207a10,3.27152,50.82757,8500.0
bb1a5759-7c50-57de-bf04-535b2d0bd35e,3.71547,51.05444,9000.0
5df12f5f-4e2c-54f1-a0e7-4f5ad5eeac3a,4.42875,51.21803,2060.0
58b36870-ec8c-57d6-9b35-d8a3efec96be,4.48117,51.01827,2800.0
009de458-bba3-536b-9739-41fe9ea870d6,4.33674,50.80148,1180.0
6ef64857-b4cf-4ce0-b176-0f159bbbd605,4.347638,50.880501,1020.0
33f38679-1bbe-46d7-8ea6-62fd6d393bec,4.40469,51.21803,2000.0
e3d76e68-f94a-500a-8c4a-debecc593776,4.395,50.84548,1030.0
b8f5e774-1b8a-5780-9702-1131fd2d0091,4.44568,51.13377,2550.0
38658f72-c348-547e-9195-f0acde090a03,3.7768392208976826,51.0733252321799,9040.0
1cda864e-decd-486e-ae30-6ed7a1487443,4.31449,50.86688,1081.0
41cce26c-fc2e-5332-8add-c77723dde4f2,3.2104392902434955,51.21229512886091,8000.0
253a6842-73fb-4a55-a26c-848427f6db2d,3.7341077,51.047767,9000.0
eb218e94-44ea-4b15-acd9-46a2355ab4ab,4.3289497,50.8731942,1090.0
a5e5115a-e8c3-4550-98ea-9c6265663c61,4.98822,51.15793,2440.0
0185c180-a1ab-40eb-ac02-a90c58d1f1f7,3.83403,51.09623,9080.0
9ce828d1-6e86-5417-8db9-5b2e2ea37e16,4.41665,50.86358,1140.0
8c934d07-fbd7-4a98-b941-8c7b201d528d,3.25906,50.83135,8500.0
fee9e22b-a61c-43b3-8043-75673d11a7a4,4.339827,50.80313,1180.0
a2f75f26-6994-5231-89a8-b7fc34a27103,4.41991,51.21762,2018.0
01acb7b4-ed67-425d-bb99-897f8f4bf6a3,4.4268494,50.8624209,1200.0
252702de-7f3c-5f13-be35-cb07087d2b3f,3.72506,51.05734,9000.0
4ca52afe-48b8-4e5d-899c-b1f4ca5cdc01,3.7235912,51.0398778,9000.0
f1b36a20-94f4-5139-b37d-d1862a156a15,3.71031,51.06071,9000.0
24d6dde7-2790-4019-90bc-9e706f6217aa,3.72165,51.04829,9000.0
9c4ae9c5-85b0-4f6e-a786-b99b852ef278,4.4133263,51.221695,2000.0
f1796cb9-5ac7-49fd-ad0e-6beb4488f28b,4.2846742,50.8048857,1600.0
526e9446-c189-4b08-8589-1f1af1d9b034,3.7104067,51.0613903,9000.0
f2d4cb4e-0f74-436e-a0e5-d1fb10ae3e57,4.3214368,50.8144678,1190.0
5b853b5d-d502-5571-bc1a-7a457d1ba185,4.48047,51.02628,2800.0
f9785060-0b6d-43d0-a312-fb2df8ed5029,4.4264278,51.2208174,2060.0
c64cd1fc-4934-436f-9598-5400965bfa79,5.31454,51.22607,3920.0
e5713808-33b9-49fd-b671-956fa8d5076c,4.4091307,51.2306975,2000.0
90ad2f20-454e-496c-84d7-4f20cf8dd4e4,4.4472261,51.2003953,2140.0
24054728-e6b5-447d-aa62-fd8974745721,4.38121,50.75659,1640.0
0d5b1df6-f5d8-4af0-855b-fc98ebbb1d45,3.74667,51.03862,9050.0
28e4a1d4-a811-4305-a7ca-0d0e856e61e3,4.86599,51.11423,2260.0
d55c8626-3ecc-4359-a73b-665705ef637f,4.4327112,51.1799602,2600.0
0fb98bae-40de-59fc-8db1-67ee45890759,4.398602407246575,51.21470688423962,2000.0
ad8c8db5-8a20-45ca-b26a-2bc60f03bcdc,4.32938,50.8802065,1090.0
2affb54d-38b1-4864-9117-8a38b90dd4bb,4.319534120236194,50.857597850661826,1080.0
b05d763b-e57c-5577-ae82-5c5d14e32513,4.33756,50.88991,1020.0
acbebd62-420e-55cb-b676-9f7ad56ccc78,4.46539,50.86179,1950.0
1855238e-aa67-4546-81b9-06a73137083f,4.42318,51.2243333,2060.0
34c0e0e6-42e1-4d34-b817-89955f3a6a77,3.72637,51.03588,9000.0
38e1f1c1-9f83-5284-9b2b-c24ba97bde27,3.73378,51.04864,9000.0
9f857be9-e771-41c9-a6a3-3346bdf63276,4.30885,50.83533,1070.0
13224380-86ac-4ecc-af89-cdfc8dad617d,4.69677,50.8805,3000.0
6f143d5c-f3de-4294-862d-bcd8ba2a3992,4.31979,50.89556,1780.0
2424f461-db74-4d9b-817c-67b1db92c94d,4.40675,51.18291,2020.0
9290101e-d9d7-5920-9c0a-4a87e9239b37,4.33794,50.80033,1180.0
f8e9ef71-9d66-40a7-acbd-3f37b90ceced,4.07018,50.92075,9320.0
c9d95023-34e5-45fa-bd00-031cb28c9652,4.398555671940895,51.220176126619386,2000.0
28a42112-6bb1-42b7-ab34-4e1b52a11408,4.42901,50.83642,1150.0
96669f85-471f-582d-8f15-5a51e62bf852,4.48242,51.21711,2100.0
7d69c630-e0d9-4fd4-8579-926a0d4267f0,4.0287696,50.9429785,9300.0
99f661c1-bbe5-5093-8ee2-546a7d512dc6,2.88505,50.8506,8900.0
be64ff97-f02b-4415-9d6a-a6104fb3ee43,3.230352,51.2085045,8000.0
6352c913-3d05-551a-aaef-2ea52e97af73,4.49033,50.73197,1310.0
1f1aea66-ced0-52a8-86bd-8d5fbd91a8e9,4.3849,50.84443,1000.0
5c8c0826-02f5-4d10-a0f2-cc77e8c3223d,4.39355,51.20957,2000.0
ca891b20-b767-40ed-ba9d-b7660d744ecf,3.73108,51.05698,9000.0
3acd941b-9d40-4d8a-8fdd-d77b17e4d638,4.14405,51.15955,9100.0
c608baf9-31d5-4364-9566-29952cf36c2d,4.4025407,51.2208064,2000.0
d11de997-a81c-494b-844a-db2a2ee0bd59,4.2609056,50.8359651,1700.0
72fd9fa6-2111-4077-8a56-3a11752546f6,3.74232,51.05558,9000.0
752912fa-981c-4eb4-ac92-161bdac42769,3.22747,51.2096,8000.0
f97fc917-65bf-5fd0-9440-4d7538fc9c3a,3.70717,51.07151,9000.0
47de7bd3-8ee0-455b-8470-4de751cbe29f,4.4622426,50.84086,1150.0
bcbc8608-7bdb-460a-a584-8d734accde39,4.4111597,50.8777866,1130.0
40946508-ba8f-4dbd-8762-b8fd4880890d,4.39931,51.22056,2000.0
39f92992-5666-4432-9a3e-0608bc533fb5,4.49613,50.84084,1970.0
b1191250-bba6-490e-8abd-6cfe09b53d09,4.429215,51.218124,2060.0
c974564e-1280-4f48-ae53-014c6519c079,3.2891807,50.8512441,8520.0
14a7ef29-1126-5360-88f3-31b1da00a2a3,4.384400887414948,50.857553598313,1030.0
73aa2291-1fae-4001-816c-97997ea96e0c,4.432571980419446,51.21536178986889,2140.0
e3d72f8e-ccec-4a3e-a344-780e4ea6bc37,4.39846,51.2202,2000.0
eb974035-9d4a-4670-b42c-f8896580e41e,4.4087376,51.2308982,2000.0
30ed9f03-03ef-4bf0-ba98-4b36f1ab1c4c,2.9144097,51.2318024,8400.0
d2af22c3-f705-4020-83bb-c65c2fc2a28d,4.3978,50.7197,1410.0
02875a86-0325-4a92-8deb-84c79e4efc18,4.3870403,51.169986,2610.0
b152964d-1362-45ab-b9f4-e7688e1c35d1,4.30712,50.83671,1070.0
e2834ec8-f4a3-4a7f-9c95-8564a859c38d,5.339705004949734,50.932720065735786,3500.0
5f26e0f6-fa1f-45b8-a8ab-00aef69b7667,4.48221,50.79322,3090.0
4a37df1f-49c1-4e34-8a46-1e62201d4078,4.71333,50.8737828,3000.0
fedea44b-40cc-5d72-aa5b-c05ec854cfff,3.72593,51.06106,9000.0
a3d9f5a0-c961-43be-9caf-b615eefe2861,3.7312336,51.049786,9000.0
3a33dd37-993f-4fa8-bb2e-3bded2c73e4d,4.51831,51.2275,2110.0
a5e8323c-374e-4a29-95a2-abb83f2d2310,4.4395792,51.1999678,2600.0
e3c4f79d-22bd-49d7-9c62-a19e3bbd953b,3.69937,51.06234,9000.0
c1cd5da8-0279-40db-ade9-abc9a17613d9,4.40045,51.21999,2000.0
21a9b8a4-856d-56ec-9246-c09ed4f49881,4.21261,51.12676,9140.0
bef15a9e-bb44-4e22-a09a-620ab17f6daa,4.371917923068626,50.879411375763304,1000.0
223960cf-55a5-475b-a466-9bede4baa9a9,3.25883,50.82558,8500.0
2a8f0234-f99f-4004-aebd-b95b6e22e8d5,4.4117606,50.8561554,1140.0
7bdec6e4-a9a1-4bca-9a53-03295a751bb2,4.703709,50.877308,3000.0
f32f8b8c-f8f2-4dff-8a97-d885cf566395,4.28738,50.83851,1070.0
8945665e-7bc7-4c43-acac-fc7964a7d1a5,4.402010925114155,50.85591485280082,1030.0
63e292ea-b215-47d3-a187-5e861b4befb7,4.2934682,50.8206364,1070.0
6264b7ce-0409-48b1-ad71-c66df1a201c5,4.44709,51.20022,2140.0
2db7cd9d-5624-4169-8938-0ba5a5ebad80,4.39845,51.21414,2000.0
9de2624f-4a58-543a-8c3d-016e7e61760c,4.71481,50.8817,3000.0
e899174b-a00a-43db-8a3d-34ebc83850d7,3.7201179,51.0521389,9000.0
9f700ea4-9572-46f6-950a-ade9852847ea,4.69933,50.87851,3000.0
c646ec3f-a2dd-4f6d-a39c-a3d823603545,4.41686,51.22443,2060.0
165c43f0-ff27-5420-8020-b6f030270955,4.42794,50.92784,1800.0
2235466f-d172-4b33-8d8e-92105a2295cf,4.42557,51.2227,2060.0
569aa02f-7e32-4382-9df4-73fa33565dbd,4.50177,51.2222,2110.0
4b5ab266-ceaf-4d47-930d-93ccc4404955,4.5142,50.72241,1332.0
ef8857be-9db5-5085-bbd4-cf3304b8326f,4.701876668091037,50.879639128475525,3000.0
69712553-f0b9-4c9d-80f3-1d83649f4833,4.3997393,51.22062,2000.0
9cc14b0f-e277-4e93-b315-bf78964348d4,4.3145685,50.7881073,1620.0
054094d4-cfb5-4917-8df0-47615d410b48,3.71616,51.0561,9000.0
c5543147-c436-537d-ac15-6127e234112d,4.39603,51.20487,2018.0
fa20a7bd-3cad-5112-a981-33b6d3d1dcce,4.429843317896039,51.20944720922124,2018.0
199fa7ce-a443-527c-935c-50d243d9b1eb,4.465134142972442,50.84167770560664,1150.0
a2a36277-fdca-4ec9-a92f-3e0630ba5f9e,4.44662,51.24481,2170.0
2e4c8f12-2cab-46e3-89a4-41dbaafe8d84,4.3164783,50.8537601,1080.0
6bf8d1fb-75da-5dad-b024-19455742f5b2,4.25734,50.87074,1702.0
a62c228d-8a0b-51b1-a6bc-8240022e3ced,4.328165,50.85672704745794,1080.0
f1b85adc-db14-43d1-9c0f-fe989488f8ad,3.7218654,51.0552613,9000.0
e75c29de-f6e5-5b6e-988b-be6cd321267e,4.28738,50.83851,1070.0
ae15f701-4037-4991-8e35-7549b4e341ab,3.70674,51.05801,9000.0
212067ee-0d65-4e21-b50c-b0385789db43,4.4312234,51.2186487,2060.0
69aa5a5c-330d-403d-8773-bfd6d9ae2ff4,4.4028112,50.7109884,1410.0
1cf7b918-f007-4c5b-9e16-08003505ba9b,4.4133935,51.22206,2000.0
808c013b-f980-4f9b-939a-183e5b7122b1,3.22529,51.20202,8000.0
8078306b-7f47-4140-9588-63aa930b2127,4.464723,50.8392308,1150.0
4cba5e0b-d153-489a-80a2-ce013a84830e,4.41831,51.21829,2018.0
5f126c0e-3c46-4ff8-93d8-ba9a6ac8c453,4.70054,50.87983,3000.0
ca107dcd-71f0-457d-96e2-5ebd9183d722,4.3594764,50.8981766,1020.0
f2ab660d-d03f-4cbb-9e61-c4dfe91171c4,4.4338318,51.20909,2140.0
6b9c19cf-a835-4722-8b09-3789f4f4ca18,4.49403,51.29152,2930.0
fe4cae7c-9885-4e41-b94f-2b234d85bfe5,4.31202,50.8684606,1083.0
4b7a68fc-7030-4a74-a5f3-5908f270200f,3.71067,51.03739,9000.0
8f1239b3-11d5-4915-8b1d-c64fb9028e98,4.4095176,51.2252516,2000.0
c831d58d-2fad-4a9c-8720-a537779ffb7f,4.96729,51.33607,2360.0
26f950e6-bc20-5d19-8e70-cad491cb4ab7,4.48553,51.02872,2800.0
7b9e17d8-b8a3-4b59-9cb4-7f2232404e66,4.39779,51.20675,2018.0
048f4a35-1769-5947-b731-08ab71a964ff,4.43127,50.83745,1150.0
9242c401-3100-5613-b907-48592add767a,4.33665,50.80776,1180.0
7ff9ee58-647a-449f-b68e-39a24c7c67b3,3.72605,51.06081,9000.0
0653d6b2-007d-43b6-85a5-a6a20d1937fd,4.4053197,51.23157,2000.0
518050fb-4ee0-42d7-a8cc-9790a8733a73,4.28939,50.83802,1070.0
a307ec22-9b31-46b1-ad60-d0abb428746c,4.36536,50.79451,1180.0
819555b6-10f4-4446-bc5f-de29d276d7cb,4.1415372,51.165094,9100.0
51b88d4b-7071-4037-808d-8679e5d216f6,4.4408054,51.2003161,2600.0
60ee3979-904a-561c-8bc2-5855e5aa16c1,4.95222,51.31159,2300.0
7a2dc3db-c05b-5ab6-8797-cc97e356d3d7,3.70453,51.05926,9000.0
31c97e5a-19a0-5571-b2f6-fcc8392b4034,4.3181194899071755,50.80983181450413,1190.0
68badd0a-7353-41ce-b667-b7049a704ae4,4.38915,51.207938,2000.0
857659f1-65bb-5403-bd4a-2c267e4e0967,4.70646,50.87664,3000.0
7255e7a2-247e-4690-9923-74fff09ea54c,4.25622,50.87087,1702.0
d8b4b3cf-1464-4cee-bc7e-b13c83746761,4.4095748,51.2253247,2000.0
f7646d84-e3d6-4567-bd7a-b703a9041f29,4.31345,50.87344,1083.0
aca42aff-d22c-4e68-8b43-d74355c61c2c,4.345307,50.7453163,1640.0
b0d2a3ed-3a4e-475a-a658-cb111f036969,4.4742044,50.8802711,1930.0
a7513ab2-7a5f-4e16-b2ca-70278891907f,4.72692,50.87185,3010.0
9e79806d-b3af-4923-939c-80152b8a09c6,5.33829,50.92938,3500.0
258f7cda-fa8e-4a61-8fc0-34492ad336bf,4.4026586,51.221042,2000.0
3f8c4d77-3814-4565-9d4e-3ebad6313d59,4.3873815,51.1700074,2610.0
1376a732-dd20-4205-b6d2-97d26d0d12dc,4.415439,50.8591556,1140.0
0d9ef2ce-12b6-5f9f-854a-f41ea2cbb827,4.33695,50.80801,1180.0
b600f4f1-e809-46ce-9549-e87ef9090635,4.3120132,50.8358726,1070.0
8d3e95e8-8eb2-485d-b74c-2b18918d12b5,3.266769,51.207932,8310.0
7ddf7e2b-b82b-50a8-9033-6a8c93d4d40a,3.70702,51.05751,9000.0
43088b36-1f7a-4610-8012-38b28ae9c325,4.39097,51.20819,2000.0
2c9aea17-37d1-46f6-9dad-39f3f2cbde74,4.41656,50.845964,1200.0
3edae651-c19f-4ee9-aec7-4b030cb54582,4.3049559,50.8285167,1070.0
8d1da6cb-c47d-4475-a349-b29d816bac06,4.2914935,50.8167587,1070.0
402e5ebe-a6d2-4508-bb02-42d10ee3ab49,4.71963,50.87803,3010.0
bceb71b5-15f0-4e18-8d6f-eb5596dc3850,4.46449,51.25931,2900.0
0c25506f-c1b7-5870-b4f4-c3f50d1bb0c4,4.30344,50.82911,1070.0
6bb09c46-a4ac-4690-8ba8-dd826d3c5b15,3.72668,51.04465,9000.0
c6b6a848-a698-4351-ba75-b7dac5e99295,2.9166375,51.2325423,8400.0
52872c89-a6c3-4e32-b0cd-1943e0eeb63b,4.285242,50.83799,1070.0
f556b562-220a-52d9-b24c-530d7b556ffa,3.2235,51.20815,8000.0
2c4b094c-d664-56a9-babe-b60966d867ba,4.27535,50.84471,1700.0
c04f654a-017e-495e-9249-e07c9e00d045,3.39201,50.60665,7500.0
b2b9ed2e-da0e-52bb-b7b7-633d2fbd5f6c,4.42081,51.21719,2018.0
7eec98c9-cfa5-45a3-853b-d4e4dfb1e826,4.42945,51.20939,2018.0
cb45a115-20e6-4d2f-ab33-df8942025dfd,4.43573,51.2121,2140.0
1337788e-f096-4399-9190-219115cf6659,3.2792339,50.8084073,8500.0
e677c7f5-ed9e-4ce9-abf8-79359663db48,4.3111409,50.86883,1083.0
7b37fde2-0d1f-5f52-912f-f8e2784d44f3,4.36481,50.69644,1420.0
0ed4e6c2-50f5-5ce2-ab0c-8f480b384538,4.41099,51.29795,2180.0
b58bd5cc-7acd-4a68-9333-7adb31bcdb1a,4.3259502,50.8738542,1090.0
f5208022-7ff3-47d5-a17f-f0ba037b54a5,4.7174001,50.8822075,3010.0
63266ec9-5a69-422c-ac24-77ed7ae8c07e,4.45626,51.2092791,2100.0
bb790477-2330-5036-9dec-e68bb7cbe2cc,4.03536,50.93789,9300.0
f027d154-ce29-5dd2-bfb7-1bacaa91323f,4.36079,50.9008,1020.0
b0284c81-7982-4626-90e0-bcac2271901c,4.41566,51.19966,2018.0
40325167-5937-46ce-821c-712d94dbc974,4.462892719572325,50.90630775571072,1931.0
8abc4ccb-4cc8-454c-8eb2-a68f5052dc8c,4.3890836,50.87304,1030.0
a363c202-32d2-5525-9e78-8401cb1d8356,4.94977,51.31533,2300.0
d5bb4378-a512-485e-b3e7-32ea9138e6aa,4.4269,51.22139,2060.0
c874832b-d178-4f0b-be48-9ba32ccf2993,4.44929,51.2323,2100.0
cad67f79-8d6e-4a1b-bf4e-96a3be52a101,3.23767,50.8048,8510.0
231917ce-ab94-4d0a-8646-a986963fbeef,4.38705,51.18477,2020.0
d2b8c787-21c7-4f04-ad2e-9bd546b326a5,4.7005141,50.87665,3000.0
eab56ec0-6de0-4131-990e-5c969f63ac63,4.7006933,50.8799842,3000.0
2021a7f2-5686-4d20-9ad2-3439d948f500,4.29868,50.82551,1070.0
56209192-7daf-4422-85f4-33c98b58d931,4.50106,51.25278,2900.0
4f979a66-7762-4a9c-8874-bb1c90065339,4.392539,51.212666,2000.0
ae9dc6e5-90ca-59e1-8654-d765c4c57a14,4.42975,51.19934,2600.0
65643a28-5c3d-5da1-aef3-59900f4f4b42,4.3923,51.20214,2018.0
630af2fa-fdfe-5a4d-8279-fb33d161818e,3.24818,51.21425,8310.0
51986da8-ea83-4237-a887-e5ae3a380bbd,3.30242,50.85,8530.0
c04019bd-f140-465c-829e-b91b891db16d,4.35779,50.89642,1020.0
a9f96de2-dee3-5bd3-8fb0-3dbc16a661d6,4.31546,50.86919,1083.0
b9987b43-6ba7-5e78-b9d9-adb5e2740258,4.31765,50.80939,1190.0
15e26983-6fab-412c-a55b-e5e04381a47e,3.22855,51.20745,8000.0
a468a32b-aa23-5c1c-98cb-80fd53198953,4.46415,51.20828,2100.0
3b362106-1caa-4d9f-bea9-d81891861579,4.435148480727856,50.848269737777734,1200.0
3016a58a-285c-5143-a448-55845099ee9f,4.33581,50.879,1090.0
3151aca4-b3a1-41de-9839-17e6c16d71f2,4.4061881,51.2310282,2000.0
6437e492-908b-4e25-bef2-ebbc7776b4a0,3.72148,51.04775,9000.0
ec3a1d5b-2991-40b0-928c-7701e3bc8170,4.4649362,51.2076333,2100.0
4a0fa98b-e045-4124-ae68-aa83af2d65f0,4.40432,51.2176,2000.0
66d6c742-83b6-499e-8567-689176a26711,4.39733,50.85497,1030.0
95b69b75-64d6-55e7-9e8e-e569d81a5dc5,4.70761674207324,50.881932956079034,3000.0
299f5dd7-ec10-40c2-a036-6f4934a029e2,3.7216973,51.0546142,9000.0
17e1e3e3-cef4-4f96-baea-cbb2997c353a,4.4666585,50.8810623,1930.0
7081f9c5-4fd7-57ba-a401-1161e7e9ac42,5.12056,51.18811,2400.0
298d23bc-86ad-5a58-ac9c-669eb8cc9af9,4.48685,50.84413,1970.0
491885df-7946-5874-8e5a-7df8737c76f7,4.40465,51.22673,2000.0
2685f4ba-9c21-43ee-a952-a57d39243e06,4.3985462,51.2147783,2000.0
7bffcc09-d6ba-42ca-b653-7e09979df201,3.73388,51.04867,9000.0
b49183ec-06f0-44b7-99d5-0893eddfe84c,3.70678,51.05791,9000.0
f76c9618-c80f-45f5-a5bb-60c961c7dcb3,4.70004,50.87566,3000.0
c1f820dd-226a-4800-b6c7-7d2327f1bf5f,4.42534,51.18916,2600.0
3099a040-356f-49c7-ab10-c89526a4cf76,4.44319,51.24307,2170.0
a466fb8c-434f-450c-bdb9-0e1da0f21bb0,4.45044,50.86795,1932.0
fbe228b3-9be7-5fc5-a08a-43be64f9bfb8,4.49075,51.03033,2800.0
8a609c6f-445d-5ee8-8872-5cce9940e662,4.23081,50.73149,1500.0
145fe241-4175-4c8b-8756-61663640ddb3,5.30092,50.94172,3511.0
d73d61aa-5d51-4bc2-b533-1b7cb9f4a937,3.28758,51.34401,8300.0
e81ee1e5-125f-455c-89f0-74f1fc11540d,3.72337,51.05668,9000.0
1533bb94-aea7-46c1-85b3-4eb4b700a081,4.31345,50.87344,1083.0
5ca936c7-e106-44a7-9400-5e1d175cfaf1,3.72151,51.05419,9000.0
8aa820e5-74df-5765-a3c8-ee6c27acc1f1,4.41099,51.29795,2180.0
af5bac41-e828-546e-bd15-a2ad22f0d34e,4.3849,50.84443,1000.0
abf98646-a0c8-57c0-8b24-91f54ce186e8,4.40449,51.21816,2000.0
508d1519-7c58-4ee2-9d04-629071ff17ea,3.7264,51.05634,9000.0
892c6da6-48a4-407a-a86c-986fcea109fa,4.48052,51.02957,2800.0
7f1115e6-af50-45c4-9917-f52b020809a6,4.3940387,51.183193,2610.0
fd209364-1d88-4213-b9b2-96df85e4ddfe,3.7214832,51.0555323,9000.0
32864248-f003-4fb7-b41e-f865034547a6,4.45681,50.86496,1950.0
c2cf3d54-9166-4e9b-9a14-8bb7c5f2fd61,4.36495,50.7947964,1180.0
044cefe0-5cc7-4bc0-abf4-b39f8c4000f3,4.3999038,50.8687007,1140.0
d127e638-3c1a-59f6-8ef4-93cef9603c22,4.46829,51.20611,2100.0
47d9a9e9-e5fd-5826-92ef-56e60edbf6e0,4.39394,51.2101,2000.0
9445eef1-5d55-4c23-bd15-7132680b4059,4.40153,51.26662,2030.0
da133f1e-20ad-4029-93b2-39561c130bf9,3.7254743,51.0412608,9000.0
96ff7005-5175-45be-8b90-56bb91c660ce,3.7260423,51.0391894,9000.0
12a8ab37-4026-4691-a874-325a7bb5ad25,4.70016,50.87967,3000.0
c682a1d4-0e70-419f-be3e-aca334d34845,4.358452,50.8967821,1020.0
b6844924-e809-4fb9-b117-b9a6d380fc89,4.03666,50.94139,9300.0
3e52e315-6bb6-4008-80ce-527c9310a5b6,3.7292302,51.051205,9000.0
a852287a-f05e-4dea-b469-b0d384f85ddb,4.295141,50.8642011,1082.0
3dd04d99-35e2-54bf-b891-2da6d03e44c3,4.46679,50.84022,1150.0
7c86d74d-ac19-5671-8294-e9eea472ae7d,4.14317,51.16483,9100.0
d33b71fb-c179-56e9-a1c5-fcd9d4a13167,4.4298,50.83684,1150.0
6bde4d5a-b47f-4766-b518-aa53e79a3d74,4.45665,51.22751,2100.0
2984f9d6-cb33-534f-bd48-a242dce973ca,5.33146970874865,50.954790972837294,3511.0
b9ad3189-6523-56e0-92b2-382fa54b210e,4.39931,51.22043,2000.0
f432a69e-6562-4c75-ad96-d1db968c2ffd,4.3399481,50.8878272,1020.0
85f357e2-911f-4435-b161-bd048ea8af15,4.42945,51.20939,2018.0
06665267-3443-513d-87c2-931059887180,4.520776380398428,50.711209943977316,1330.0
ca182019-f825-5681-968d-9f35f92ebfab,4.39444,51.21168,2000.0
f93687b1-21c8-4982-9134-a40f12b22d8e,4.39974,51.2203,2000.0
641c2af7-e998-4717-a78e-a3b29d2b83f6,4.30911,50.90864,1780.0
34ba3c4c-cb65-578d-8a98-54248ec9135a,4.4507,50.89113,1831.0
21cde0b9-07b9-45ad-8385-85d5b4c7d80f,4.34675,51.17491,2660.0
953b87fa-4ef7-4b87-b4d1-a82d268a59ef,4.4658635,50.8483621,1950.0
f317fee7-9771-54b2-baac-3f09a01b7268,4.40545,51.21978,2000.0
9003ef09-c201-4305-b480-c3c54d0e5ac6,4.3972541,50.7178931,1410.0
6350d747-a729-448d-8dd2-cf22a30fea1f,3.21922,51.1975298,8200.0
2834b905-ff07-56a6-90b9-b862785657f6,4.70505,50.88638,3000.0
236de45d-4b9b-4280-af9e-2381924e5f9d,4.48094,51.02746,2800.0
2b37312b-04d9-4dd8-9556-c5e4c054858f,3.46226,50.93623,9870.0
b703d448-a619-4d2f-897b-c14475b25c86,4.320232,50.8575514,1080.0
89839366-9e6c-4e65-a901-d05599290f05,4.40075,51.22112,2000.0
25d3a6bf-178d-4068-b759-7c1ca96f6688,2.91831,51.22779,8400.0
91dcb76b-d03d-48ec-b3af-88289de258a0,4.28738,50.83851,1070.0
a688288f-dd35-53cd-a79d-3d041f99e7f2,4.39441,51.21043,2000.0
9a19371b-1357-4137-a1a2-02a44a5f593d,4.3758248,50.8485094,1000.0
df8e77f9-0305-54ce-8c27-615de16ae0cc,5.59608,51.1368,3960.0
5d8b387a-7bb4-43d5-bd32-12f30fd4dea6,4.430992,51.189309,2600.0
5c97486d-7b8f-52e2-89d4-07dc95062fc2,3.72567,51.03481,9000.0
dcf96772-8188-423d-89cb-615ba63359e2,4.70362,50.8778866,3000.0
1a3a4e44-4f51-4470-820d-0d3217780b56,4.70054,50.87983,3000.0
c28f4fb5-aa5d-4c31-a787-77a84608569e,4.4237,50.8432575,1200.0
657b1574-c1ca-4f92-8f5b-e25f1f7090f3,4.24045,50.73084,1500.0
70054887-4636-44c1-be99-ff55005f6687,4.69953,50.88097,3000.0
acfd424a-b758-426f-95c6-327946f731bc,4.62205,50.7175,1300.0
53ddd84d-f3e8-5293-8bf9-5ecc601a7990,4.194410471544879,51.17769311239022,9100.0
9221d0dd-e62c-4757-8df3-de3750ed651c,4.3908716,50.8529949,1030.0
dfff9851-0f8f-472f-83fa-397cc5cc6eaa,3.7221336,51.0557738,9000.0
a9b09252-80e3-4773-9035-b1a51be3c4fe,3.70934,51.07369,9000.0
61304c81-8d2d-47e4-8af0-568595fecdd9,4.03812,50.94268,9300.0
768646d5-9a1c-4b42-ac7f-ca8f221b2b50,3.722341,51.0466024,9000.0
5cb1cd13-7f47-4408-adcc-e645e8feebe6,3.23567,51.21042,8000.0
eef5d991-08ea-56fe-aae8-40cc0bfb083b,4.821171476416675,50.847103822701136,3370.0
90bc9f37-16ca-4860-9a64-24ae279fb1d6,3.2478738,51.21033,8310.0
27cb34c5-ec74-46c4-a648-c0ad4a8e3f59,4.29584,50.87175,1082.0
01145c8b-0365-4568-8ebb-14d3c6274808,4.3980895,51.2104312,2000.0
41bceb5d-944a-4eff-a0f8-b11e8807f1e8,4.26733,50.87052,1702.0
773baef5-06c0-48fa-9904-e3ffbb33afa4,3.75207,51.05217,9040.0
b242e72f-dfaa-4f04-bcb6-a25472dddca1,4.38698,51.1865686,2020.0
fa23bf7c-afdf-415a-95e7-369e217704a4,4.39441,51.21043,2000.0
402bd571-0b81-4dfd-bc7e-7bfb1140c7a9,4.29913,50.83631,1070.0
9de66480-be5d-4e80-8a7f-90bac2ec0ad9,3.22477,51.21107,8000.0
dd634135-d7f6-4331-aaba-d494bd14f340,3.26512,50.8285,8500.0
6adb734d-f8fa-451f-93a8-15a866fc8f40,4.4220192,50.9299735,1800.0
2710b9c9-9164-4c17-a89b-fa89fd880842,4.3088181,50.7935922,1620.0
39c902a1-2a63-503a-9fa6-ccddea3057a3,4.47177,50.86109,1950.0
af1947f3-1e3e-5f8c-b36d-0f5a4cd8735a,4.3849,50.84443,1000.0
e714efd7-8576-4849-8d07-e5327c06ff7f,4.3865608,51.2077566,2000.0
15c95c5d-859c-40f9-be44-1f881899020e,4.414182,50.858842,1140.0
fafa64d1-634e-40fd-a337-fdfaec65f5a5,4.3997117,50.855393,1030.0
353754eb-b43b-40c1-a444-fa72ba78d7e8,4.7031213,50.8787539,3000.0
4df00327-4baa-4516-91eb-e5d94e99075d,4.4070431,51.2183809,2000.0
c3c5ea68-10d7-4348-9697-bcbdc66db37c,4.3826189,50.8940277,1120.0
c3c8dc1f-6104-4534-83a8-9807d31f8441,4.4634408,50.8385212,1150.0
4ad4c64c-b5a5-5a33-8b29-beabbbc78d2b,4.15815,50.70626,1480.0
81ae98bb-ab86-5221-b495-b418a3ab637d,3.21911,51.19747,8200.0
dc11bf0c-5d83-58da-98da-fe7b6650e633,4.3849,50.84443,1000.0
6d3e30fc-ee82-46c3-bdb3-f8fc97b4ae16,4.5145718,50.721626,1332.0
0ae74007-aa5c-4700-a2e3-37ac17b95fd4,4.45473,51.22005,2100.0
084b2c14-d32c-4f41-ba93-72edd24b0a38,4.31418,50.68814,1440.0
fe0f140f-12f0-57a6-9486-c6274a464883,4.402320949831703,51.22169735749299,2000.0
f4905eb3-0ec9-4c57-95bb-47031200cddc,4.40045,51.2244,2000.0
e09237fd-fab7-40a9-9b8c-5dbb763d0d01,3.2240193,51.2085432,8000.0
4d7fb876-b6cd-5b71-837a-0291dcbb02e4,4.2413,50.72958,1500.0
9a2783e8-ee06-49bc-866a-a17c4416addc,4.4096191,51.2333796,2000.0
aadf195a-4f8c-5448-8d0a-5d1dc0526225,4.21261,51.12676,9140.0
98ccb31e-981f-4655-8442-a1a27649f3d9,4.3623259,50.8984698,1020.0
a7b89b79-dd8e-4574-9c25-b6a22e076ae8,3.7201908,51.0523229,9000.0
69235fa2-9eeb-4c6d-ac3c-938476042654,3.26969,50.82654,8500.0
1a11a28e-43d0-4a0f-8990-569e26b4bd8f,4.4561466,51.2322298,2100.0
d611d2d4-fd2e-425e-b64f-3f6c7d8988cc,4.39764,51.21183,2000.0
e22c612d-c208-5817-bc59-38024f03b229,4.44925,50.86874,1932.0
faec8416-817b-50ed-9a8b-f407f5f44748,3.71772,51.00696,9052.0
eba1b5f6-79a2-4e00-9c1e-a0250c76bddd,3.2228318,51.2062954,8000.0
276acd10-7988-5887-9cde-24eb13b85998,4.44474,51.1738,2640.0
c1c0262e-00db-585d-ae02-3faca97f099c,4.40918,51.22528,2000.0
138ea360-407c-5a53-a2a4-777968cc943c,4.036455500424422,50.939693849215416,9300.0
c076f7f7-9c83-4eee-ac90-caed1c2981c1,4.31345,50.87344,1083.0
bd44861b-7294-4e6c-818c-8eb36667c9cb,3.2663542,50.8262475,8500.0
dd3bfe14-102e-402e-a004-ae9afb882679,4.4172512,50.8463019,1200.0
2cac2451-c0df-4c13-aeb9-c424588c0d77,4.306,50.82957,1070.0
8faf43c0-66dd-4067-a58f-49de72fa1b0d,4.39816,51.2082,2000.0
5b02b6a2-18c6-4988-a20e-f9e47df5bddd,4.20284,50.69103,1480.0
fdf1125e-0e0d-5151-a987-f2ec705c210a,4.33844,50.80088,1180.0
876abfd5-49db-4419-9031-81c4541d0a3a,4.412847,51.202282,2018.0
b72a2ae5-dedc-5798-a844-f39f1bdffc83,3.7373,51.0429,9000.0
106b9a59-38bc-5307-9c7e-8fad889d6572,5.33899,50.93298,3500.0
c34f3f47-9fb5-4aa2-b708-8c10462abd12,4.3997241,50.7167663,1410.0
4a3db1bb-9540-42ad-bace-b76a73bef112,4.4180683,51.2182327,2018.0
5d83f77d-1538-44a9-9161-8e332a32fbe4,4.47761,51.02429,2800.0
32bb46d4-a500-41b2-8ddb-440b525bf98e,3.71082,51.0361,9000.0
1bb88af8-1846-4947-95f8-3ab1c894e474,4.4153471,51.2198081,2000.0
cec5c60a-5cd3-4fb8-bae0-e9f436355d42,4.03893,50.93804,9300.0
c57bd9f2-0b50-56c4-b9c5-de04fe051725,4.38765,50.89533,1120.0
3fcbd22f-94c9-56cc-a6be-d32cf95ac874,4.94939,51.31215,2300.0
0c65c0b9-d784-466e-a8f7-999b55a66c10,4.34256,50.88595,1020.0
ffa60412-9b9d-4b61-a961-ade5ac8372a0,4.29476,50.83583,1070.0
947a77e6-c85f-4392-acc7-2887fff4aa42,4.3696,51.11002,2840.0
bbd7234e-ae2e-400e-8b33-39ca2f9b52a1,3.7222325,51.0545247,9000.0
43fbd0cf-4e70-4189-8c60-820ebe85e54e,4.397458,51.2101974,2000.0
ce4f02df-554a-41bf-ba27-120be1f2921f,4.20525,50.69173,1480.0
ebc73b7d-b099-5950-ad6e-6cd1d457df7a,4.40426,51.20529,2018.0
0b9a253a-8000-5ad5-98e2-1eec6a9bd9aa,3.72279,51.05212,9000.0
7cdebee9-238c-4ff4-ac46-e2e8701ac21f,4.42269,51.22547,2060.0
adfb499a-6f47-49ac-9d36-ec37a2fb3cb3,3.22622,51.20973,8000.0
4be62ba7-4f5f-5479-90d7-4ef8b7ecb274,4.14014,51.16861,9100.0
ba53422f-6972-4c22-a657-80f908f4f5d9,3.72186,51.05542,9000.0
f5d07ccb-0125-44ed-bec5-fd934721d415,4.36789,51.18596,2660.0
0d90b28b-6418-4b26-8a16-a9549be85d39,4.46478,51.20804,2100.0
1d64e6e9-710e-5b8c-b90b-1d76631a78b7,4.3129,50.79551,1620.0
5ae246f9-6503-44d8-af6a-cf1f20d47734,4.38028,50.85014,1000.0
15bf220b-b12b-524b-809c-7283fbbddbbb,4.400064927848559,50.71300755617684,1410.0
180d70e5-0867-4a5c-9b6c-ec52bc2efa9a,4.484718041299686,51.20287518658151,2150.0
70b3d105-0db1-4f2d-84c9-21a2f492320b,4.33329,50.79161,1180.0
f0e995c1-d0ba-5e6f-be33-36672365ec9e,4.70002,50.8798,3000.0
420410da-a5d3-4adc-be0f-e0767f57ccec,5.49828,51.00611,3600.0
786ea85b-88f0-4600-908e-69609484bcdc,4.479116,51.027058,2800.0
598e2fb8-044b-5663-846b-9065b0f509ff,4.39946,51.22064,2000.0
b3ae0b9d-c22c-4884-951c-7d01576a0e0c,4.310555,50.8573974,1080.0
b93aef1b-29c1-4c2c-a6b3-7d618d5b9d27,3.7202364,51.0523326,9000.0
eea7ad1a-b4fb-4e10-838d-125cafa7e046,4.3668118,51.17921,2660.0
886dc33b-9fd0-4067-8203-d11131dfff19,4.69904,50.87802,3000.0
e20c0cf2-afed-4dea-a30e-4111185c131f,4.3922494,51.2032372,2018.0
6f3091e1-b650-57dc-b546-357cceb078cd,4.41134,51.22202,2000.0
94389925-5af5-4fa7-9a55-15011f1928dc,3.7219758,51.0544468,9000.0
4d5b0503-25dd-5c03-b834-4cbddaff7d9b,4.33627,50.79975,1180.0
4e4aa3d8-03e6-5b25-900c-11b790e5a521,4.37944,50.81874,1050.0
56277f2a-eb76-405a-9225-70c38d031a7e,4.398371453,50.7237336,1410.0
4a838052-b8b1-4cd1-8f2b-a29b3ea66759,3.28821,51.35244,8300.0
ddc83b0e-9da6-5e79-96e2-f646e800542b,4.31521,50.85545,1080.0
7d6942e0-9a60-4b4b-b4e1-ae218d5a2328,4.3065,50.90876,1780.0
8b7c6638-84bc-46c6-b8a3-290965ffcde9,3.23612,51.21111,8000.0
40949220-4ff1-4b5e-b998-1b8c7a1b242d,4.43319,50.89477,1831.0
89bf03eb-3c82-59b1-b15e-95123c334e70,4.3849,50.84443,1000.0
729aac7c-6cd2-4c98-9cd8-16e02af8ed43,4.4783,51.02844,2800.0
63d4936a-b3a0-4c9c-b754-6148d7df26fc,4.70962,50.88017,3000.0
b140b9a2-f7b5-4b0b-ab47-4c2937406e6e,4.39441,51.21043,2000.0
e954fbe2-9496-5f03-a728-5ff43b68802a,4.38953,51.20806,2000.0
215c9882-47f0-4213-ab05-3f3ecf6341d4,4.51355,50.78126,3090.0
4cfb5b61-e8ba-4230-ab96-7f7fa1102486,3.70583,51.04876,9000.0
de7627a4-0c48-523f-8a7c-083bef9b8074,4.45157,50.83152,1150.0
76b5c037-5b0e-469c-add6-9f8b3347e19b,4.6992843,50.8789016,3000.0
156719b2-bd3c-41f0-8456-7606097e8018,4.4557841,51.1695745,2640.0
768d41d4-07a2-52ed-9f08-6181b3087bba,4.6996,50.87886,3000.0
9910650d-23f5-429e-82c8-64fbf3980428,3.73058,51.04937,9000.0
a48e7421-c34b-4c27-bb17-a4c3fdbc6aaf,4.04107,50.9496801,9300.0
0477e7e4-dfc5-5064-8814-e1fc22b1fa04,4.39946,50.71431,1410.0
2473969a-d26e-5daf-b288-93004dd63263,4.40614,51.21798,2000.0
111003b3-3443-4f3f-bd4b-3da1b529743f,3.72527,51.05163,9000.0
c5cb36d9-5501-5be1-b20f-41ac58e51fc1,3.72227,51.05439,9000.0
8acbb2a8-c29b-5534-a601-afcd4b336dbd,4.40107,51.21656,2000.0
84b4214d-3270-44f4-841a-3155ca607daf,4.3957941,51.2045427,2018.0
fca84938-2bb2-45ef-a15e-5ea587cbb266,3.7264,51.03587,9000.0
ec146af2-0bc2-4403-8eaf-9b49b7ac5445,4.3937,51.17106,2610.0
3320cf24-3c2c-47e9-832d-902abf45666e,4.41214,51.193666,2600.0
6baae8dd-1a77-581c-bb56-ab58574ea9e8,4.25887,50.83652,1700.0
b8fe201b-5bf6-41dd-baf5-ede4c34ef742,3.23669,51.21153,8000.0
5441fb2d-cc38-49f8-80a1-b1c32946095a,3.20845,51.20393,8200.0
4a181df4-d242-49b0-afc3-bf6ee3ad722b,4.357203,50.909592,1853.0
fbc195e4-eb25-5ad0-abd9-a09bd00be41e,4.36645,51.08591,2850.0
ff1e396a-777b-594b-9289-5596c39195de,4.47595,51.0312,2800.0
8d20255e-371e-4d7c-8c4b-4af98887f4c5,4.71887,50.8835,3010.0
95d04020-d425-4404-a939-ecda344ebd1a,4.27847,50.81781,1070.0
6bea58a5-9be4-5c42-b359-a80df8839900,5.52251,50.99635,3600.0
bbd5396a-c5fa-4cba-ab87-fa431dd62918,2.9149214,51.2301403,8400.0
de7bd395-59f9-4257-86b5-c2d904057b7d,4.7030937,50.8794091,3000.0
4e7e41b4-2a56-5fff-88ab-0f995b60cb11,4.39241,51.21268,2000.0
cbd5fc72-ac34-48e1-853e-91b9a6ec9fd5,4.4645,51.20812,2100.0
bf65d00d-e10f-4fee-bdd3-4a209643665a,4.39923,51.216045,2000.0
13bbc677-cc22-5d3a-b6a1-856ffb37a982,4.41744,51.28176,2180.0
c212158f-412a-4377-a857-3883c419413c,4.328062714508885,50.849459097982695,1080.0
ddc7e72e-8a32-4035-bb3e-29843d5d8994,3.7086725900829234,51.05727528219084,9000.0
a3122910-9580-41a3-8416-7f3f6d61d30c,4.4577185,51.1989682,2100.0
fb775be0-88bd-460e-860e-98d0492d1553,4.48865,50.7912,3090.0
f74bc871-be03-47ce-8975-abcd914f4673,4.3035083,50.8412921,1070.0
9084cb64-aced-4ad5-8363-1b2bdad3f0ea,4.4426288,51.2145557,2140.0
742eb427-1f41-4e6d-b8d5-fe51fc3e3f62,4.3939002,51.2119997,2000.0
15fe41fa-6641-442d-b434-5af70dcc050c,4.140653,51.163387,9100.0
750d0d6d-cc6b-4937-afd8-b8bad1fd3d02,4.7033301,50.8784394,3000.0
7686da05-ed4a-5a9f-abb4-a1d40674ff90,4.41484,51.20017,2018.0
eb9776ba-9095-4e48-9903-120c405091d0,3.22245,51.20632,8000.0
c69a9e28-737e-55a6-b021-ca8e9f6a80a1,3.72408,51.05494,9000.0
58a7417e-6603-5d09-af09-dd4bd7442858,4.40719,50.70894,1410.0
4eaa297e-7531-5feb-a032-dc0f5b588519,4.20445,50.69284,1480.0
3b4f5691-7312-502f-bbe9-8edca47c6bf8,3.74826,51.05278,9040.0
8e53f6b6-bb1b-490d-80bf-09b9efdef663,2.904747,51.2061619,8400.0
48bb0ac1-91d2-4e60-a147-c1a1188a92dc,4.44224,51.14053,2550.0
4d0621ec-ba53-494a-822a-fa4708ffe5a5,4.318534,50.849608,1080.0
271c3881-1f8a-429b-83bb-29d7c4096a01,4.3982456,51.214519,2000.0
1e95e9c2-ad6d-4f65-b02e-206ca9c120b2,3.7308,51.04906,9000.0
3b3def59-626a-43ee-be89-5dad46c00895,4.36465,50.93631,1850.0
c7a8572c-c776-5d53-9e4a-6fe2ac22fba4,4.42805,51.31398,2950.0
1c476d1b-1d10-4acb-9863-5591e89cd324,4.39441,51.21043,2000.0
f2c2d106-3a27-519c-9fe6-0d658d4146a8,4.30038,50.83576,1070.0
7e775cf0-4f76-4754-876c-6b4966fd5d7a,3.7260228,51.0506432,9000.0
27982a65-991d-43a4-abd3-258ad909b525,4.4194735,51.2174478,2018.0
92cbf25d-1780-49de-ac9a-b294dd9b9cb2,4.43121,50.83726,1150.0
70be9e43-6ae1-5bc8-a134-aec6f90ff305,4.47935,51.02724,2800.0
10148032-471b-56eb-92a7-9a8cd8e93809,4.34291,50.86282,1080.0
8aa9c671-e583-5492-8a92-219d05b90e35,4.41896,51.21787,2018.0
4a6286ce-8e0d-4fb7-816c-1728256519ed,4.3316364,50.79172,1180.0
6422a5f2-f3b5-46a1-a26d-cdfcaa9f8f37,4.23062,50.73653,1500.0
97edc6b3-0267-4cf8-bc53-f15a66f5aa57,4.6988,50.87774,3000.0
ba192b26-1853-4d99-8457-aa3f291be66c,3.21505,51.20369,8000.0
717e020c-5a90-4cb6-a92a-dbb1c575d1e2,3.28367,51.35076,8300.0
36a45133-0925-40af-b1f7-ca2b4b1898ea,4.4363402,51.2146382,2140.0
048e48b0-0754-4f7a-9e26-26642d565f92,4.7035227,50.87837,3000.0
8cca9325-8463-4a0a-89c2-aac621a7f600,4.13772,51.16498,9100.0
f64673d5-ed6b-4046-b595-0318c6ba7d88,4.430693,50.835804,1150.0
e885db6f-8664-50da-b93f-3964d46fdb2a,4.70707,50.87051,3000.0
da28dfd0-bb13-4a61-b6b4-e0b72976e4a8,4.4105117,51.2311088,2000.0
c53675fa-7ea4-4c86-a787-05a9e0fb44d0,4.400344,51.2168,2000.0
b0726700-2e0e-46d2-90b5-163965ea10dd,3.7195729,51.0500243,9000.0
de53f86d-1def-574d-b462-dbb73dfc4d54,4.70269,50.87874,3000.0
bf488d68-ecff-4e33-9b5a-9b51ea3f1500,4.705,50.88649,3000.0
d42de154-acf8-4ffe-9086-23e98593dcfa,4.3980148,51.21053,2000.0
3e8bb1b9-a25a-4c31-8beb-f0a5acfa491c,3.22372,51.20851,8000.0
d8eddd71-3cfe-4827-a308-783688f1a6fd,4.42668,50.8165713,1160.0
3a707c86-d459-4cef-8350-a9eb368c8494,3.22144,51.20496,8000.0
30bef961-1bac-5d21-8b26-6f13f8ecddb2,2.91725,51.23229,8400.0
6a7c9ef6-2a19-45e0-8e56-1894fd6b7e6d,4.41794,51.21295,2018.0
eea047ad-40a2-4375-95ef-6ec559ff1136,4.409349,51.213497,2000.0
a473f47e-ca45-5e4c-b968-790ee038593b,4.3821815753953235,51.205057457206685,2000.0
cb36e000-facd-4eb1-8f53-35f15d4962e1,4.41842,50.8599,1140.0
0aad518a-e237-4823-9943-a08da27774ac,4.329916922063304,50.8636266174777,1081.0
3a57429a-b764-5fd9-80a6-34a5ac356109,5.34326,50.93051,3500.0
24cb4b84-9854-4786-9139-977f557313cf,3.21927,51.20521,8000.0
9df49930-379a-40e4-97af-c9ca35fe8b84,3.35686,50.718072,8587.0
8101b6c2-732f-5e42-be0f-e020ee593cb1,4.93823,51.30518,2300.0
7afcfd26-90d3-4fe1-bc26-2a70960ccbb2,3.72205,51.04722,9000.0
e6f3db38-8fa7-4ff9-a41f-180155b9d6d4,4.72562,50.88411,3010.0
cae948de-da07-4e08-a9ef-8e55b944c8ab,4.460952803492546,50.8283572046386,1150.0
fa477df9-fed7-5346-9e26-3eebaed79c70,4.386958211283357,51.18637538623785,2020.0
7ff1404c-3196-471e-b729-30b6ef4ef77a,4.52172,51.22717,2110.0
1c1f0da3-d539-4b8b-ad1b-b7d286e3105b,4.45681,50.86496,1950.0
3fc4bf23-b08b-547c-9b34-bed0b5e9effe,3.705491044224753,51.04017304388386,9000.0
48e0a805-6dbb-5061-9732-c198bc4474dc,4.39493,51.20985,2000.0
f93ea04e-b9b9-4682-a1b8-970346f12a66,3.72521,51.06045,9000.0
017c5cd7-9147-4f23-9b0b-4890b8e0daa3,4.70103,50.877283,3000.0
4da8f001-e159-47a8-babc-300e7043f0b9,3.6997591,51.0663393,9000.0
75f3b649-bdba-5865-9e77-118ec77ca357,4.40191,51.17494,2610.0
d94fce34-2be7-4463-84d8-f6daf785df4c,3.73292,51.06719,9000.0
a3fed467-af27-4d32-8556-f88b42e4e416,4.47089,50.84852,1950.0
f0b61627-c4dc-5060-9cbb-60703776184f,4.44688,51.21805,2140.0
878cd79e-5a2b-43ae-8624-d1027fec6bc9,4.7053765,50.877031,3000.0
831b2cb1-d022-41a4-b277-c6d70f4546c2,4.416665844619274,51.218095127507645,2018.0
9e87e385-9367-4cb3-bdb1-3fbf42be843f,3.7310815,51.049178,9000.0
aa61ab0e-44b1-415d-8a8e-d58a0c58cf2f,4.3811472,51.1825747,2610.0
22d2b31a-c75d-4b10-ba1e-644c408ac369,4.400965,51.2212167,2000.0
bd8c97ff-ba04-4448-992c-106b1e1cf9b2,3.7252225,51.0566607,9000.0
f934db32-9f79-4ed9-a6a9-750e3e4cfa3d,4.45387,51.28062,2930.0
64efb9df-8062-5e12-b9db-a54e22c13fb1,4.437,51.22537,2060.0
bcc74dad-056b-550a-9b17-9d6941b8d202,4.5148967159167315,50.72474849444605,1332.0
c507c826-fb79-4e20-b9ec-415ee9a731ac,4.70353,50.87861,3000.0
87e42c45-ba73-49bc-972e-98cd7a5d2469,3.7248066,51.0568555,9000.0
bf303206-47b0-4acb-bd2b-95057fd27470,4.14568,51.17132,9100.0
99c4e3dd-219c-40fa-ad01-b354afb43d87,3.29856,51.35447,8300.0
ed980268-54ac-45b8-8c0e-96a94584fe8d,4.400244,51.2196365,2000.0
1672d125-7d9b-486f-8939-82eaa20eda7b,4.69862,50.87773,3000.0
76abc458-0965-444a-a8f9-5ad7b812907d,4.38842,51.20513,2000.0
30faba89-8759-40af-b530-61e4373d4564,5.18728,50.8159,3800.0
154571eb-8b16-4920-8111-d48b5f1bd748,3.7289987,51.055595,9000.0
5b99cf7e-347e-45fc-b0c2-f6663ec896ee,4.307619,50.9061772,1780.0
7ddc045c-dc1d-4749-a180-94860c53a221,4.413189,51.2219072,2000.0
6be8fb4d-2ad3-5505-a5c5-4c4864dcd9c7,4.45416,51.24829,2170.0
b5c5acdb-2285-4f19-9f85-eddee41f572b,4.42349,51.28209,2180.0
809b2767-43e6-4e5c-ab7e-dfd07cfffa3a,4.40254,51.22182,2000.0
aff917ad-926e-512b-8b37-dcd023c21422,4.43786,50.83745,1200.0
c7640427-c188-4215-8e06-9ffede9f9041,4.3179631,50.8102857,1190.0
a215c879-b311-4742-bb8d-b4cab6cadfc9,4.2656215,50.8710037,1702.0
3d682388-4be6-48be-86e8-acc8f058c0ea,4.41785,51.28197,2180.0
4f5c49e2-1e3d-46a6-90f8-a00652296593,4.6982088,50.8792797,3000.0
c37ce30d-061b-4a91-aa0d-7182c1ab90f1,3.25423,51.20996,8310.0
159031c2-4166-45bd-896c-fe78b8a47ae4,4.4092003,51.2160571,2000.0
2e75c44c-d70d-4fca-9dd8-f2738095eb25,4.3752862,50.7892502,1180.0
f6a30fbf-9e33-400d-96be-b37745c4cb3e,5.49165,50.98028,3600.0
43483c4b-689c-4e5f-974c-1b18a91b3d5f,4.3241242,50.8720843,1090.0
e8b46a0b-8535-4701-a8ec-70f4f719b79b,4.39006,50.8689,1030.0
59e7059d-1327-5dd4-9a46-9dc9d8c4e528,3.725834112581215,51.039228875362866,9000.0
d69c0c9c-9fd5-42e7-848b-c773fe85f490,4.70023,50.87926,3000.0
3c32113d-70f2-45b2-8f2b-b4f6c342989b,3.2253884,51.2093959,8000.0
1275b698-aab8-4715-b5e4-4819a0aa1411,4.318650722464985,50.8581532097014,1080.0
7cd043f4-f330-50e8-ba41-0f4db90ebbaf,4.43869,51.24035,2170.0
c03a2d67-0c28-4f9e-a195-5f339755cc58,4.48221,50.79322,3090.0
3d01ee18-ccf0-47ff-aaf7-44fd127779c2,4.4098,51.21407,2000.0
f3774ee1-88e3-5945-936a-97946c2a48fb,4.39675,51.21881,2000.0
e0892b9e-fe96-4a40-b17f-2195dfa205d1,3.7304441,51.0541859,9000.0
b8c75a81-66e6-593d-a033-4563af9d2569,4.39947,50.86845,1140.0
1b895b9b-b54a-4f82-a46c-e92652d03908,4.15308,51.15112,9100.0
ae243e70-4699-422d-9938-f8faf0c3b5b2,3.72796,51.05589,9000.0
85681123-4197-5353-bd36-ca7ca080fcd3,3.73378,51.04864,9000.0
e243b168-3f0b-58d1-80c7-0cf5a5fce099,4.433153383433819,50.927637355170084,1800.0
a0d2b01d-d5ab-49e1-a1bf-aec22aa28048,5.18731,50.81527,3800.0
62b0b70f-1b2f-545b-972a-d589ed023dd6,4.3849,50.84443,1000.0
47132f54-9b92-4aa1-9781-80d61c7745bb,4.39499,51.210002,2000.0
cc84a050-e573-4ce4-b0bf-4367cbb56d2f,4.366306,50.7947702,1180.0
216138d3-896e-5ee0-a370-d92dd706eb2a,4.47547,51.03617,2800.0
1fd8b259-fa01-4cc5-a6fd-c79270d166a1,4.39626,51.2059,2018.0
6ac0f62e-1282-484b-b0b6-ef146abc823d,4.51618,50.72455,1332.0
35c197b2-1877-407f-889e-45404c64ea7d,4.397466,51.2188315,2000.0
6c0d8129-fd77-4459-861b-640ed75dbf53,4.7037684,50.8777661,3000.0
c81bf8c4-5d51-4971-a338-8c1d705ef64a,3.72183,51.04994,9000.0
86a1d398-1b0d-43ca-8c39-379f7819ba67,3.7236657,51.0531978,9000.0
12fc21aa-e3d2-44bb-8c04-4026aa03b4f2,4.4242343,51.1976017,2600.0
754bb552-24d4-53ba-9385-71e71dc7d334,4.04223,50.6947,7850.0
718e329a-a7e1-5f42-ab64-93b6b732ee3f,3.23567,51.21042,8000.0
9c3af6c4-47fb-5e1a-a56f-fde5ab5a5c2f,4.33678,50.88348,1090.0
bc468035-d3e3-4b0d-9921-843d85bf3cf0,4.3255918,50.7795239,1650.0
3eaa0ea1-436c-4a36-a9dd-328d5d91acec,3.72586,51.06064,9000.0
9e46368b-576c-41cd-aeb6-d2efd5737810,4.39767,50.7189339,1410.0
9a1cb422-51be-5823-96b1-eb0937490729,4.33672,50.80111,1180.0
8582def7-6693-4686-9936-7b0908575bf3,4.4136173,50.8588564,1140.0
70bd3802-c79f-49c5-ae1a-ee3e0e01f0be,4.29635,50.86001,1082.0
17216418-2813-4e57-a23a-e6c3a12b5716,4.389185623232072,50.87419716658211,1030.0
7a4efbac-785b-5fcd-a69f-809c9648928b,4.465837488794508,51.20714748068477,2100.0
a56401f3-f4f2-5432-8ca2-788753131c93,5.33823,50.92973,3500.0
ccf0bd7a-232d-4d77-b601-8235f70a2c6b,4.40212,50.85613,1030.0
ff3ec629-57cd-495b-abec-21accc33ab47,4.3212022,50.8671311,1083.0
b0fc4e50-eb89-5ee4-8850-099d93b85cc6,4.42905,51.31353,2950.0
3e588699-98e6-46b3-adf4-23c30c8a909a,3.71687,51.05346,9000.0
22cac3b7-23fa-43a5-aa51-299c9606b20e,3.229208,51.20943,8000.0
185325ff-e02a-4b91-8fe8-18b0eed9a8ac,4.3183381,50.88468,1090.0
41ee7980-cecb-5353-a99a-71b7987c615d,4.03525,50.93828,9300.0
1f3f080e-19df-47e7-a761-7843e1f14dc5,4.3379045,50.80031,1180.0
4fa363a5-0778-5e5a-acfb-d5e75bea54f2,4.41837,51.21818,2018.0
3cd64b23-ae8d-43d1-8a47-61f68b3911b0,3.20845,51.20393,8200.0
38913403-40ca-4799-ba96-b39d5abc22fd,3.727003,51.0486947,9000.0
f5d7e6c0-bae2-4b51-bfec-98e970452a56,3.7140548,51.037482,9000.0
6166b326-3be7-4047-a9a4-572414cc0d07,4.45401,50.86536,1950.0
695f09fb-af00-4ddc-95a2-cf090d7c1dfe,4.41073,51.23142,2000.0
fc2d115e-742e-4272-8f88-c7d082e2fc13,3.23567,51.21042,8000.0
ff8e0728-2f0c-4c7a-b83f-4ecccde2e8e1,4.43402,51.1998,2600.0
01f6a74e-9f1c-4b57-a359-022a52e4b6f6,3.7221766,51.0554906,9000.0
702e283a-2f8d-4a8e-9b79-dbbbbcebed32,4.19779,50.72004,1502.0
e5bd6d4f-72aa-4ef0-b2e1-c34d54c78644,4.500108972323753,51.221665107920714,2110.0
ca372720-5c99-4a9e-9e29-becc064a2d49,4.4001833,50.8717507,1140.0
406b8e66-9c06-484b-93cc-5cf5f3b18cfa,4.4002813,51.220869,2000.0
c0a0b0c0-4227-40bc-9bb8-769c66cc663b,2.9231148,51.2308984,8400.0
c2df7c32-4474-4ae4-b7f5-735fccd8ca94,4.39226,50.80743,1050.0
fe63e30c-8987-497f-bb00-a8f53dcccf3c,4.45562,51.20937,2100.0
5e8754f8-0c09-4aeb-9655-52d3eae7bfac,4.718147814273834,50.885091079752,3010.0
a0798a57-b0d7-4f14-9f02-04a1710d3343,4.347638,50.880501,1020.0
98de46f6-8dfc-4497-9113-e75eb0a5f52d,3.22311,51.20645,8000.0
ca46b724-18c3-43b6-a90b-ee48266108b1,3.7228147,51.0556705,9000.0
a80baaa0-948d-50ac-8795-003d5f4d6a62,4.29991,50.83558,1070.0
bf635394-74f1-5d27-b430-9918b4293b89,4.43822,51.21443,2140.0
49f0d7ca-ac64-4dc6-976f-6f861ce14e64,4.3943458,51.203724,2018.0
69622dae-4b4f-441e-bd4d-2c02dbc19519,5.317207,50.9380545,3500.0
69600405-ff6a-478c-babc-6b7259a64e23,2.91535,51.23014,8400.0
e09a784f-461e-4b96-823d-d99923cc0d50,4.40211,51.21962,2000.0
c99ea6f6-85bb-4011-96fb-4eaf563dde9b,4.42781,51.21035,2140.0
ed00cee5-d4c7-41f7-966c-37b5a99d5ca8,3.722454396,51.05596942,9000.0
da7d8af2-79dd-4885-bd38-691d1c6eb316,4.400896,51.22462,2000.0
afb9fd06-3e2f-49af-af81-a05994ed9c1d,5.3389,50.93058,3500.0
594d6287-3d80-4622-9636-7464f0b3753f,4.71347,50.90972,3012.0
50d0b09c-9f20-5c8f-99cb-378950f7dcd9,4.45175,50.83147,1150.0
362fe710-c404-4eae-9ec6-93b795b53ee5,4.42684,51.21754,2060.0
6ccdc440-26c0-5b07-9122-88103411c11a,4.14227,51.16705,9100.0
f7675cff-9841-4c63-9eb0-72ecfb2b4f81,3.2586302,50.825745,8500.0
cea64248-9852-42c8-b433-32b10dd9f8fa,5.33052,50.93018,3500.0
ddf2d256-358c-59e4-af33-82671bef7c74,4.40273,51.22105,2000.0
2b819d0f-89fa-4f5d-a6c0-0f65b0667c10,4.280415,50.819946,1070.0
aea290ba-69a8-4187-a5c9-f9ba05786462,3.72212,51.0458763,9000.0
33969f45-fac0-48bd-9dab-16ba1547a759,4.42945,51.20939,2018.0
d1a88ec1-05bf-4ec1-bcb5-f0d31c1ab984,4.025645550424866,50.82900035102557,9400.0
245a442b-6058-467a-8781-36c6676a1809,3.71041,51.06056,9000.0
acc9ec0e-2baf-5b11-8b09-0ba7b5446c67,4.33264,50.86389,1081.0
fe088b24-e9f6-5d51-8c45-0ddc9d07c1c0,4.3849,50.84443,1000.0
e3ae7a3b-648a-50ee-84d2-2eaaf17f6688,3.73378,51.04864,9000.0
ed0d5feb-d24f-52da-b51d-a59307eb1e8d,3.73378,51.04864,9000.0
423fc35d-4f8f-41f6-85a8-6efb4bb90906,4.48426,51.0266,2800.0
d00000b0-7cce-4622-91d9-8017661ea1e2,4.40518,51.22464,2000.0
144a4409-21aa-4a61-b7e3-7d9f5b3a2266,4.70413,50.8794558,3000.0
a03d19e7-2ec9-43d2-b55f-b009a7328a66,4.457891,51.225304,2100.0
d391dc30-7a52-45c6-87e0-76bd2ad32209,4.30021,50.83516,1070.0
2d37062e-56d4-40e0-8496-c166b66ec76d,3.7240389,51.0581117,9000.0
e1897b35-37e9-41d7-bf7e-e79c102b32ff,4.4136177217114,51.218282363316185,2000.0
253c370e-0693-4060-acd3-8da68bd46896,4.78533,50.98787,3130.0
a358fb7a-c4af-5d4d-974d-a0c8343376bf,3.26817,50.82801,8500.0
c4fe9384-5bda-4d52-8bae-2ae4ee2a4885,3.22253,51.20857,8000.0
2ba040ea-bbcc-4400-8244-9c6d2f4fab43,4.3064679,50.8338158,1070.0
65c11a97-f09e-45c9-b563-d11b51792dbb,4.51877,51.2268,2110.0
f90c8ebe-8bbd-435c-be57-81cdedc6643e,4.4171,51.218,2018.0
1684f2ff-736b-54f7-a4bd-9ddf92674488,4.31109,50.87174,1083.0
989b489a-9c8d-5ad5-bd84-beaabc86de70,4.39846,50.72765,1410.0
af16d3ce-3464-5293-8ba5-5edbb0a85b8c,4.45954,51.22016,2100.0
1f6220f1-1714-5e89-b0d9-3f3273550914,4.70348,50.87859,3000.0
293d52a9-89f1-42c0-bb0b-bcac0d4016ea,4.70254,50.8789029,3000.0
cf121dee-877c-4626-803d-cd6c09760627,4.412815,51.23159,2000.0
e4ab0bdb-66e6-4ca9-bf14-0de49e2d8047,3.2247,51.20996,8000.0
e0f81267-71cb-4934-8dc1-4489642c65a0,4.71393,50.88187,3000.0
18f910c2-52b9-4292-8ad5-404bafc24299,3.719611,51.052132,9000.0
06fc1b6f-d360-44ec-8598-45dcb454ef99,4.39998,50.87079,1140.0
71c9ce18-accc-540f-8cad-8088ec45a50a,4.70561,50.88011,3000.0
f8c90e11-6536-4a57-b31b-84dd7a39dd71,4.2801174,50.7892661,1600.0
139c40a1-af66-56b8-93cb-904291febecc,3.12287,51.31447,8370.0
f353e0f8-91ee-4ca5-bd1b-f9a10870341c,2.91317,51.23202,8400.0
8e22d419-b377-5578-8059-1011eb6fe8c2,4.40243,50.70111,1410.0
a3158fa0-9f43-412c-9462-37a6c6272ed9,4.40254,51.22182,2000.0
f838f4ea-110b-40a4-ad04-b861b0d7f241,4.32957,50.88501,1090.0
c66b18c5-bf5c-41cd-868b-b2332e6a6c87,4.42001,51.21893,2060.0
291d3ca8-54f9-47ab-9114-b3a55931c0f7,4.32852,50.83326,1070.0
04299cbe-f657-4745-af55-1cdfa459921c,3.7196764,51.0566715,9000.0
735b9aef-09ec-54b1-958a-7d0a5c30deb9,4.50225,51.25369,2900.0
82dcbbf0-5e6b-44ac-8ed6-43624fa909ad,4.7039895,50.87955,3000.0
d469b17c-9c21-4cb6-a304-1d9f7e7312d4,4.30373,50.84119,1070.0
bd86b252-ca3a-57e7-ab29-6a399dc0640b,4.95004,51.32284,2300.0
30686796-8511-4dc3-8c60-6b3d3ededa6c,4.69495,50.86293,3001.0
4626eb4c-fcec-4b6b-92b3-aefef4c75c05,4.42561,51.2226,2060.0
ebb277b2-340f-5ef2-9d9d-049d5ecfe9ef,4.39684,51.2109,2000.0
5130593f-e8fe-4ccf-937f-32ba36a2e4fe,4.3813601,50.7724518,1180.0
0faf49d3-4584-4990-add6-2945efd60e8e,4.47314,51.16892,2640.0
e2694fb7-a296-45f0-8927-b2a379802e21,5.5050145,50.9648749,3600.0
00138e9b-d59c-4148-bded-94d4f9ce46c2,4.2838,50.80475,1600.0
5587fec6-2669-4e53-8102-69e194ae0491,3.7300408,51.0504822,9000.0
86558e8c-a928-45eb-ab7f-236f17ada7ba,4.41951,51.21788,2018.0
120c0441-12d2-4a6d-9f20-9aa52a10d664,2.92064,51.2321519,8400.0
0d8e743b-ec02-411f-ab68-1671bd4d9906,4.32553,50.87165,1090.0
f69a5f51-5312-59e0-b416-00564b85bbbc,4.33691,50.85833,1080.0
d2ae24ed-7c24-45ad-a693-3d6f29ecd31c,4.503681,51.2547943,2900.0
faa2cb59-3781-4b59-868a-deadf200c16e,3.7256453,51.0405573,9000.0
e3421022-83ff-4e50-bff7-f26f7c1b8eae,3.2215809,51.2069637,8000.0
624295b9-8081-5ee3-9df0-a0ab3897814c,4.30617,50.81625,1070.0
1aa4b645-3195-4724-9804-4d5337d0de6d,4.40715174855283,51.19218113181567,2018.0
b415be15-d107-5aba-85df-2bc36aac2c13,4.41201,51.22478,2000.0
5fae08d8-3dad-491c-902f-e1251a603e14,4.48362,51.28472,2930.0
e52e5b2e-cd32-5917-9a24-d8fda0a9f2f0,4.70712,50.87955,3000.0
47e73907-f4ac-5ccb-bfcb-65be515c511d,4.33794,50.80033,1180.0
52ea5fd9-168a-51a6-ad94-e169356c2fee,4.41599,51.21813,2000.0
8e743af0-2f79-56bc-923c-8a16be8eb9f5,4.39094,50.71664,1410.0
e16fcedc-4d02-4959-b1e8-fa54bc7dd8fe,4.40098,51.21681,2000.0
32a2d1b9-087d-4db6-bc66-2d8c507d5b56,2.91463,51.23184,8400.0
36c7f00a-2eb0-4b77-b019-022a25425df3,3.72236,51.05555,9000.0
97f25f06-8ad7-4e1e-993a-0d9e1c3a112a,4.42877,51.20024,2600.0
9eed4f3f-2230-5df1-b61a-64bb27c3cbe1,4.317389008693414,50.80029732375358,1190.0
9e03ae8c-5aa6-5432-965c-679ed71dd7f6,5.33882,50.93282,3500.0
3bda4e1a-8353-5837-96ef-fe5d47b8fd0d,4.70337,50.87906,3000.0
7704c6c0-2872-5860-b5d0-efe2cca368dc,4.39756,50.71869,1410.0
aebb4a20-dc25-576c-895c-8002e951314e,3.23567,51.21043,8000.0
fef4259c-d8c1-5421-ae1c-af788c2d98ed,4.44328,51.20022,2600.0
7047f1db-edc2-5a39-a90e-c7b4b7968117,4.40386,51.2173,2000.0
6da5ceb2-7e81-4aa2-8aa4-283f2a8b8509,4.69799,50.87976,3000.0
4fde69cc-d0e4-538c-a60f-411917408eb0,4.32745,50.87319,1090.0
9cad7e27-07bc-4fd7-97c0-b92ebfb3bed2,4.2979927,50.7896841,1601.0
1c20d174-1fb4-4abb-8b50-8c614c173e0c,4.30697,50.81391,1070.0
36eff925-10d5-4459-bea4-d6d6256fb881,4.4072218,51.2249868,2000.0
483939f6-6fab-40ba-9dd5-76bad0ae84ec,3.72637,51.03588,9000.0
e8010719-59ee-4145-b5a6-d0de7389010e,4.47902,51.0272965,2800.0
7261da95-3aa2-4979-bbf8-5aa8bc59a2a4,4.4315,51.19851,2600.0
411e7e37-06d1-4c92-b909-46ceb63926a0,4.3994694,50.8684516,1140.0
876ed58a-74f0-47c9-8cff-a20411cde7d5,4.304860358601421,50.82201630691885,1070.0
29811e96-a889-4dbb-8e12-08811dbaf7be,4.484015,51.026478,2800.0
4e357653-5455-5a2c-8ce3-38faa5a11f7d,4.45761,50.84788,1200.0
05dfb8b5-2d4a-4cff-8458-d42f71bde24b,4.70076,50.87729,3000.0
5aae8bfa-33e3-49c8-9922-413c3cd08d02,4.7023774,50.8793272,3000.0
45f9b347-ed99-48e6-804c-246ca81c64eb,4.70244,50.87886,3000.0
a9364a1c-7e69-4396-8973-21b82d85597c,3.73014,51.08352,9000.0
469e631d-adb2-407d-9fc5-114a3e11c0ab,4.3744,51.18346,2610.0
8b6895f1-9708-5284-a28d-d0820498667e,4.35588,50.83531,1050.0
e8b778a0-da16-56f7-909e-7407e1d0cd37,4.308437568035485,50.859631212111786,1080.0
7a1e0adb-de62-58c9-8326-68051103196d,4.2531037049536815,50.880326108629895,1702.0
cf718471-7e25-4956-9be1-f1f6d10b7d2e,4.4282198,50.8482351,1200.0
fff56fa3-19de-465c-8411-d88c5447b32f,4.6991,50.86884,3000.0
eb5f94a0-c47d-4191-8e73-456ea5954a21,3.20845,51.20393,8200.0
ecd0f4e2-d3ba-4d1e-b14f-be9da8c76158,4.1426823,51.1697957,9100.0
7be53b2c-49d8-44fc-b98a-d61f27d1bf2a,4.4024551,51.2228348,2000.0
3b5d3e03-138a-5329-9b09-497d10c8e56f,4.700043249555587,50.87869918903366,3000.0
0848d975-e3e9-52d1-8e08-eeae4db66042,4.49422,51.21284,2160.0
91c22b31-4527-44a6-b749-dc037d05a7d6,4.3081212,50.8599272,1080.0
4f04dfe8-d434-4a38-9d22-e187a140c48e,4.03772,50.93517,9300.0
c4f94d6f-ee6d-49dc-8da5-a03565222ca9,3.7170398,51.0501011,9000.0
86c77b53-aab3-538c-bb1a-4a487b03bca0,4.42022,50.92842,1800.0
edc5126a-2f71-595c-8104-b685edfcb88c,4.4095,51.21401,2000.0
a8aae842-60d3-43f4-b416-aa1546b374fd,3.75054,51.06305,9040.0
f49ca9de-9b4d-5792-927e-d28dc669d134,4.04103,50.94935,9300.0
3dcd0699-06cf-4ef9-957c-23fdb09d5322,4.4003424,51.2168727,2000.0
53a89b99-0c82-42d9-a12e-3b6382681099,4.3253921742852075,50.835238770786646,1070.0
9e2ca034-fefd-5c6b-9c7c-08c4e2e1fff4,4.39441,51.21043,2000.0
7f6027d7-f840-4e41-a99e-a0cdaaccd00e,3.71026,51.06128,9000.0
f38585e3-651f-4aed-87a6-1a3601068478,4.392399,51.20211,2018.0
bfc26da9-3ab9-41c0-be12-3ce4a48a67dc,3.52744,50.98382,9800.0
d6d1d860-22cb-4e27-9df4-8e5ece36679a,4.69799,50.87976,3000.0
9d72a5e1-05be-593e-9623-53733dd05a59,2.96191,51.24724,8450.0
1645bdac-53c0-4d53-8f90-d9df6a189d37,4.4011248,51.2192159,2000.0
fff459eb-8f05-51a2-b81d-7ea9ad1251a5,4.38849,51.18414,2020.0
757674f2-c1d4-430b-91b5-8ef122f42afb,4.720238504385477,50.87230836566324,3001.0
d0cce746-fa30-5968-9542-4e874a2a85bb,4.42558,50.92835,1800.0
897f946e-1919-4a4f-8419-49240fdd6ea8,4.3231107,50.8732711,1090.0
659a7fd9-fbf4-486d-a056-0085fb092ac6,3.6959312,51.0635562,9000.0
ce719635-d559-526d-96c1-363c89c8008e,4.40518,51.22464,2000.0
62e86d58-8805-4985-8416-9431f5892f86,4.47163,50.88288,1930.0
5b0ccc9d-f814-4b57-b9d2-9cb0b12fa4bb,4.3649166,50.7944785,1180.0
df531ef8-f943-4ab7-a45b-a85a8a53f773,4.44836,51.21059,2140.0
f67ed148-78d7-46bb-881d-6eb92f95b989,4.4090583,51.2139814,2000.0
5e28e181-9a5c-407a-b93d-4bfd16c5ada1,4.33811,50.88948,1020.0
fedf97b9-9d8e-59be-babb-1430ecbd79e5,4.39269,51.20791,2000.0
f7191ba3-07bf-5e18-b257-6ac2399c46c6,4.26022,50.84348,1700.0
a3c1d39e-2a6d-5444-b3bf-4ec09efba9dc,4.32925,50.87991,1090.0
b6b7511b-ac79-473e-a3bb-0e763db7e7b8,3.7163,51.09036,9032.0
77e6d100-e31e-40ca-b36c-34e6e75aaa88,3.75499,51.07833,9041.0
9e848297-4756-54cd-a72f-9721bbc20211,4.423138870543555,51.227953847963185,2060.0
115263f0-9286-4016-b571-8fd54b36531e,3.72364,51.05785,9000.0
3b432a06-4622-432f-b505-dc16df267765,4.39167,51.21027,2000.0
1b25e8ed-06f5-4a98-9521-2fd4c9bf1a00,3.23567,51.21042,8000.0
22343f00-b0f6-49de-b2e5-8d143d72cd32,3.729534,51.0550372,9000.0
c610a9c2-238f-4756-8fe1-857fbbea121e,3.71667,51.04397,9000.0
1a31a96e-9d41-4e9a-ba72-d941556e1b96,4.474673,50.88136,1930.0
7bfc6c4b-002a-42e6-abab-8200c60fad6a,4.3102498,50.8385187,1070.0
1d14067b-5d50-43aa-8835-1e0b7ac69211,4.3940789,51.2124429,2000.0
94786f78-4183-4fc7-90b9-af8da24fc587,3.7220012,51.0462983,9000.0
8dbb16da-fe77-4875-a6ba-7c76bef17487,4.61095,50.71351,1300.0
380037ca-3bf9-4a02-8518-2bea3e089329,4.3578602256968875,50.89639894649198,1020.0
a6852be6-dda7-4b90-b268-d38a02286905,4.481734,51.0267462,2800.0
80616a12-48bf-5310-8033-829eb51b8e13,4.3924921979847635,51.20654966550292,2000.0
315620da-05e8-41d9-a3a5-0ab1d01c4b33,4.70395,50.87722,3000.0
cccf8111-b65b-4d08-a44f-3a60ded5ab5e,4.4287933,50.8131017,1160.0
026d4c9b-c82c-483a-a07d-c4b929aefc1b,3.43065,50.88762,8790.0
a03c2f63-554e-46ec-a959-66f5933a034d,4.40532,51.22175,2000.0
c57c64ed-d9da-488c-8a0e-8eadd53e7f1e,3.75775,51.09184,9041.0
42c5ed85-4a62-45bb-bfaa-1c4e77eebd7c,4.42011,51.21913,2060.0
08018899-91d0-4764-a1b8-3c39bb169d84,4.39441,51.21043,2000.0
9a76caa5-c144-4b06-af34-367878853ab9,4.4044551,51.2268945,2000.0
cf036aaa-1622-4767-9cb2-6c20758f6a75,3.24278,51.213,8310.0
f0c37a7b-c498-407a-9b82-a9d975ff2209,3.7194528,51.0508121,9000.0
32b4337c-33d6-4ffa-95cd-7e80385edc0a,4.13405,51.16655,9100.0
0f2f17da-eecc-507d-8a4e-2b5c558245a4,2.9778159811013403,51.19930287323225,8400.0
f1562a89-b888-4235-89cc-0d264ef5b93a,3.7219111924158876,51.044528594221696,9000.0
1d590993-c9f7-47d5-8435-399f26e386e0,4.5622216,50.7539859,3090.0
39d8a2bb-af06-4b3c-abd7-d0417e1a0324,3.18727,51.19879,8200.0
611d63de-8bb1-4a79-8e6e-ef4275be704d,3.710442,51.0469951,9000.0
8d910b43-36e3-549d-bf54-0ef28cd38ffc,4.44706,51.13368,2550.0
36700f6d-4154-4d06-b732-9b721492c468,4.39378,51.21363,2000.0
ccf231cb-22b9-49f6-8049-7350316a9d9d,4.03696,50.93799,9300.0
63a8bcd7-8526-4f75-9cbb-826e22bb321d,4.4301915,51.216343,2140.0
9d55856c-6945-41b1-8a2c-b826398d491e,4.700033625368667,50.87869272246158,3000.0
c91f188c-c064-4c01-b413-e55494d0690c,4.43154,51.21862,2060.0
3c59a5b0-edb1-4cde-beac-c3c5d39d2b6a,4.40441,51.2083,2018.0
fa49ab37-36f3-571a-8b15-1b7de7ec32ce,3.2687,50.82719,8500.0
68569fb4-3b76-52e3-91ac-b1019a607f6d,3.22304,51.20888,8000.0
6b97cc73-17b1-4746-9121-4c4b67e56ad2,4.42657,50.92601,1800.0
0e89f185-4bed-4d32-9b14-b2948d3678ef,3.2655298,50.84547,8500.0
17e99c64-35ed-47e7-b1f7-99cecb86b4d1,4.4423608,51.1974495,2600.0
593e346e-7cfa-46f0-a3dd-51c37afa7cae,4.427135,50.9236644,1800.0
c1c19bc8-13fd-592b-87f4-a8a75bd146b6,3.72531,51.04165,9000.0
f78ccaea-19b3-48fc-852b-eac57f11d8d1,4.698742,50.877596,3000.0
a7e44d57-808a-4ff0-8ce6-9245763b0d89,4.42599,50.92801,1800.0
ead37fd4-5d5d-5274-843b-134699a62b91,4.31418,50.68814,1440.0
8169910f-d5ef-4bbf-8f49-ef24de8facfe,3.21445,51.2055,8000.0
b477235b-107a-4399-9987-9d76bbc651d3,3.724,51.05283,9000.0
13d23d85-1552-477e-ab7a-07b2028b6b22,4.39441,51.21043,2000.0
7fdd8fd2-c35c-4909-9354-86e67f5a86fe,4.376292,50.7875671,1180.0
4fd0e08a-40f3-4022-b4e7-cc6f109442b8,3.71002,51.05668,9000.0
3eac242e-d4d2-4963-abc1-77fe1ca0be5d,3.7254483,51.043115,9000.0
17fbf143-13ab-400c-b309-4255f3137271,3.6995192,51.052327,9000.0
abd148e3-0bc9-55da-b551-0fa7011442c5,3.7219,51.04484,9000.0
f682234a-a289-4897-a21c-f2ffc88d18ea,5.3380653,50.9295378,3500.0
11d847ab-1723-45f8-8614-c3a1f3f7b53f,4.4081708,51.2190196,2000.0
f2a8cbc0-5105-57d0-93f8-af96a3a46046,2.95718,51.21835,8400.0
6eeec956-34b8-4530-a288-69f4b3bff0e6,4.39758,51.21352,2000.0
82c83f60-3d91-48e1-8f9a-53d1ed1d9518,4.412692,50.8438933,1200.0
42c9d2e1-4639-548c-ac15-0a91e54587e6,4.700045108512549,50.878698372618146,3000.0
d5fdbfed-13a8-468c-90cc-13899db99eff,4.2859312,50.8390312,1070.0
365c5af3-89ab-5641-92f8-8be8a716ce95,4.39622,50.71733,1410.0
ab8f95c2-2ee3-5dc1-9389-d00832e24c93,4.472862170249654,51.205426768731755,2100.0
f580e38f-9141-5bea-8e61-321f0e809dfc,4.423937843260079,51.223801438877516,2060.0
