restaurant_name,menu_item_name,price,description
Agua na boca Antwerpen ,Pizza fries,15.0,"Waffle-fries with ground beef, mozzarella, chorizo, olives and feta crumbs 

(halal)"
Otomat Leopoldplaats,Pizza Nutella,9.5,Small pizza topped with strawberries and hazelnuts
Otomat Leopoldplaats,Bianca Pizzafiore,12.0,"Sour cream, Fior di Latte Mozzarella, thyme & caramelized red onion."
Lunchbar Tomasso,Crepizza Margerita,6.0,"De Crepizza is een zuurdesem, durumtarwe en griesmeel, gekneed pastavel. Een gastronomisch concept tussen een crêpe en pizzadeeg."
Nonna Julia  Pizza & Pasta,Pizza classico,10.5,"Tomatensaus, kaas, basilicum"
Nonna Julia  Pizza & Pasta,Pizza quattro stagioni,14.5,"Tomatensaus, hesp, champignons, olijven, artisjok, mozzarella"
Nonna Julia  Pizza & Pasta,Pizza napolitana,12.0,"Tomatensaus, mozzarella, hesp"
Nonna Julia  Pizza & Pasta,Pizza perezo,12.0,"Tomatensaus, mozzarella, paprika"
Nonna Julia  Pizza & Pasta,Pizza funghi,12.0,"Tomatensaus, mozzarella en champignons."
Nonna Julia  Pizza & Pasta,Pizza tonno,14.5,"Tomatensaus, tonijn, olijven, ui"
Nonna Julia  Pizza & Pasta,Pizza anjo,14.5,"Tomatensaus, ansjovis, olijven"
Nonna Julia  Pizza & Pasta,Pizza vegi,15.5,"Tomatensaus, spinazie, paprika, champignon"
Nonna Julia  Pizza & Pasta,Pizza salami,12.0,"Tomatensaus, salami, mozzarella"
Nonna Julia  Pizza & Pasta,Pizza Italy,14.5,"Tomatensaus, spinazie, champignon, tomaat"
Nonna Julia  Pizza & Pasta,Pizza scampi,15.5,"Tomatensaus, mozzarella, scampi"
Nonna Julia  Pizza & Pasta,Pizza seaworld,16.5,"Tomatensaus, zeevruchten, ui"
Nonna Julia  Pizza & Pasta,Pizza chicken,13.5,"Tomatensaus, kipfilet, paprika, mozzarella"
Nonna Julia  Pizza & Pasta,Pizza hecha,12.5,"Tomatensaus, hesp, champignon, mozzarella"
Nonna Julia  Pizza & Pasta,Pizza melanzane,14.0,"Tomatensaus, aubergine, mozzarella, parmezaan"
Nonna Julia  Pizza & Pasta,Pizza bolognese,12.5,"Bolognesesaus, tomaten, peterselie"
Nonna Julia  Pizza & Pasta,Pizza rucola,12.5,"Tomatensaus, rucola, tomaat, mozzarella"
Nonna Julia  Pizza & Pasta,Pizza Hawaï,14.0,"Tomatensaus, hesp, ananas, mozzarella"
Pizza Hut Turnhout,Duo menu,19.9,4 lookbroodjes of 4 chicken wings (normal) + 1 medium pizza naar keuze + 2 frisdranken 33cl
Pizza Hut Turnhout,Quattro menu,32.9,"1 Cheezy Bread of 8 lookbroodjes of 8 chicken wings + 2 medium pizzas naar keuze + 1,5L Pepsi/Pepsi Max/7up"
Pizza Hut Turnhout,The BOX,27.0,"1 Pizza Pan Large (of Medium Classic of Cheezy Crust (+1,80€)) + American Potatoes + 8 Chicken Croqs + 2 lookbroodjes + 4 Chicken Wings "
Pizza Hut Turnhout,Pepper Pizza,18.0,"Dubbele portie rundvlees, tomatenblokjes, rode ui, pepersaus, tomatensaus, mozzarella

"
Pizza Hut Turnhout,Falafel pizza,19.5,"Falafelballetjes, basilicumdressing, tomatenblokjes, peterselie, tomatensaus, violife vegan kaas"
Pizza Hut Turnhout,Falafel pizza,24.5,"Falafelballetjes, basilicumdressing, tomatenblokjes, peterselie, tomatensaus, violife vegan kaas"
Pizza Hut Turnhout,Pepper Pizza,18.0,
Pizza Hut Turnhout,"Yes, I want chessy crust with my large pizza please",6.6,
The Lab Game Concept,Pizzas,13.0,Onze beroemde pizzas. 4 Smaken
La Dany,Pizza Barbecue Chicken,13.0,"(kaas, kip & paprika)."
Pasta Commedia,Escalope Pizzaiola,20.4,"Tomates fraîches, câpres et anchois"
Panito bvba,Pizza hesp,9.0,"Tomatensaus, hesp, mozzarella, edammer, emmentaler"
Panito bvba,Pizza speciale,9.0,"Tomatensaus, samami, champignons, hesp, gouda, emmentaler"
Panito bvba,Pizza spinazie,9.0,"Tomatensaus, spinazie, mozzarella, edammer, emmentaler"
Panito bvba,Vegetarische pizza,9.0,"Tomatensaus, cherrytomaten, paprika, peperoni, ui, mozzarella, emmentaler"
Panito bvba,Pizza mozzarella,9.0,"Tomatensaus, mozzarella, basilicum, edammer, emmentaler"
Amici Miei ,Pizzaiola,10.0,
Amici Miei ,Pizzaiola,2.0,
Amici Miei ,Pizzaiola,14.0,
Amici Miei ,Putanesca,7.9,"Olijven, kappertjes, mozzarella en pizzaiolasaus"
In 't Vrije,Pizza In ‘t Vrije,17.0,Tomatensaus - look -  gehakt - paprikareepjes - rode ui - mozzarella
In 't Vrije,Pizza In ‘t Vrije Vegan,17.0,"Tomatensaus - look - Le gehackt - paprikareepjes - ui - vegan Kaas
-> zelfs een vleeseter proeft het verschil niet!"
In 't Vrije,Pizza Nacho Totale,17.0,Tomatensaus - gehakt - rode ui - jalapenos - cheddar kaas - zure room.
In 't Vrije,Pizza Chickens Heaven,17.0,Pepperoni crème - kip - rode ui - mozzarella
In 't Vrije,Pizza Chickens Hell,17.0,Pepperoni crème - kip - rode ui - pikante saus - mozzarella
In 't Vrije,Pizza Formaggi,16.0,5 kazen - tomaat - mozzarella
In 't Vrije,Pizza Margriet,12.5,Tomaat - basilicum - mozzarella
In 't Vrije,Truffle Pizza,18.0,Truffelcrème - gedeputeerde champignon mengeling - parmezaan
In 't Vrije,Pizza pepperoni,17.0,Pepperonicrème - Italiaanse salami - mozzarella
In 't Vrije,Pizza geitenkaas,17.0,Tomatensaus - geitenkaas - spek - honing
In 't Vrije,Pizza Frederico,17.0,Tomatensaus - look - gehakt - warm gerookte ansjovis mozzarella
In 't Vrije,Pizza BBQ,17.0,Barbequesaus - tomatensaus - gehakt - ui - mozzarella
In 't Vrije,Pizza Michéle,17.0,Tomatensaus - look - gehakt - ui - peperonata alla piemontese (paprikafileetjes in een lekker sausje)
Pizzeria Il Pazzo ,Pizza Bolognese ,10.95,"Bolognesesaus, look, ui, extrakaas 
"
Pizzeria Il Pazzo ,Pizza Pollo ,10.95,"Gekruide kip,paprika,ui,champignons
"
Pizzeria Il Pazzo ,Pizza Calzone,10.95,"Ham, salami, paprika, bolognesesaus
"
Pizzeria Il Pazzo ,Pizza Pollo Hawaii ,10.95,"Kip, paprika, ui,ananas
 "
Pizzeria Il Pazzo ,Pizza Quatro Stagione,10.95,"Ham, salami, paprika, champignons
"
Pizzeria Il Pazzo ,Pizza Quatro Stagione ,10.95,"Ham, salami, paprika, champignons
"
Pizzeria Il Pazzo ,Pizza Quatro Formagi ,10.95,"4 soorten kaas
"
Pizzeria Il Pazzo ,Pizza Vegetariana ,10.95,"Aubergine, paprika, champignons, artisjok, ui
"
Pizzeria Il Pazzo ,Pizza Frutti Di Mare ,10.95,"Zeevruchten, look
"
Pizzeria Il Pazzo ,Pizza Rio Mare ,10.95,"Tonijn, ui, look
"
Pizzeria Il Pazzo ,Pizza Capricciosa ,10.95,"Ham, champignons
"
Pizzeria Il Pazzo ,Pizza Capricciosa ,10.95,"Ham, champignons
"
Pizzeria Il Pazzo ,Pizza Il Pazzo,10.95,"Parmaham, rucola, parmezaan
"
Pizzeria Il Pazzo ,Pizza Hawaii ,10.95,"Ham, ananas
"
Pizzeria Il Pazzo ,Pizza Scampi ,10.95,"Scampi, rucola, look, olijven
"
Pizzeria Il Pazzo ,Pizza Meat Balls BBQ ,10.95,"Barbequesaus, gekruide gehaktballetjes, ui, paprika
"
Pizzeria Il Pazzo ,Pizza Suprema ,10.95,"Ham, gehakt, ui, paprika, olijven, champignons, mozzarella
"
Pizzeria Il Pazzo ,Pizza Delizia ,10.95,"Kerstomatjes, rucola, parmezaan
"
Pizzeria Il Pazzo ,Pizza Pollo BBQ,10.95,"Kip, babrbequesaus, ui, paprika
"
Pizzeria Il Pazzo ,Pizza Cotadina,10.95,"Olijven, aubergine, paprika, courgette
"
Made in Sud (Uccle),Pizza campagnole,16.0,"Aubergine parmigiana, fromage burrata, crème de potiron et basilic."
Made in Sud (Uccle),Pizza quatro fromaggi,15.0,"Mozzarella fior di latte, gorgonzola DOP, taleggio DOP, ricotta de buffle et taralli napoletani."
Made in Sud (Uccle),Pizza marinara,9.0,"Sauce tomate, ail, origan et huile dolive extra vierge."
Made in Sud (Uccle),Pizza polpetta siciliana,16.5,"Boulettes de viande sicilienne, mozzarella de buffle et basilic."
Made in Sud (Uccle),Pizza a modo mio,16.5,"Crème dartichauts, champignons, tomates cerises, olives et jambon cuit."
Made in Sud (Uccle),Pizza margherita,10.0,"Sauce tomate, mozzarella fior di latte, huile dolive extra vierge, basilic et morceaux de bufala."
Made in Sud (Uccle),Pizza patatosa,16.0,"Mozzarella fior di latte, ricotta de bufflonne, pommes de terre, ail et basilic."
Made in Sud (Uccle),Pizza valtellina,16.0,"Mozzarella fior di latte, taleggio DOP, jambon et cèpes."
Made in Sud (Uccle),Pizza bufalina,15.0,"Sauce tomate, mozzarella de bufflonne, basilic et huile dolive extra vierge."
Made in Sud (Uccle),Pizza bufalina,15.0,"Sauce tomate, mozzarella de bufflonne, basilic et huile dolive extra vierge."
Made in Sud (Uccle),Pizza treviso,15.0,"Mozzarella fior di latte, endives, noix et fromage scamorza fumé."
Made in Sud (Uccle),Pizza napoletana,15.0,"Sauce tomate, mozzarella fior di latte, olives câpres, anchois et origan."
Made in Sud (Uccle),Pizza burrata,17.0,"Mozzarella fior di latte, saucisse, truffe, fromage burrata fumé et noix."
Made in Sud (Uccle),Pizza cetara,14.0,"Sauce tomate, anchois, olives, tomates cerises, oignons rouges, origan et basilic."
Made in Sud (Uccle),Pizza passione,17.0,"Mozzarella fior di latte, crème de courgettes, fromage crescenza et scampis."
Made in Sud (Uccle),Pizza mama LK,13.5,"Mozzarella, pommes de terre, jambon et basilic."
Made in Sud (Uccle),Pizza il marinaio,17.0,"Sauce tomate, ail et fruits de mer."
Made in Sud (Uccle),Pizza uccle,18.0,"Mozzarella fior di latte, gorgonzola DOP, salami doux, tomates cerises fraîches, mozzarella de buffle et basilic."
Made in Sud (Uccle),Pizza campagnole,16.0,"Aubergine parmigiana, fromage burrata, crème de potiron et basilic."
Made in Sud (Uccle),Pizza arte bianca,15.5,"Mozzarella fior di latte, tomates cerises jaunes, amandes, thon et basilic."
Made in Sud (Uccle),Pizza vegetariana,14.5,Mozzarella fior di latte et légumes de saison.
Made in Sud (Uccle),Pizza bergamasca,14.5,"Mozzarella fior di latte, lardons, fromage crescenza, sauge et ail."
Etna Trattoria,Pizza Carpaccio,23.0,"mozzarella, rund carpaccio, rucola, geraspt grana, balsamico creme, oregano"
Pizza familly,Basispizza,9.0,kaas en tomaat (30cm).
Babylon ,Lahmajun gerolde pizza,3.9,Gewenst saus
Backyard,Pizza Rucola,11.0,6 slices
Backyard,Pizza,11.0,
Carrefour Express Ferrer,Carrefour Zeevruchtencocktail 500 g,6.49,"Deze cocktail van pijlinktvis, mosselen en garnalen is ideaal voor de bereiding van heerlijke gerechten: risotto, pasta, pizza of paella met zeevruchten. Of misschien wil u wat meer pit brengen in uw spaghetti met een lekkere zeevruchtensaus..."
Carrefour Express Ferrer,Heinz Tomato frito 350g (tomaten saus),1.11,"Heinz Tomato Frito is op traditionele wijze bereid, door de knoflook en ui 2.5 uur in olie te laten sudderen en daarna te mengen met zongerijpte tomaten voor een onweerstaanbare rijke smaak. Heinz Tomato Frito vormt een heerlijke tomatenbasis voor veel verschillende gerechten zoals in een pasta, lasagne, curry of op een pizzabodem."
Carrefour Express Ferrer,Dr. Oetker Pizza Ristorante Quattro Formaggi 340 g,4.15,Dr. Oetker Pizza Ristorante Quattro Formaggi 340 g
Carrefour Express Ferrer,Carrefour Classic' Pizzadeeg Dun en Rond 260 g,1.35,Carrefour Classic Pizzadeeg Dun en Rond 260 g
Carrefour Express Ferrer,Bruggeman Bakkersgist 42 g,0.25,"Ideaal voor uw brood, wafels, pizzas..."
Carrefour Express Ferrer,Carrefour Bio Pizza Margherita Gebakken op Houtvuur 310 g,2.59,"Deze pizza is vervaardigd in Italië met ingrediënten afkomstig uit de biologische landbouw. De pizza is gemaakt met een deeg met extra olijfolie van eerste persing (2.5%), overdekt met een tomatensaus en mozzarella, vervolgens gebakken op houtvuur wat een unieke krokante en lekkere smaak geeft."
Carrefour Express Ferrer,Dr. Oetker Casa di Mama Pizza Speciale 415 g,6.75,Dr. Oetker Casa di Mama Pizza Speciale 415 g
Carrefour Express Ferrer,Dr. Oetker Pizza Ristorante Mozzarella 355 g,3.89,Dr. Oetker Pizza Ristorante Mozzarella 355 g
Carrefour Express Ferrer,Dr. Oetker Pizza Ristorante Barbecue 340 g,6.25,Dr. Oetker Pizza Ristorante Barbecue 340 g
Carrefour Express Ferrer,Dr. Oetker Pizza Ristorante Speciale 345 g,3.99,Dr. Oetker Pizza Ristorante Speciale 345 g
Carrefour Express Ferrer,Dr. Oetker Pizza Ristorante Tonno 355 g,4.39,"Dr. Oetker gebruikt alleen Skipjack Tuna (Katsuwonus pelamis), deze diersoort wordt niet met uitsterven bedreigd."
Carrefour Express Ferrer,2 Pizza's Kazen op Steen Gebakken 2 x 350 g,3.25,2 Pizzas Kazen op Steen Gebakken 2 x 350 g
Carrefour Express Ferrer,Dr. Oetker Pizza Ristorante Salame 320 g,4.59,Dr. Oetker Pizza Ristorante Salame 320 g
Carrefour Express Ferrer,Dr. Oetker Pizza Ristorante Prosciutto 340 g,4.59,Dr. Oetker Pizza Ristorante Prosciutto 340 g
Carrefour Express Ferrer,Dr. Oetker Pizza Ristorante Bolognese e Formaggi 375 g,5.15,Dr. Oetker Pizza Ristorante Bolognese e Formaggi 375 g
Carrefour Express Ferrer,Dr. Oetker La Margherita Classica 265 g,4.25,"Top je pizza heerlijk af met:
ham
parmezaan
rucola"
Carrefour Express Ferrer,Dr. Oetker Pizza Ristorante Hawaii 355 g,3.95,Dr. Oetker Pizza Ristorante Hawaii 355 g
Carrefour Express Ferrer,Dr. Oetker Pizza Ristorante Spinaci 390 g,3.79,Dr. Oetker Pizza Ristorante Spinaci 390 g
Carrefour Express Ferrer,Carrefour Pizza Mozzarella Dunne Bodem 340 g,2.05,"De pizzas met dunne bodem van Carrefour verleiden u met hun krokante bodem. Heerlijk om alleen of met het gezin van te genieten als voor- of hoofdgerecht.
 
Deze pizza Mozzarella is sappig gegarneerd met:
Heerlijke sneetjes mozzarella
Lekkere kerstomaten"
Carrefour Express Ferrer,Dr. Oetker Pizza Ristorante Pollo 355 g,4.59,Dr. Oetker Pizza Ristorante Pollo 355 g
Carrefour Express Ferrer,Carrefour Extra 4 Stagioni 400 g,2.59,"De pizza 4 Stagioni is op steen gebakken. Hierdoor is het deeg krokant aan de buitenkant en mais binnenin. Ideaal als voor- of hoofdgerecht voor een etentje met familie of vrienden.

De pizza 4 Stagioni is een unieke combinatie van: 
Lekkere spinazie
Uienringen
Paprikas om het geheel pittiger te maken
In fijne plakjes gesneden Parijse champignons."
ANATOLIA hoboken,turkse pizza,3.5,
ANATOLIA hoboken,Anatolia klein pizza,3.0,
Carrefour Market Paduwa,Carrefour Cocktail de Fruits de Mer 500 g,5.19,"Ce cocktail de calmars, moules et crevettes est idéal pour confectionner des plats savoureux : risotto, pâtes, pizza ou paella de la mer. Ou peut-être pour agrémenter vos Spaghetti dune délicieuse sauce aux fruits de mer..."
Carrefour Market Paduwa,Dr. Oetker Pizza Ristorante Quattro Formaggi 340 g,4.15,Dr. Oetker Pizza Ristorante Quattro Formaggi 340 g
Carrefour Market Paduwa,Carrefour Classic' Pâte à Pizza Fine et Ronde 260 g,1.09,Carrefour Classic Pâte à Pizza Fine et Ronde 260 g
Carrefour Market Paduwa,Carrefour Bio Basilic en pot,1.15,"Incontournable dans tous les plats à base de tomates, le basilic accompagne idéalement toutes les spécialités méridionales comme les pâtes et les pizzas. Le basilic est également dans les plats à base de poisson et de viande et constitue le principal ingrédient du pesto classique. Ne pas hacher finement mais les déchirer ou les découper et les ajouter seulement en fin de préparation."
Carrefour Market Paduwa,Carrefour Bio Pizza Margherita Cuite au Feu de Bois 310 g,2.59,"Cette pizza est fabriquée en Italie, à partir dingrédients issus de lagriculture biologique. Elaborée à partir dune pâte à lhuile dolive vierge extra (2.5%), elle est nappée de sauce tomate et de mozzarella, puis cuite au feu de bois, ce qui lui donne son croustillant et son goût unique si attachant."
Carrefour Market Paduwa,Come a Casa Pizza Bolognese 350 g,4.09,Come a Casa Pizza Bolognese 350 g
Carrefour Market Paduwa,Bruggeman Levure de Boulangerie 42 g,0.23,"Idéale pour vos pains, brioches, pizzas..."
Carrefour Market Paduwa,Dr. Oetker Casa di Mama Pizza Speciale 415 g,6.75,Dr. Oetker Casa di Mama Pizza Speciale 415 g
Carrefour Market Paduwa,Dr. Oetker Pizza Ristorante Mozzarella 355 g,3.89,Dr. Oetker Pizza Ristorante Mozzarella 355 g
Carrefour Market Paduwa,Dr. Oetker Pizza Ristorante Barbecue 340 g,6.25,Dr. Oetker Pizza Ristorante Barbecue 340 g
Carrefour Market Paduwa,Dr. Oetker Pizza Ristorante Speciale 345 g,3.99,Dr. Oetker Pizza Ristorante Speciale 345 g
Carrefour Market Paduwa,Dr. Oetker Pizza Ristorante Tonno 355 g,4.39,"Dr. Oetker utilise uniquement du thon rose (Katsuwonus pelamis), dont les stocks ne sont pas en danger."
Carrefour Market Paduwa,2 Pizzas Fromages Cuites sur Pierre 2 x 350 g,3.25,2 Pizzas Fromages Cuites sur Pierre 2 x 350 g
Carrefour Market Paduwa,Dr. Oetker Pizza Ristorante Salame 320 g,4.59,Dr. Oetker Pizza Ristorante Salame 320 g
Carrefour Market Paduwa,Dr. Oetker Pizza Ristorante Prosciutto 340 g,4.59,Dr. Oetker Pizza Ristorante Prosciutto 340 g
Carrefour Market Paduwa,Dr. Oetker Pizza Ristorante Bolognese e Formaggi 375 g,5.15,Dr. Oetker Pizza Ristorante Bolognese e Formaggi 375 g
Carrefour Market Paduwa,Dr. Oetker La Margherita Classica 265 g,4.25,"Garnissez votre pizza de:
jambon
roquette
parmesan"
Carrefour Market Paduwa,Dr. Oetker Pizza Ristorante Spinaci 390 g,3.79,Dr. Oetker Pizza Ristorante Spinaci 390 g
Carrefour Market Paduwa,Carrefour Pizza Mozzarella Pâte Fine 340 g,2.05,"Les pizzas ""pâte Fine"" Carrefour vous séduiront avec leur pâte croustillante. Cette pizza se déguste seule ou se partage en famille, en entrée ou en plat.

Cette pizza Mozzarella est garnie de :
Délicieuses tranches de mozzarella
Savoureuses tomates cerise"
Carrefour Market Paduwa,Dr. Oetker Pizza Ristorante Pollo 355 g,4.59,Dr. Oetker Pizza Ristorante Pollo 355 g
Carrefour Market Paduwa,Carrefour Extra 4 Stagioni 400 g,2.59,"La pizza 4 Stagioni est cuite sur pierre pour vous offrir une pâte croustillante à lextérieur et moelleuse à lintérieur. Elle accompagnera vos repas en famille ou entre amis et peut se déguster en entrée ou en plat.  

La pizza 4 Stagioni, cest un mariage unique de :
Savoureux épinards
Oignons frits
Poivrons pour relever lensemble
Champignons de Paris finement coupés en tranches"
Carrefour Market Paduwa,Dr. Oetker Pizza Ristorante Funghi 365 g,4.69,Dr. Oetker Pizza Ristorante Funghi 365 g
Napoli Da Leonardo,Pizza Pom E Rucola,13.5,
Napoli Da Leonardo,Pizza Végétarienne,15.0,
Napoli Da Leonardo,Pizza aux Fruits De Mer,17.0,
Napoli Da Leonardo,Pizza Carpacciata,17.0,
Napoli Da Leonardo,Pizza Saucisse et Rucola,17.0,
Napoli Da Leonardo,Pizza Breasola et Rucola,17.0,
Napoli Da Leonardo,Pizza Bolognes,13.0,
Napoli Da Leonardo,Pizza Biancaneve,9.0,
Napoli Da Leonardo,Pizza Margherita,10.5,
Napoli Da Leonardo,Pizza Parigina,12.0,
Napoli Da Leonardo,Pizza Prosciuto,12.0,
Napoli Da Leonardo,Pizza Wurstell,12.0,
Napoli Da Leonardo,Pizza Bismark,11.5,
Napoli Da Leonardo,Pizza Calzone,12.0,
Napoli Da Leonardo,Pizza Napoletana,13.5,
Napoli Da Leonardo,Pizza Diavola,13.0,
Napoli Da Leonardo,Pizza Primavera,13.0,
Napoli Da Leonardo,Pizza Gorgonzola,14.0,
Napoli Da Leonardo,Pizza Tonno,14.0,
Napoli Da Leonardo,Pizza Capriciosa,13.5,
Napoli Da Leonardo,Pizza Parmiggiana,14.5,
Napoli Da Leonardo,Pizza Quattro Formaggi,15.5,
Napoli Da Leonardo,Pizza Quattro Stagioni,14.5,
Napoli Da Leonardo,Pizza Hawaïana,13.0,
Napoli Da Leonardo,Pizza Buffala,15.0,
Carrefour Express Zwijnaarde,Carrefour Zeevruchtencocktail 500 g,6.49,"Deze cocktail van pijlinktvis, mosselen en garnalen is ideaal voor de bereiding van heerlijke gerechten: risotto, pasta, pizza of paella met zeevruchten. Of misschien wil u wat meer pit brengen in uw spaghetti met een lekkere zeevruchtensaus..."
Carrefour Express Zwijnaarde,Dr. Oetker Pizza Ristorante Quattro Formaggi 340 g,4.15,Dr. Oetker Pizza Ristorante Quattro Formaggi 340 g
Carrefour Express Zwijnaarde,Carrefour Classic' Pizzadeeg Dun en Rond 260 g,1.35,Carrefour Classic Pizzadeeg Dun en Rond 260 g
Carrefour Express Zwijnaarde,Carrefour Bio Basilicum in pot,1.15,"Basilicum, of koningskruid, is onmisbaar in alle tomatengerechten. Het past uitstekend bij alle zuiderse gerechten zoals pastas en pizzas. Basilicum is ook erg lekker bij vis-en vleesgerechten en is het belangrijkste ingrediënt in de typische pesto. De blaadjes niet fijnhakken maar scheuren of knippen en pas op het einde van de bereiding toevoegen."
Carrefour Express Zwijnaarde,Carrefour Bio Pizza Margherita Gebakken op Houtvuur 310 g,2.59,"Deze pizza is vervaardigd in Italië met ingrediënten afkomstig uit de biologische landbouw. De pizza is gemaakt met een deeg met extra olijfolie van eerste persing (2.5%), overdekt met een tomatensaus en mozzarella, vervolgens gebakken op houtvuur wat een unieke krokante en lekkere smaak geeft."
Carrefour Express Zwijnaarde,Dr. Oetker Pizza Ristorante Mozzarella 355 g,3.89,Dr. Oetker Pizza Ristorante Mozzarella 355 g
Carrefour Express Zwijnaarde,Dr. Oetker Pizza Tradizionale Speciale 400 g,7.25,Dr. Oetker Pizza Tradizionale Speciale 400 g
Carrefour Express Zwijnaarde,Bruggeman Bakkersgist 42 g,0.25,"Ideaal voor uw brood, wafels, pizzas..."
Carrefour Express Zwijnaarde,Dr. Oetker Pizza Ristorante Speciale 345 g,3.99,Dr. Oetker Pizza Ristorante Speciale 345 g
Carrefour Express Zwijnaarde,Dr. Oetker Pizza Ristorante Tonno 355 g,4.39,"Dr. Oetker gebruikt alleen Skipjack Tuna (Katsuwonus pelamis), deze diersoort wordt niet met uitsterven bedreigd."
Carrefour Express Zwijnaarde,Come a Casa Pizza Bolognese 350 g,4.09,Come a Casa Pizza Bolognese 350 g
Carrefour Express Zwijnaarde,Dr. Oetker Pizza Ristorante Salame 320 g,4.59,Dr. Oetker Pizza Ristorante Salame 320 g
Carrefour Express Zwijnaarde,Dr. Oetker Pizza Ristorante Prosciutto 340 g,4.59,Dr. Oetker Pizza Ristorante Prosciutto 340 g
Carrefour Express Zwijnaarde,Dr. Oetker Pizza Ristorante Bolognese e Formaggi 375 g,5.15,Dr. Oetker Pizza Ristorante Bolognese e Formaggi 375 g
Carrefour Express Zwijnaarde,Dr. Oetker La Margherita Classica 265 g,4.25,"Top je pizza heerlijk af met:
ham
parmezaan
rucola"
Carrefour Express Zwijnaarde,Dr. Oetker Pizza Ristorante Hawaii 355 g,3.95,Dr. Oetker Pizza Ristorante Hawaii 355 g
Carrefour Express Zwijnaarde,Dr. Oetker Pizza Ristorante Spinaci 390 g,3.79,Dr. Oetker Pizza Ristorante Spinaci 390 g
Carrefour Express Zwijnaarde,Carrefour Pizza Mozzarella Dunne Bodem 340 g,2.05,"De pizzas met dunne bodem van Carrefour verleiden u met hun krokante bodem. Heerlijk om alleen of met het gezin van te genieten als voor- of hoofdgerecht.
 
Deze pizza Mozzarella is sappig gegarneerd met:
Heerlijke sneetjes mozzarella
Lekkere kerstomaten"
Carrefour Express Zwijnaarde,Dr. Oetker Pizza Ristorante Pollo 355 g,4.59,Dr. Oetker Pizza Ristorante Pollo 355 g
Carrefour Express Zwijnaarde,Carrefour Extra 4 Stagioni 400 g,2.59,"De pizza 4 Stagioni is op steen gebakken. Hierdoor is het deeg krokant aan de buitenkant en mais binnenin. Ideaal als voor- of hoofdgerecht voor een etentje met familie of vrienden.

De pizza 4 Stagioni is een unieke combinatie van: 
Lekkere spinazie
Uienringen
Paprikas om het geheel pittiger te maken
In fijne plakjes gesneden Parijse champignons."
Carrefour Express Zwijnaarde,Dr. Oetker Pizza Ristorante Funghi 365 g,4.69,Dr. Oetker Pizza Ristorante Funghi 365 g
Odette,Pizza Odette,13.5,
Odette,Pizza veggie,12.5,
Arif Usta,Promo deal 1 persoon,12.0,1 medium pizza + 1 snack naar keuze + 1 drank.
Arif Usta,Turkse pizza (lahmacun),0.0,
Arif Usta,Turkse pizza (lahmacun),8.0,"Met kaas, pitta, groenten en frietjes"
Pizza Hut,Duo menu,19.9,4 lookbroodjes of 4 chicken wings (normal) + 1 medium pizza naar keuze + 2 frisdranken 33cl
Pizza Hut,Quattro menu,32.9,"1 Cheezy Bread of 8 lookbroodjes of 8 chicken wings + 2 medium pizzas naar keuze + 1,5L Pepsi/Pepsi Max/7up"
Pizza Hut,The BOX,27.0,"1 Pizza Pan Large (of Medium Classic of Cheezy Crust (+1,80€)) + American Potatoes + 8 Chicken Croqs + 2 lookbroodjes + 4 Chicken Wings "
Pizza Hut,Pepper Pizza,18.0,"Dubbele portie rundvlees, tomatenblokjes, rode ui, pepersaus, tomatensaus, mozzarella

"
Pizza Hut,Falafel pizza,19.5,"Falafelballetjes, basilicumdressing, tomatenblokjes, peterselie, tomatensaus, violife vegan kaas"
Pizza Hut,Falafel pizza,24.5,"Falafelballetjes, basilicumdressing, tomatenblokjes, peterselie, tomatensaus, violife vegan kaas"
Pizza Hut,Pepper Pizza,18.0,
Pizza Hut,"Yes, I want chessy crust with my large pizza please",6.6,
Loco Pizza Leuven,Pizza,6.99,
Pizzeria Parma,Pizza buffalina,15.0,"Sauce tomate, mozzarella di bufala, roquettes et basilic."
Pizzeria Parma,Pizza diavola,13.0,"Sauce tomate, mozzarella, spianata calabrese et basilic."
Pizzeria Parma,Pizza vegetariana,15.0,"Tomates, mozzarella, aubergines, courgettes, poivrons, champignons et brocolis."
Pizzeria Parma,Pizza quattro formaggi,14.0,"Tomates, mozzarella, gorgonzola, taleggio et parmesan."
Pizzeria Parma,Pizza napoletana,12.0,"Sauce tomate, olives, câpres et anchois."
Pizzeria Parma,Pizza prosciutto,13.0,"Sauce tomate, mozzarella, jambon cuit et basilic."
Pizzeria Parma,Pizza parma,15.0,"Sauce tomate, mozarella fior di latte, roquette, tomates cerise, jambon crudo et grana."
Pizzeria Parma,Pizza marinara,9.0,"Sauce tomate, mozzarella et basilic."
Pizzeria Parma,Pizza margherita,10.0,"Tomates, mozzarella et basilic."
Pizzeria Parma,Pizza funghi,11.5,"Sauce tomate, mozzarella et champignons."
Pizzeria Parma,Pizza diavola,13.0,"Tomates, mozzarella et salami piquant spinata."
Pizzeria Parma,Pizza hawai,13.5,"Sauce tomate, mozzarella, jambon cuit et ananas."
Pizzeria Parma,Pizza regina,13.5,"Sauce tomate, mozzarella, champignons et jambon cuit."
Pizzeria Parma,Pizza calzone,14.0,"Sauce tomate, mozzarella, jambon cuit, champignons et œufs."
Pizzeria Parma,Pizza capricciosa,14.0,"Sauce tomate, mozzarella, jambon cuit, champignons, artichauts et poivrons."
Pizzeria Parma,Pizza quattro stagioni,14.0,"Sauce tomate, mozzarella, jambon cuit, artichauts, champignons et olives."
Pizzeria Parma,Pizza bismarck,14.0,"Sauce tomate, mozzarella, jambon cuit, champignons et œufs."
Pizzeria Parma,Pizza tono,14.0,"Sauce tomate, mozzarella, tono et oignons."
Pizzeria Parma,Pizza parmigiana,15.5,"Sauce tomate, mozzarella, aubergines grillées, parmesan et sauce lail fait maison."
Pizzeria Parma,Pizza frutti di mare,16.0,"Sauce tomate, mozzarella, fruits de mer et sauce à lail fait maison."
Pizza Hut Wemmel,Duo Menu,19.9,4 pains à lail ou 4 chicken wings (normal) + 1 pizza médium au choix + 2 boissons fraîches 33cl
Pizza Hut Wemmel,Quattro Menu,32.9,"1 Cheezy Bread ou 8 pains à lail ou 8 chicken wings + 2 pizzas médium au choix + 1,5L Pepsi/Pepsi Max/7up
 "
Pizza Hut Wemmel,The BOX,27.0,"1 Pizza Large Pan (ou Medium Classic ou Cheezy Crust (+1,80€)) + American Potatoes + 8 Chicken Croqs + 2 Pains à lail + 4 Chicken Wings "
Pizza Hut Wemmel,Pepper Pizza,18.0,"Viande de boeuf (double portion), tomates en dés, oignons rouges, sauce au poivre, sauce tomate, mozzarella



"
Pizza Hut Wemmel,Falafel pizza,19.5,"Boulettes de falafel, coulis de basilic, tomates en dés, persil, sauce tomate, fromage vegan Violife"
Pizza Hut Wemmel,"Yes, I want cheesy crust with my large pizza please",6.4,
Pizza Hut Wemmel,Pepper Pizza,18.0,
Pizza Hut,Duo Menu,19.9,4 pains à lail ou 4 chicken wings (normal) + 1 pizza médium au choix + 2 boissons fraîches 33cl
Pizza Hut,Quattro Menu,32.9,"1 Cheezy Bread ou 8 pains à lail ou 8 chicken wings + 2 pizzas médium au choix + 1,5L Pepsi/Pepsi Max/7up
 "
Pizza Hut,The BOX,27.0,"1 Pizza Large Pan (ou Medium Classic ou Cheezy Crust (+1,80€)) + American Potatoes + 8 Chicken Croqs + 2 Pains à lail + 4 Chicken Wings "
Pizza Hut,Pepper Pizza,18.0,"Viande de boeuf (double portion), tomates en dés, oignons rouges, sauce au poivre, sauce tomate, mozzarella



"
Pizza Hut,Falafel pizza,19.5,"Boulettes de falafel, coulis de basilic, tomates en dés, persil, sauce tomate, fromage vegan Violife"
Pizza Hut,"Yes, I want cheesy crust with my large pizza please",6.4,
Pizza Hut,Pepper Pizza,18.0,
Istanbul eethuis,Kebab Pizza,12.5,"Pittavlees kip, ham, salami."
Istanbul eethuis,Calzone 1,12.5,"Dubbelgevouwen pizza, ham salami, paprika, champignons, bolognaise."
Otomat ,Pizza Nutella,9.5,"Small pizza with Nutella, topped with strawberries and hazelnuts"
Otomat ,Triple Chocolate Pizza,12.5,"Three different types of chocolate, crispy roasted nuts, softly burnt marshmallow. Lime powder from Mexico and basil."
Otomat ,Bianca Pizzafiore,12.0,"Sour cream, Fior di Latte Mozzarella, thyme & caramelized red onion."
Panos,Pizzabaguette Tomaat-Mozzarella,4.5,"Tomaat, mozzarella, oregano, rucola"
Panos,Pizzabaguette 3 kazen,4.5,"Maredsous, Gorgonzola, mozzarella, oregano"
Opus Latino,Toscana Sangiovese CAPARZO 2017 rouge,26.0,"100% Sangiovese!Gerijpt 2 a 4 Maanden op Sloveense eik. Vol en aanhoudende neus van bramen, frambozen, bosaarbeienen vanille. De smaak is warm, droog, gul en evenwichtig! Het is een ongecompliceerde wijn, fris die men jong gekoeld in de zomer kan drinken bij pastas en ideaal bij pizzas!"
MY PIZZA (KOR),Margarita,15.0,"Pizzakaas, saus"
MY PIZZA (KOR),Margarita,7.5,Pizzakaas en saus
MY PIZZA (KOR),My pizza,12.0,"Champignons, paprika, ajuin, jalapenos en rundvlees"
MY PIZZA (KOR),My pizza,19.0,"Champignons, paprika, ajuin, jalapenos en rundvlees"
MY PIZZA (KOR),My pizza,7.5,"Champignons, paprika, ajuin, jalapenos en rundvlees"
MY PIZZA (KOR),4 kazen,12.0,"Pizzakaas, gorgonzola, feta en cheddar"
MY PIZZA (KOR),4 kazen,7.5,"Pizzakaas, gorgonzola, feta en cheddar"
MY PIZZA (KOR),4 kazen,18.0,"Pizzakaas, gorgonzola, feta en cheddar"
MY PIZZA (KOR),Bolognaise,12.0,"Pizza kaas, saus, bolognaise en oregano"
MY PIZZA (KOR),Bolognaise,7.5,"Pizza kaas, saus, bolognaise en oregano"
MY PIZZA (KOR),Bolognaise,19.0,"Pizza kaas, saus, bolognaise en oregano"
MY PIZZA (KOR),Margarita,10.0,Pizzakaas en saus
Rob - The gourmet's Market,Pâte à Pizza Bio - 450 g,7.35,"Farine de BLÉ tendre*, eau, farine de BLÉ tendre intégrale*, farine de riz*, huile dolive extra vierge*, levain-chef (farine de BLÉ tendre 0*, levain-chef dépeautre*, levure naturelle en poudre, GLUTEN de froment*, enzymes), sel intégral de Cervia, levure. *production bio. - Contient  Gluten,"
Rob - The gourmet's Market,Mozzarella pour Pizza Bio - 300 g,8.48,"LAIT de vache*, présure, sel. - Contient  Lactose,"
De Brugsche tafel,Pizza Margherita ,12.0,Tomaat - Mozzarella - Basilicum
De Brugsche tafel,Pizza Hawaï,13.0,Tomaat - mozzarella - ananas - champignons
De Brugsche tafel,Pizza van de Chef,14.0,Tomaat - mozzarella - gegrilde seizoensgroenten 
Pizza Fresca Woluwe,Calzone Verde (pizza fermée),13.0,"Tomate, mozzarella, épinards, ricotta et parmesan"
Pizza Fresca Woluwe,Calzone (pizza fermée),14.5,"Tomate, mozzarella, jambon et champignons"
Pizza Fresca Woluwe,Pizza Bresaola,17.5,"Tomate, mozzarella, Bresaola, roquette, parmesan et huile de truffes"
Pizza Fresca Woluwe,Pains Pizza,7.0,Tomates et origan
Pizza Fresca Woluwe,Pizza Maison,16.5,"Tomate, mozzarella, ricotta,  épinards, salami piquant et copeaux de parmesan"
Pizza Fresca Woluwe,Pizza Carpaccio,17.0,"Tomate, mozzarella, carpaccio de bœuf, roquette, parmesan et huile de truffes"
Pizza Fresca Woluwe,Pizza Carpaccio Bianco,16.0,"Mozzarella, carpaccio de bœuf, roquette, parmesan et huile de truffes"
Pizza Fresca Woluwe,Pizza Bresaola  Bianca,16.5,"Mozzarella, Bresaola, roquette, parmesan et huile de truffes"
Pizza Fresca Woluwe,Pizza Rosata,16.0,"Tomate, mozzarella, salami Piquant, taleggio, ricotta et origan"
Pizza Fresca Woluwe,Pizza Calabra,15.0,"Tomate, mozzarella, salami piquant, aubergines, parmesan et origan"
Pizza Fresca Woluwe,Pizza Zingara,14.5,"Tomate, mozzarella, courgettes, aubergines, poivrons et parmesan"
Pizza Fresca Woluwe,Pizza Oriantale,15.5,"Tomate, mozzarella, merguez Artisanal,  tomates cerise, roquette, parmesan et origan"
Pizza Fresca Woluwe,Pizza Burrata Artisanale,19.5,"Parmesan, pignons de pin, champignons, poivrons, oignons rouges, Burrata, roquette, huile de truffes et crème balsamique"
Pizza Fresca Woluwe,Pizza Inverno,18.0,"Parmesan, champignon, oignons	rouges, talegio, lardon, bresaola	 et huile d’olive"
Pizza Fresca Woluwe,Pizza Alla Crema Di Tartufo,19.5,"Tartufo, champignons, scamorza, bresaola, tomates cerises, parmesan et huile dolive"
Foodhall MarkEat,Wit - Vallegre Colheita Doc Douro,19.5,"Portugal - Citroengele kleur. Fruitige smaak gecombineerd met bloemige noten. Intense smaak gevolgd door elegante frisheid. Uitstekend als aperitief, past ook perfect bij salades, vis & zeevruchten, pasta en pizza."
Ristorante Bianconero,Scaloppine alla pizzaiola,25.0,"Kalfslapje met pizzaiolasaus (tomatensaus met look, kappertjes en oregano) en spaghetti met tomatensaus"
Mighty Dogs,Pizza dog,7.5,Met sneetje cheddar kaassaus zachte tomatensaus en pepperoni
Panos Ernest Feysplein,Pizzabaguette Tomaat-Mozzarella,4.6,"Tomaat, mozzarella, oregano, rucola"
Panos Ernest Feysplein,Pizzabaguette Hawai,4.6,"Ham, ananas, mozzarella, oregano"
Panos Ernest Feysplein,Pizzabaguette Salami,4.6,"Salami, verse ui, mozzarella, oregano"
Panos Ernest Feysplein,Pizzabaguette 3 kazen,4.6,"Maredsous, Gorgonzola, mozzarella, oregano"
Carrefour Express Plantin Moretus,Carrefour Zeevruchtencocktail 500 g,6.49,"Deze cocktail van pijlinktvis, mosselen en garnalen is ideaal voor de bereiding van heerlijke gerechten: risotto, pasta, pizza of paella met zeevruchten. Of misschien wil u wat meer pit brengen in uw spaghetti met een lekkere zeevruchtensaus..."
Carrefour Express Plantin Moretus,HERTA Pizzadeeg Dun Rond 260 g,4.25,"Herta® Fijn en Rond Pizzadeeg, de klassieke ronde pizza wordt bereid met echt bakkersgist waardoor deze tijdens het koken zachtjes kan rijzen. Voeg gewoon uw favoriete verse ingrediënten toe aan het deeg voor een smakelijke, dunne en knapperige pizza in slechts enkele minuten! Trakteer uzelf!"
Carrefour Express Plantin Moretus,Carrefour Classic' Pizzadeeg Dun en Rond 260 g,1.35,Carrefour Classic Pizzadeeg Dun en Rond 260 g
Carrefour Express Plantin Moretus,Heinz Tomato frito 350g (tomaten saus),1.11,"Heinz Tomato Frito is op traditionele wijze bereid, door de knoflook en ui 2.5 uur in olie te laten sudderen en daarna te mengen met zongerijpte tomaten voor een onweerstaanbare rijke smaak. Heinz Tomato Frito vormt een heerlijke tomatenbasis voor veel verschillende gerechten zoals in een pasta, lasagne, curry of op een pizzabodem."
Carrefour Express Plantin Moretus,Dr. Oetker Pizza Ristorante Quattro Formaggi 340 g,4.15,Dr. Oetker Pizza Ristorante Quattro Formaggi 340 g
Carrefour Express Plantin Moretus,Carrefour Bio Basilicum in pot,1.15,"Basilicum, of koningskruid, is onmisbaar in alle tomatengerechten. Het past uitstekend bij alle zuiderse gerechten zoals pastas en pizzas. Basilicum is ook erg lekker bij vis-en vleesgerechten en is het belangrijkste ingrediënt in de typische pesto. De blaadjes niet fijnhakken maar scheuren of knippen en pas op het einde van de bereiding toevoegen."
Carrefour Express Plantin Moretus,Bruggeman Bakkersgist 42 g,0.25,"Ideaal voor uw brood, wafels, pizzas..."
Carrefour Express Plantin Moretus,Carrefour Bio Pizza Margherita Gebakken op Houtvuur 310 g,2.59,"Deze pizza is vervaardigd in Italië met ingrediënten afkomstig uit de biologische landbouw. De pizza is gemaakt met een deeg met extra olijfolie van eerste persing (2.5%), overdekt met een tomatensaus en mozzarella, vervolgens gebakken op houtvuur wat een unieke krokante en lekkere smaak geeft."
Carrefour Express Plantin Moretus,Dr. Oetker Casa di Mama Pizza Speciale 415 g,6.75,Dr. Oetker Casa di Mama Pizza Speciale 415 g
Carrefour Express Plantin Moretus,Dr. Oetker Pizza Ristorante Mozzarella 355 g,3.89,Dr. Oetker Pizza Ristorante Mozzarella 355 g
Carrefour Express Plantin Moretus,Come a Casa Pizza Bolognese 350 g,4.09,Come a Casa Pizza Bolognese 350 g
Carrefour Express Plantin Moretus,Dr. Oetker Pizza Ristorante Barbecue 340 g,6.25,Dr. Oetker Pizza Ristorante Barbecue 340 g
Carrefour Express Plantin Moretus,Dr. Oetker Pizza Ristorante Speciale 345 g,3.99,Dr. Oetker Pizza Ristorante Speciale 345 g
Carrefour Express Plantin Moretus,Dr. Oetker Pizza Ristorante Tonno 355 g,4.39,"Dr. Oetker gebruikt alleen Skipjack Tuna (Katsuwonus pelamis), deze diersoort wordt niet met uitsterven bedreigd."
Carrefour Express Plantin Moretus,Dr. Oetker Pizza Ristorante Salame 320 g,4.59,Dr. Oetker Pizza Ristorante Salame 320 g
Carrefour Express Plantin Moretus,Dr. Oetker Pizza Ristorante Prosciutto 340 g,4.59,Dr. Oetker Pizza Ristorante Prosciutto 340 g
Carrefour Express Plantin Moretus,Dr. Oetker Pizza Ristorante Bolognese e Formaggi 375 g,5.15,Dr. Oetker Pizza Ristorante Bolognese e Formaggi 375 g
Carrefour Express Plantin Moretus,Dr. Oetker Pizza Ristorante Hawaii 355 g,3.95,Dr. Oetker Pizza Ristorante Hawaii 355 g
Carrefour Express Plantin Moretus,Dr. Oetker Pizza Ristorante Spinaci 390 g,3.79,Dr. Oetker Pizza Ristorante Spinaci 390 g
Carrefour Express Plantin Moretus,Carrefour Pizza Mozzarella Dunne Bodem 340 g,2.05,"De pizzas met dunne bodem van Carrefour verleiden u met hun krokante bodem. Heerlijk om alleen of met het gezin van te genieten als voor- of hoofdgerecht.
 
Deze pizza Mozzarella is sappig gegarneerd met:
Heerlijke sneetjes mozzarella
Lekkere kerstomaten"
Carrefour Express Plantin Moretus,Dr. Oetker Pizza Ristorante Pollo 355 g,4.59,Dr. Oetker Pizza Ristorante Pollo 355 g
Carrefour Express Plantin Moretus,Carrefour Extra 4 Stagioni 400 g,2.59,"De pizza 4 Stagioni is op steen gebakken. Hierdoor is het deeg krokant aan de buitenkant en mais binnenin. Ideaal als voor- of hoofdgerecht voor een etentje met familie of vrienden.

De pizza 4 Stagioni is een unieke combinatie van: 
Lekkere spinazie
Uienringen
Paprikas om het geheel pittiger te maken
In fijne plakjes gesneden Parijse champignons."
Carrefour Express Plantin Moretus,Dr. Oetker Pizza Ristorante Funghi 365 g,4.69,Dr. Oetker Pizza Ristorante Funghi 365 g
Pizza Hut,Duo menu,19.9,4 lookbroodjes of 4 chicken wings (normal) + 1 medium pizza naar keuze + 2 frisdranken 33cl
Pizza Hut,Quattro menu,32.9,"1 Cheezy Bread of 8 lookbroodjes of 8 chicken wings + 2 medium pizzas naar keuze + 1,5L Pepsi/Pepsi Max/7up"
Pizza Hut,Pepper Pizza,18.0,"Dubbele portie rundvlees, tomatenblokjes, rode ui, pepersaus, tomatensaus, mozzarella

"
Pizza Hut,Falafel pizza,19.5,"Falafelballetjes, basilicumdressing, tomatenblokjes, peterselie, tomatensaus, violife vegan kaas"
Pizza Hut,Falafel pizza,24.5,"Falafelballetjes, basilicumdressing, tomatenblokjes, peterselie, tomatensaus, violife vegan kaas"
Pizza Hut,Pepper Pizza,18.0,
Pizza Hut,"Yes, I want chessy crust with my large pizza please",6.6,
Chez Kloe,Escalope pizzaiola,17.0,
Panos Station,Pizzabaguette Tomaat-Mozzarella,4.5,"Tomaat, mozzarella, oregano, rucola"
Panos Station,Pizzabaguette Hawai,4.5,"Ham, ananas, mozzarella, oregano"
Panos Station,Pizzabaguette Salami,4.5,"Salami, verse ui, mozzarella, oregano"
Panos Station,Pizzabaguette 3 kazen,4.5,"Maredsous, Gorgonzola, mozzarella, oregano"
Otomat Brugge,Pizza Nutella,9.5,"Small pizza with Nutella, topped with strawberries and hazelnuts"
Otomat Brugge,Triple Chocolate Pizza,12.5,"Three different types of chocolate, crispy roasted nuts, softly burnt marshmallow. Lime powder from Mexico and basil."
Otomat Brugge,Bianca Pizzafiore,12.0,"Sour cream, Fior di Latte Mozzarella, thyme & caramelized red onion."
Pizza Hut Strombeek-Bever,Duo Menu,19.9,4 pains à lail ou 4 chicken wings (normal) + 1 pizza médium au choix + 2 boissons fraîches 33cl
Pizza Hut Strombeek-Bever,Quattro Menu,32.9,"1 Cheezy Bread ou 8 pains à lail ou 8 chicken wings + 2 pizzas médium au choix + 1,5L Pepsi/Pepsi Max/7up
 "
Pizza Hut Strombeek-Bever,The BOX,27.0,"1 Pizza Large Pan (ou Medium Classic ou Cheezy Crust (+1,80€)) + American Potatoes + 8 Chicken Croqs + 2 Pains à lail + 4 Chicken Wings "
Pizza Hut Strombeek-Bever,Pepper Pizza,18.0,"Viande de boeuf (double portion), tomates en dés, oignons rouges, sauce au poivre, sauce tomate, mozzarella



"
Pizza Hut Strombeek-Bever,Falafel pizza,19.5,"Boulettes de falafel, coulis de basilic, tomates en dés, persil, sauce tomate, fromage vegan Violife"
Pizza Hut Strombeek-Bever,"Yes, I want cheesy crust with my large pizza please",6.4,
Pizza Hut Strombeek-Bever,Pepper Pizza,18.0,
Maan dagwinkel,Lays pizza hut,2.8,
Carrefour Express Merksem,Carrefour Classic' Pizzadeeg Dun en Rond 260 g,1.35,Carrefour Classic Pizzadeeg Dun en Rond 260 g
Carrefour Express Merksem,Dr. Oetker Pizza Ristorante Quattro Formaggi 340 g,4.15,Dr. Oetker Pizza Ristorante Quattro Formaggi 340 g
Carrefour Express Merksem,Bruggeman Bakkersgist 42 g,0.25,"Ideaal voor uw brood, wafels, pizzas..."
Carrefour Express Merksem,Carrefour Bio Basilicum in pot,1.15,"Basilicum, of koningskruid, is onmisbaar in alle tomatengerechten. Het past uitstekend bij alle zuiderse gerechten zoals pastas en pizzas. Basilicum is ook erg lekker bij vis-en vleesgerechten en is het belangrijkste ingrediënt in de typische pesto. De blaadjes niet fijnhakken maar scheuren of knippen en pas op het einde van de bereiding toevoegen."
Carrefour Express Merksem,Carrefour Bio Pizza Margherita Gebakken op Houtvuur 310 g,2.59,"Deze pizza is vervaardigd in Italië met ingrediënten afkomstig uit de biologische landbouw. De pizza is gemaakt met een deeg met extra olijfolie van eerste persing (2.5%), overdekt met een tomatensaus en mozzarella, vervolgens gebakken op houtvuur wat een unieke krokante en lekkere smaak geeft."
Carrefour Express Merksem,Dr. Oetker Casa di Mama Pizza Speciale 415 g,6.75,Dr. Oetker Casa di Mama Pizza Speciale 415 g
Carrefour Express Merksem,Dr. Oetker Pizza Ristorante Mozzarella 355 g,3.89,Dr. Oetker Pizza Ristorante Mozzarella 355 g
Carrefour Express Merksem,Dr. Oetker Pizza Ristorante Barbecue 340 g,6.25,Dr. Oetker Pizza Ristorante Barbecue 340 g
Carrefour Express Merksem,Dr. Oetker Pizza Ristorante Speciale 345 g,3.99,Dr. Oetker Pizza Ristorante Speciale 345 g
Carrefour Express Merksem,Dr. Oetker Pizza Ristorante Tonno 355 g,4.39,"Dr. Oetker gebruikt alleen Skipjack Tuna (Katsuwonus pelamis), deze diersoort wordt niet met uitsterven bedreigd."
Carrefour Express Merksem,Dr. Oetker Pizza Ristorante Salame 320 g,4.59,Dr. Oetker Pizza Ristorante Salame 320 g
Carrefour Express Merksem,Dr. Oetker Pizza Ristorante Bolognese e Formaggi 375 g,5.15,Dr. Oetker Pizza Ristorante Bolognese e Formaggi 375 g
Carrefour Express Merksem,Dr. Oetker La Margherita Classica 265 g,4.25,"Top je pizza heerlijk af met:
ham
parmezaan
rucola"
Carrefour Express Merksem,Dr. Oetker Pizza Ristorante Hawaii 355 g,3.95,Dr. Oetker Pizza Ristorante Hawaii 355 g
Carrefour Express Merksem,Dr. Oetker Pizza Ristorante Spinaci 390 g,3.79,Dr. Oetker Pizza Ristorante Spinaci 390 g
Carrefour Express Merksem,Dr. Oetker Pizza Ristorante Pollo 355 g,4.59,Dr. Oetker Pizza Ristorante Pollo 355 g
Carrefour Express Merksem,Dr. Oetker Pizza Ristorante Funghi 365 g,4.69,Dr. Oetker Pizza Ristorante Funghi 365 g
Mini Market Jette,DR. OETKER PIZZA  RISTORANTE FUNGHI,5.25,
Mini Market Jette,DR. OETKER PIZZA RISTORANTE TONNO,5.25,
Mini Market Jette,DR. OETKER PIZZA RISTORANTE VEGETALE,5.25,
Mini Market Jette,MEKKAFOOD DONER PIZZA,5.25,
Mini Market Jette,MEKKAFOOD 3 TURKISH PIZZA,5.25,
Mini Market Jette,DR. OETKER RISTORANTE PIZZA BARBECUE,5.5,
Mini Market Jette,DR. OETKER PIZZA CASA DI MAMA MOZARELLA POMODORI,6.25,
Mini Market Jette,DR. OETKER PIZZA CASA DI MAMA QUATTRO FORMAGGI,6.25,
Mini Market Jette,DR. OETKER PIZZA RISTORANTE VEGETALE PICCANTE,5.25,
Mini Market Jette,DR. OETKER PIZZA RISTORANTE QUATTRO FORMAGGI,5.5,
Mini Market Jette,DR. OETKER PIZZA RISTORANTE SALAME MOZZARELLA PESTO,5.5,
Mini Market Jette,DR. OETKER PIZZA CASA DI MAMA PROSCIUTTO FUNGHI,6.5,
Mini Market Jette,DR.OETKER PIZZA RISTORANTE BOLOGNESE E FORMAGGI,5.5,
Mini Market Jette,DR. OETKER PIZZA RISTORANTE PROSCIUTTO,5.5,
Mini Market Jette,DR. OETKER PIZZA RISTORANTE HAWAI,5.5,
Tropicos,Pizza Mexicana,19.0,"Grote gegrilde tarwetortilla met kaas, ui, jalapenopepers, tomaat, guacamole en zure room"
Restaurant Tropicos,Mexican Pizza,12.9,
La Pappardella ,Pizza La Pappardella,26.0,
La Pappardella ,Pizza Met Zeevruchten,23.5,
La Pappardella ,Pizza Margheritta,11.5,
La Pappardella ,Pizza Met Pepperoni,15.8,
La Pappardella ,"Pizza Gorgonzola,Melanzone",17.0,
La Pappardella ,Pizza Napolitana,16.0,
La Pappardella ,Pizza Tonijn En Rode Ui,18.5,
La Pappardella ,Pizza Vegetarische,18.5,
La Pappardella ,Pizza Met 4 Kazen,20.0,
La Pappardella ,Pizza Met Porcini Paddestoelen,22.0,
La Pappardella ,Pizza 4 Seizoens,21.5,
La Pappardella ,Pizza Primavera,22.5,
La Pappardella ,Pizza Met Ham En Champignons,22.5,
La Pappardella ,Pizza Met Spinzie En Ei,18.0,
Gks express,DR. OETKER PIZZA  RISTORANTE FUNGHI,5.25,
Gks express,DR. OETKER PIZZA RISTORANTE TONNO,5.25,
Gks express,DR. OETKER PIZZA RISTORANTE VEGETALE,5.25,
Gks express,MEKKAFOOD DONER PIZZA,5.25,
Gks express,MEKKAFOOD 3 TURKISH PIZZA,5.25,
Gks express,DR. OETKER RISTORANTE PIZZA BARBECUE,5.5,
Gks express,DR. OETKER PIZZA CASA DI MAMA MOZARELLA POMODORI,6.25,
Gks express,DR. OETKER PIZZA CASA DI MAMA QUATTRO FORMAGGI,6.25,
Gks express,DR. OETKER PIZZA RISTORANTE VEGETALE PICCANTE,5.25,
Gks express,DR. OETKER PIZZA RISTORANTE QUATTRO FORMAGGI,5.5,
Gks express,DR. OETKER PIZZA RISTORANTE SALAME MOZZARELLA PESTO,5.5,
Gks express,DR. OETKER PIZZA CASA DI MAMA PROSCIUTTO FUNGHI,6.5,
Gks express,DR.OETKER PIZZA RISTORANTE BOLOGNESE E FORMAGGI,5.5,
Gks express,DR. OETKER PIZZA RISTORANTE PROSCIUTTO,5.5,
Gks express,DR. OETKER PIZZA RISTORANTE HAWAI,5.5,
Picobello,Pizza margherita,9.0,
Picobello,Pizza funghi,9.5,Met champignons
Picobello,Pizza prosciutto,9.5,Hesp
Picobello,Pizza bolognese,9.5,
Picobello,Pizza hawai,10.0,"Hesp, ananas"
Picobello,Pizza formaggi,10.0,4 kazen
Picobello,Pizza napoletana,10.0,"Olijven, ansjovis, capers"
Picobello,Pizza tonno,10.5,"Tonijn, ajuin"
Picobello,Pizza scampi,12.5,Scampis en look
Picobello,Pizza frutti di mare,11.0,Zeevruchten
Picobello,Pizza 4 stagioni,11.0,"Hesp, artisjokken, ansjovis, olijven, champignons"
Picobello,Pizza al salmone,11.0,"Zalm, ajuin"
Picobello,Pizza capricciosa,10.5,"Hesp, champignons, artisjokken, paprika"
Picobello,Pizza vegetariana,10.0,Verse groenten
Picobello,Pizza prosciutto di parma,12.0,
Picobello,Pizza picobello,12.5,"Hesp, salami, champignons, gorgonzola, olijven, paprika"
Picobello,Pizza gorgonzola,10.0,
Picobello,Pizza Calzone chiuso,10.0,"Hesp, salami, champignons"
Picobello,Pizza Diavolo,9.5,"Pikante salami, olijven"
Picobello,Pizza Mafia,10.5,"Salami, ajuin, look, paprika"
Picobello,Pizza sofia loren,10.0,"hesp, champignons, olijven, ei"
Pinocchio Bruxelles,Calzone ,11.0,"Tomate, mozzarella, jambon, champignons, pizza couverte"
Pizza Hut Sint Truiden,Duo menu,19.9,4 lookbroodjes of 4 chicken wings (normal) + 1 medium pizza naar keuze + 2 frisdranken 33cl
Pizza Hut Sint Truiden,Quattro menu,32.9,"1 Cheezy Bread of 8 lookbroodjes of 8 chicken wings + 2 medium pizzas naar keuze + 1,5L Pepsi/Pepsi Max/7up"
Pizza Hut Sint Truiden,The BOX,27.0,"1 Pizza Pan Large (of Medium Classic of Cheezy Crust (+1,80€)) + American Potatoes + 8 Chicken Croqs + 2 lookbroodjes + 4 Chicken Wings "
Pizza Hut Sint Truiden,Pepper Pizza,18.0,"Dubbele portie rundvlees, tomatenblokjes, rode ui, pepersaus, tomatensaus, mozzarella

"
Pizza Hut Sint Truiden,Falafel pizza,19.5,"Falafelballetjes, basilicumdressing, tomatenblokjes, peterselie, tomatensaus, violife vegan kaas"
Pizza Hut Sint Truiden,Falafel pizza,24.5,"Falafelballetjes, basilicumdressing, tomatenblokjes, peterselie, tomatensaus, violife vegan kaas"
Pizza Hut Sint Truiden,Pepper Pizza,18.0,
Pizza Hut Sint Truiden,"Yes, I want chessy crust with my large pizza please",6.6,
SMOSWAY,Turkse pizza,3.5,
"La Trattoria, Premium Pizza & wine",Hummus Royale Pizza,20.9,"Hummus topping, mozzarella, pancetta italian bacon peppers, olives, oregano."
"La Trattoria, Premium Pizza & wine",Hummus Royale Pizza,17.9,"Hummus topping, mozzarella, pancetta italian bacon, peppers, olives, oregano."
"La Trattoria, Premium Pizza & wine",Del Pizzaiolo,14.9,"Tomato topping, mozzarella, ham, fresh mushrooms, peppers, red onions, oregano."
"La Trattoria, Premium Pizza & wine",Del Pizzaiolo,17.9,"Tomato topping, mozzarella, ham, fresh mushrooms, peppers, red onions, oregano."
Carrefour Express Overpoort,Dr. Oetker Pizza Ristorante Quattro Formaggi 340 g,4.15,Dr. Oetker Pizza Ristorante Quattro Formaggi 340 g
Carrefour Express Overpoort,Dr. Oetker Casa di Mama Pizza Speciale 415 g,6.75,Dr. Oetker Casa di Mama Pizza Speciale 415 g
Carrefour Express Overpoort,Dr. Oetker Pizza Ristorante Barbecue 340 g,6.25,Dr. Oetker Pizza Ristorante Barbecue 340 g
Carrefour Express Overpoort,Dr. Oetker Pizza Ristorante Tonno 355 g,4.39,"Dr. Oetker gebruikt alleen Skipjack Tuna (Katsuwonus pelamis), deze diersoort wordt niet met uitsterven bedreigd."
Carrefour Express Overpoort,Dr. Oetker Pizza Ristorante Bolognese e Formaggi 375 g,5.15,Dr. Oetker Pizza Ristorante Bolognese e Formaggi 375 g
Carrefour Express Overpoort,Dr. Oetker La Margherita Classica 265 g,4.25,"Top je pizza heerlijk af met:
ham
parmezaan
rucola"
Carrefour Express Overpoort,Dr. Oetker Pizza Ristorante Hawaii 355 g,3.95,Dr. Oetker Pizza Ristorante Hawaii 355 g
Carrefour Express Overpoort,Dr. Oetker Pizza Ristorante Spinaci 390 g,3.79,Dr. Oetker Pizza Ristorante Spinaci 390 g
Carrefour Express Overpoort,Dr. Oetker Pizza Ristorante Pollo 355 g,4.59,Dr. Oetker Pizza Ristorante Pollo 355 g
Carrefour Express Overpoort,Carrefour Extra 4 Stagioni 400 g,2.59,"De pizza 4 Stagioni is op steen gebakken. Hierdoor is het deeg krokant aan de buitenkant en mais binnenin. Ideaal als voor- of hoofdgerecht voor een etentje met familie of vrienden.

De pizza 4 Stagioni is een unieke combinatie van: 
Lekkere spinazie
Uienringen
Paprikas om het geheel pittiger te maken
In fijne plakjes gesneden Parijse champignons."
Carrefour Express Overpoort,Dr. Oetker Pizza Ristorante Funghi 365 g,4.69,Dr. Oetker Pizza Ristorante Funghi 365 g
Kebab@home,American king pita ,19.5,"Pita vlees, alle groenten, emmental kaas, friet, 1 gratis saus naar keuze. Geserveerd in een pizza doos."
Kebab@home,American king kip ,19.5,"Kip, alle groenten, emmental kaas, friet, 1 gratis saus naar keuze.Geserveerd in een pizza doos."
Kebab@home,American king mix,19.5,"Kip en pita vlees, alle groenten, emmental kaas, friet, 1 gratis saus naar keuze.Geserveerd in een pizza doos."
Lezziz,Turkse pizza,5.0,"Met mozzarella kaas,groenten,saus,soort vlees naar keuze."
Lezziz,Pizza Zee vruchten,11.9,Pizza Zee vruchten
Lezziz,Turkse-pizza Royal,5.5,Turkse-pizza Royal
Lezziz,Pizza Scampi,11.9,Pizza Scampi
De Superette,Pizza Margherita,19.0,Tomatensaus - basilicum - mozzarella
De Superette,Pizza Flammekeuche,19.5,Spek - zure room - ui
De Superette,Pizza Marinara,18.0,Tomatensaus | oregano | basilicum
De Superette,Pizza ‘Nduja,20.5,Smeerbare calabrese worst | mozzarella | tomaat
De Superette,Pizza van de Dag!,20.0,
De Superette,Pizza Kimchi,18.0,
La salina,Pizza Nutella,6.0,
La salina,Pizza Luna,0.0,
Panos Anselmo,Pizzabaguette Tomaat-Mozzarella,4.5,"Tomaat, mozzarella, oregano, rucola"
Panos Anselmo,Pizzabaguette Hawai,4.5,"Ham, ananas, mozzarella, oregano"
Panos Anselmo,Pizzabaguette Salami,4.5,"Salami, verse ui, mozzarella, oregano"
Panos Anselmo,Pizzabaguette 3 kazen,4.5,"Maredsous, Gorgonzola, mozzarella, oregano"
shirin restaurant,Pizza kebab,10.0,Tomaat saus mozzarella paprika kebab
shirin restaurant,Pizza shoarma,10.0,Tomaat saus mozzarella paprika shoarma vlees
shirin restaurant,Pizza kip,10.0,Tomaat saus mozzarella paprika kip vlees
shirin restaurant,Pizza tonijn,10.0,Tomaat saus mozzarella paprika champignons uien vis tonijn
shirin restaurant,Pizza fungi,10.0,Tomaat saus mozzarella champignons
shirin restaurant,Pizza margriet,8.0,Tomaat saus mozzarella
Verona | Antwerp,Vlees op de pizza,0.0,
Verona | Antwerp,Pizza Polo Hawai,0.0,
Verona | Antwerp,Pizza Hawai,0.0,
Verona | Antwerp,pizza Boromeo,0.0,
Verona | Antwerp,Pizza Prociutto,0.0,
Verona | Antwerp,Pizza Vegetariana,0.0,
Verona | Antwerp,Pizza fruti di mare,19.2,Verschillende soorten vis en schelpdieren
Verona | Antwerp,Pizzailoa,18.8,"Tomaten saus, mozzarella, gerookte zalm, gorgonzola en look / Tomato sauce, mozzarella, smoked salmon, gorgonzola and garlic"
Verona | Antwerp,Bambino,8.0,Kinderpizza met Tomaten saus en ham of salami / Childrenpizza with tomata sauce and ham or salami
Pizza Santa,Margherita Pizza,7.5,"Tomatensaus, mozzarella, champignons, spek, paprika, ham, olijven, ajuin, parmezaan"
Pizza Santa,Prosciutto Pizza,8.5,"Tomatensaus, mozzarella, ham, parmezaan, oregano"
Pizza Santa,Prosciutto e Funghi Pizza,9.0,"Tomatensaus, mozzarella, champginon, ham, parmezaan, oregano"
Pizza Santa,Napoletana Pizza,9.5,"Tomatensaus, mozzarella, look, ansjovis, paprika, ajuin, olijven, parmezaan, oregano"
Pizza Santa,Bolognese Pizza,9.5,"Huisgemaakt bolognesesaus, mozzarella, paprika, parmezaan"
Pizza Santa,Hawaï Pizza,9.5,
Pizza Santa,Savoyarde Pizza,9.5,"Tomatensaus, mozzarella, spek, room, emmentaler, ajuin, parmezaan, oregano"
Pizza Santa,Pepperoni Pizza,9.5,"Tomatensaus, mozzarella, champignon, paprika, pikante salami, parmezaan, oregano"
Pizza Santa,Quatro Stagioni Pizza,10.5,"Tomatensaus, mozzarella, champignon, ham, paprika, olijven, artisjok, parmezaan, oregano"
Pizza Santa,Barbecue Pizza,10.5,"Tomato sauce, mozzarella, pulled pork, smoked barbecue sauce, sour cream, parmesan, oregano"
Pizza Santa,Chicken Barbecue Pizza,10.5,"Tomatensaus, mozzarella, kip, ananas, ajiuin, paprika, barbecuesaus, parmezaan"
Pizza Santa,Brasil Pizza,10.5,"Tomatensaus, mozzarella, ei, look, emmentaler, room, ham, ajuin, olijven, parmezaan, oregano"
Pizza Santa,Volante Pizza,10.5,"Tomatensaus, mozzarella, champignons, spek, paprika, ham, olijven, ajuin, parmezaan"
Pizza Santa,Frutti Di Mare Pizza,11.5,"omatensaus, mozzarella, look, zeevruchten, calamares, scampi, mosselen, parmezaan"
Pizza Santa,Salmone Pizza,10.5,"Tomatensaus, mozzarella, look, huisgerookte verse zalm, zure room, rucola, parmezaan"
Pizza Santa,Barbera Pizza,10.5,"Tomatensaus, mozzarella, mascarpone, pijnboompitten, parmaham, rucola, parmezaanschilfers"
Pizza Santa,Scamorza E Funghi Pizza,11.5,"Crema di funghi met gerookte mozzarella, champignons, verse basilicum, gerookte zout en afgewerkt met truffelolie en Breydelham"
Pizza Santa,Quatro Fromaggi Pizza,9.5,"Tomatensaus, mozzarella, taleggio, gorgonzola, emmentaler, parmezaan, oregano"
Pizza Santa,Tia Loca Pizza,9.5,
Pizza Santa,Genovese Pizza,10.5,"Groene pesto, ricotta, zwarte olijven, kerstomaten, pijnboompitjes, rucola, parmezaanschilfers, truffelolie"
Pizza Santa,Capra Pizza,9.5,"Tomatensaus, mozzarella, bio geitenkaas, appel, tijm, honing, parmezaan"
Pizza Santa,Croccante Pizza,9.5,"Tomatensaus, mozzarella, gorgonzola, peer, geroosterde hazelnoten, honing, rucola, parmezaan"
Pizza Santa,Vegan Pepperoni Pizza,11.5,"Tomatensaus, mozzarella, gorgonzola, peer, geroosterde hazelnoten, honing, rucola, parmezaan"
Pizza Santa,Vegan Chicken BBQ Pizza,11.5,"Tomatensaus, vegan kaas, vegan kip, ananas, ajiuin, paprika, barbecuesaus"
Casa Mia Antwerpen,Pizza Margherita,9.95,"Tomatensaus, mozzarella"
Casa Mia Antwerpen,Pizza,9.95,
Casa Mia Antwerpen,Pizza Salami,11.95,"Tomatensaus, mozzarella, salami"
Casa Mia Antwerpen,Pizza Vegetale,12.95,"Tomatensaus, mozzarella, verse groenten"
Casa Mia Antwerpen,Pizza Picante,13.95,"Tomatensaus, mozzarella, gorgonzola, spinazie, ei , jalapenos"
Casa Mia Antwerpen,Pizza Casa Mia,16.95,"Tomatensaus, mozzarella, zalm, krab, rucola"
Casa Mia Antwerpen,Pizza Parma,14.95,"Tomatensaus, mozzarella, rucola, Parmezaanse kaas, Parmaham"
Casa Mia Antwerpen,Pizza Hawai,11.95,"Tomatensaus, mozzarella, ham, ananas"
Casa Mia Antwerpen,Pizza Italia,14.5,"Tomatensaus, mozzarella, ham, tonijn, uien, peperoni"
Casa Mia Antwerpen,Pizza Capricciosa,13.95,"Tomatensaus, mozzarella, ham, champignos, artisjok"
Casa Mia Antwerpen,Pizza Speziale,15.95,"Tomatensaus, mozzarella, salami, ham, olijven, ei,
paprika, champignons"
Casa Mia Antwerpen,Pizza Frutti di mare,14.95,"Tomatensaus, mozzarella, tonijn , zeevruchten"
Mio Pasta Antwerpen,Pizza Margherita,13.9,
Mio Pasta Antwerpen,Pizza Veggie,13.9,
Mio Pasta Antwerpen,Pizza 4 Cheese,13.9,
Mio Pasta Antwerpen,Pizza Hawaii,13.9,
Mio Pasta Antwerpen,Pizza Pepperoni,13.9,
Mio Pasta Antwerpen,Pizza BBQ Chicken,13.9,
Mio Pasta Antwerpen,x2 Pizza margherita,27.8,
Mio Pasta Antwerpen,x2 Pizza veggie,27.8,
Mio Pasta Antwerpen,x2 Pizza 4 cheese,27.8,
Mio Pasta Antwerpen,x 2 Pizza hawaii,27.8,
Mio Pasta Antwerpen,x2 Pizza pepperoni,27.8,
Mio Pasta Antwerpen,Pizza BBQ chicken,27.8,
NAZ Donner Kebab,Turkse pizza,4.6,
NAZ Donner Kebab,Turkse pizza met feta,5.6,
NAZ Donner Kebab,Turkse pizza met kebab,8.5,
NAZ Donner Kebab,Turkse pizza met kip,8.5,
Panos City Wijnegem (Shoppping Center),Pizzabaguette Tomaat-Mozzarella,4.6,"Tomaat, mozzarella, oregano, rucola"
Panos City Wijnegem (Shoppping Center),Pizzabaguette Hawai,4.6,"Ham, ananas, mozzarella, oregano"
Panos City Wijnegem (Shoppping Center),Pizzabaguette Salami,4.6,"Salami, verse ui, mozzarella, oregano"
Panos City Wijnegem (Shoppping Center),Pizzabaguette 3 kazen,4.6,"Maredsous, Gorgonzola, mozzarella, oregano"
Pizzeria Rosticceria da Valentina,Calzone,14.0,"Pizza fermée, tomates, mozzarella, champignons, jambon et origan"
Pizzeria Rosticceria da Valentina,Pizza Scampis,18.5,"Tomates, mozzarella, scampi, ail et origan"
Pizzeria Rosticceria da Valentina,Pizza Monte Bianco,16.0,"Mozzarella, lardon, fromage de chèvre, crème et origan"
Pizzeria Rosticceria da Valentina,Pizza Carbonara,16.0,"Mozzarella, lardons, œufs, crème et origan"
Panos Berchem,Pizzabaguette Tomaat-Mozzarella,4.5,"Tomaat, mozzarella, oregano, rucola"
Panos Berchem,Pizzabaguette Hawai,4.5,"Ham, ananas, mozzarella, oregano"
Panos Berchem,Pizzabaguette Salami,4.5,"Salami, verse ui, mozzarella, oregano"
Matterhorn,Pizza Margharita,9.0,
Da Giovanni Eilandje,Pizza Capricciosa,14.8,
Da Giovanni Eilandje,Pizza Calzone,15.9,
Da Giovanni Eilandje,Pizza Quattro Stagioni,15.5,
Da Giovanni Eilandje,Scaloppa Pizzaiola,23.3,
Da Giovanni Eilandje,Pizza Solo Mio,14.2,
Da Giovanni Eilandje,Pizza Primavera,14.2,
Da Giovanni Eilandje,Pizza Romana,14.3,
Da Giovanni Eilandje,Pizza Frutti di Mare,16.2,
Da Giovanni Eilandje,Pizza Salsiccia,14.2,
Da Giovanni Eilandje,Pizza Scampi,16.9,
Da Giovanni Eilandje,Pizza Napoletana,13.8,
Da Giovanni Eilandje,Pizza Aosta,15.0,
Da Giovanni Eilandje,Pizza Prosciutto,13.9,
Da Giovanni Eilandje,Pizza Cipolla,11.7,
Da Giovanni Eilandje,Pizza Bolognese,13.9,
Da Giovanni Eilandje,Pizza Gorgonzola,14.8,
Da Giovanni Eilandje,Pizza Scamorza Affumicata,15.9,
Da Giovanni Eilandje,Pizza Margherita,11.0,
Da Giovanni Eilandje,Pizza Hawaii,13.9,
Da Giovanni Eilandje,Pizza Ortolana,13.9,
Da Giovanni Eilandje,Pizza Salame,13.2,
Da Giovanni Eilandje,Pizza Funghi,13.9,
Da Giovanni Eilandje,Pizza Quattro Fromaggi,16.8,
Da Giovanni Eilandje,Pizza Tropicana,14.0,
Bella Italia,Pizza Alaska,17.0,Zalm- Knoflook- Brocauli
Bella Italia,Pizza Kip,16.0,Kipborst- Paprika
Bella Italia,Pizza Tonno,15.0,Tonijn- Ajuin
Pizza Hut SPL,Duo menu,19.9,4 lookbroodjes of 4 chicken wings (normal) + 1 medium pizza naar keuze + 2 frisdranken 33cl
Pizza Hut SPL,Quattro menu,32.9,"1 Cheezy Bread of 8 lookbroodjes of 8 chicken wings + 2 medium pizzas naar keuze + 1,5L Pepsi/Pepsi Max/7up"
Pizza Hut SPL,The BOX,27.0,"1 Pizza Pan Large (of Medium Classic of Cheezy Crust (+1,80€)) + American Potatoes + 8 Chicken Croqs + 2 lookbroodjes + 4 Chicken Wings "
Pizza Hut SPL,Pepper Pizza,18.0,"Dubbele portie rundvlees, tomatenblokjes, rode ui, pepersaus, tomatensaus, mozzarella

"
Pizza Hut SPL,Falafel pizza,19.5,"Falafelballetjes, basilicumdressing, tomatenblokjes, peterselie, tomatensaus, violife vegan kaas"
Pizza Hut SPL,Falafel pizza,24.5,"Falafelballetjes, basilicumdressing, tomatenblokjes, peterselie, tomatensaus, violife vegan kaas"
Pizza Hut SPL,Pepper Pizza,18.0,
Pizza Hut SPL,"Yes, I want chessy crust with my large pizza please",6.6,
Donatello,Pizza Margueritta,12.0,"Tomaten, kaas"
Donatello,Pizza Guaglione,13.5,"Tomaten, kaas en hesp"
Donatello,Escalope Pizzaiola,22.0,Gapaneerd kalfslapje met pikante tomatensaus en look
Donatello,Filetto Di Sogliola Pizzaiola,22.0,Tongfilet in pikante saus
Donatello,Pizzaiola - Pikante tomatensaus met look,0.0,
Donatello,Pizza Cippola,13.5,"Tomaten, kaas, ajuin"
Donatello,Pizza Boscaiola,14.5,"Tomaten, kaas, champignons, hesp"
Donatello,Pizza Romana,14.5,"Tomaten, kaas, ansjovis, olijven"
Donatello,Pizza Siciliana,14.5,"Tomaten, kaas, ansjovis, kappertjes"
Donatello,Pizza Quattro Stagioni,17.0,"Tomaten, kaas, champignons, hesp, spinazie, artisjokken, ei en olijven"
Donatello,Pizza Al Tonno,17.0,"Tomaten, kaas, tonijn, ajuin"
Donatello,Pizza Campagnola (1),14.5,"Tomaten, kaas, hesp, gorgonzola"
Donatello,Pizza Marco Polo,17.0,"Tomaten, kaas, garnalen, krab, zalm, ajuin"
Donatello,Pizza Salamini,14.5,"Tomaten, kaas, pikante salami"
Donatello,Pizza “Donatello”,17.0,"Tomaten, kaas, hesp, champignons, spinazie, ananas"
Donatello,Pizza Vegetarienne,17.0,"Tomaten, kaas, groenten"
Donatello,Pizza Fiorentina,14.5,"Tomaten, kaas, spinazie, ananas"
Donatello,Pizza Campagnola (2),14.5,"Tomaten, kaas, tonijn, spinazie, champignons"
Donatello,Pizza Irlandese,18.0,"Tomaten, kaas, gerookte zalm, ajuin"
Donatello,Pizza Calzone,17.0,"Tomaten, kaas, hesp, spinazie, champignon en ei"
Donatello,Pizza Etna,15.0,"Tomaten, mozzarella, kappertjes, ajuin, paprika, salami"
Donatello,Pizza Sole Mio,14.5,"Tomaten, kaas, hesp, champignons en ei"
Donatello,Pizza Bolognese,14.5,"Bolognese, saus, kaas"
Donatello,Pizza Mimosa,14.5,"Tomaten, kaas, champignons, mascarpone"
Donatello,Pizza Quattro Formaggi,15.0,"Tomaten, 4 soorten kaas"
Donatello,Pizza Pescatore,18.0,"Tomaten, kaas, inktvis, venusschelpjes, garnalen"
Donatello,Pizza San Daniele,18.0,"Tomaten, kaas, Parmahesp, verse tomaten"
Donatello,Pizza Capricciosa,14.5,"Tomaten, kaas, hesp, champignons, artisjokken, kappertjes"
Donatello,Pizza Hawaï,14.5,"Tomaten, kaas, ananas, hesp, perziken"
Donatello,Pizza Cefalu,17.0,"Bolognese, aubergines, parmesan"
Donatello,Pizza Mondello,17.0,"Olijven, tonijn, pepers, uien, kappertjes, ajuin"
Donatello,Pizza Alexandre,17.0,"Tomaten, kaas, parmahesp, marscarpone"
Donatello,Pizza Stromboli,14.5,"Tomaten, kaas, salami, ei en ajuin"
Donatello,Pizza Chef,17.0,Op wijze van de chef
Carrefour Express Parkwijk,Dr. Oetker Pizza Ristorante Quattro Formaggi 340 g,4.15,Dr. Oetker Pizza Ristorante Quattro Formaggi 340 g
Carrefour Express Parkwijk,Carrefour Classic' Pizzadeeg Dun en Rond 260 g,1.35,Carrefour Classic Pizzadeeg Dun en Rond 260 g
Carrefour Express Parkwijk,Bruggeman Bakkersgist 42 g,0.25,"Ideaal voor uw brood, wafels, pizzas..."
Carrefour Express Parkwijk,Carrefour Bio Pizza Margherita Gebakken op Houtvuur 310 g,2.59,"Deze pizza is vervaardigd in Italië met ingrediënten afkomstig uit de biologische landbouw. De pizza is gemaakt met een deeg met extra olijfolie van eerste persing (2.5%), overdekt met een tomatensaus en mozzarella, vervolgens gebakken op houtvuur wat een unieke krokante en lekkere smaak geeft."
Carrefour Express Parkwijk,Dr. Oetker Casa di Mama Pizza Speciale 415 g,6.75,Dr. Oetker Casa di Mama Pizza Speciale 415 g
Carrefour Express Parkwijk,Dr. Oetker Pizza Ristorante Mozzarella 355 g,3.89,Dr. Oetker Pizza Ristorante Mozzarella 355 g
Carrefour Express Parkwijk,Dr. Oetker Pizza Ristorante Barbecue 340 g,6.25,Dr. Oetker Pizza Ristorante Barbecue 340 g
Carrefour Express Parkwijk,Dr. Oetker Pizza Ristorante Mozzarella Gluten Free 370 g,8.19,"Lactose free*
*Lactosegehalte < 0.01 g / 100 g"
Carrefour Express Parkwijk,Dr. Oetker Pizza Ristorante Speciale 345 g,3.99,Dr. Oetker Pizza Ristorante Speciale 345 g
Carrefour Express Parkwijk,Dr. Oetker Pizza Ristorante Tonno 355 g,4.39,"Dr. Oetker gebruikt alleen Skipjack Tuna (Katsuwonus pelamis), deze diersoort wordt niet met uitsterven bedreigd."
Carrefour Express Parkwijk,2 Pizza's Kazen op Steen Gebakken 2 x 350 g,3.25,2 Pizzas Kazen op Steen Gebakken 2 x 350 g
Carrefour Express Parkwijk,Dr. Oetker Pizza Ristorante Salame 320 g,4.59,Dr. Oetker Pizza Ristorante Salame 320 g
Carrefour Express Parkwijk,Dr. Oetker Pizza Ristorante Prosciutto 340 g,4.59,Dr. Oetker Pizza Ristorante Prosciutto 340 g
Carrefour Express Parkwijk,Dr. Oetker Pizza Ristorante Bolognese e Formaggi 375 g,5.15,Dr. Oetker Pizza Ristorante Bolognese e Formaggi 375 g
Carrefour Express Parkwijk,Dr. Oetker La Margherita Classica 265 g,4.25,"Top je pizza heerlijk af met:
ham
parmezaan
rucola"
Carrefour Express Parkwijk,Dr. Oetker Pizza Ristorante Hawaii 355 g,3.95,Dr. Oetker Pizza Ristorante Hawaii 355 g
Carrefour Express Parkwijk,Dr. Oetker Pizza Ristorante Spinaci 390 g,3.79,Dr. Oetker Pizza Ristorante Spinaci 390 g
Carrefour Express Parkwijk,Carrefour Pizza Mozzarella Dunne Bodem 340 g,2.05,"De pizzas met dunne bodem van Carrefour verleiden u met hun krokante bodem. Heerlijk om alleen of met het gezin van te genieten als voor- of hoofdgerecht.
 
Deze pizza Mozzarella is sappig gegarneerd met:
Heerlijke sneetjes mozzarella
Lekkere kerstomaten"
Carrefour Express Parkwijk,Dr. Oetker Pizza Ristorante Pollo 355 g,4.59,Dr. Oetker Pizza Ristorante Pollo 355 g
Pizza Hut Dendermonde,Duo menu,19.9,4 lookbroodjes of 4 chicken wings (normal) + 1 medium pizza naar keuze + 2 frisdranken 33cl
Pizza Hut Dendermonde,Quattro menu,32.9,"1 Cheezy Bread of 8 lookbroodjes of 8 chicken wings + 2 medium pizzas naar keuze + 1,5L Pepsi/Pepsi Max/7up"
Pizza Hut Dendermonde,The BOX,27.0,"1 Pizza Pan Large (of Medium Classic of Cheezy Crust (+1,80€)) + American Potatoes + 8 Chicken Croqs + 2 lookbroodjes + 4 Chicken Wings "
Pizza Hut Dendermonde,Pepper Pizza,18.0,"Dubbele portie rundvlees, tomatenblokjes, rode ui, pepersaus, tomatensaus, mozzarella

"
Pizza Hut Dendermonde,Falafel pizza,19.5,"Falafelballetjes, basilicumdressing, tomatenblokjes, peterselie, tomatensaus, violife vegan kaas"
Pizza Hut Dendermonde,Basilico Pizza,24.5,"Prosciutto, kerstomaten, basilicumdressing, tomatensaus, mozzarella"
Pizza Hut Dendermonde,Falafel pizza,24.5,"Falafelballetjes, basilicumdressing, tomatenblokjes, peterselie, tomatensaus, violife vegan kaas"
Pizza Hut Dendermonde,Pepper Pizza,18.0,
Pizza Hut Dendermonde,"Yes, I want chessy crust with my large pizza please",6.6,
Mia pizza evere BEVR,Calzone (pizza fermée),13.0,"Tomate, mozzarella, jambon et champignon."
Mia pizza evere BEVR,Calzone (pizza fermée),15.5,"Tomate, mozzarella, jambon et champignon."
Mia pizza evere BEVR,Mia pizza,17.0,"Tomate, mozzarella, poulet, tomate cerise, poivron et parmesan."
Mia pizza evere BEVR,Mia pizza,14.0,"Tomate, mozzarella, poulet, tomate cerise, poivron et parmesan."
La Barchetta,Éscalope Pizzaiola,22.0,
De Kruimel Leuven,Pizza hesp,9.5,"Tomaat, kaas, hesp, oregano, peper, olijven"
De Kruimel Leuven,Pizza hesp en paprika,9.7,"Tomaat, kaas, hesp, paprika, oregano, peper, olijven."
De Kruimel Leuven,Boerenpizza,10.0,"Tomaat, kaas, salami, spiegelei, oregano, peper, olijven"
De Kruimel Leuven,Pizza funghi,10.5,"Tomaat, kaas, champignons, oregano, look, peper, olijven."
De Kruimel Leuven,Pizza Special,10.5,"Tomaat, kaas, gerookt spek, gehakt, ui, spiegelei, oregano, provençaalse kruiden, olijven."
De Kruimel Leuven,Pizza Napolitana,10.5,"Tomaat, kaas, ansjovis, ui, kappers, oregano, peper, olijven."
De Kruimel Leuven,Pizza 4 Kazen,10.5,"Tomaat, kaas: Mozzarella Emmentaler feta Gorgonzola
oregano, peper, olijven"
De Kruimel Leuven,Pizza el Grecco,10.5,"Tomaat, kaas, feta, paprika’s, ui, Provençaalse kruiden, oregano, peper, extra olijven."
De Kruimel Leuven,Pizza Provençale,10.5,"Tomaat, kaas, paprika’s, gehakt, Provençaalse kruiden,
oregano, peper, olijven"
De Kruimel Leuven,Pizza Méditerranée,10.5,"Tomaat, kaas, feta, rode ui, zongedroogde tomaatjes, rucola,
oregano, Provençaalse kruiden, peper, olijven."
De Kruimel Leuven,Pizza Jardiniero,10.5,"Tomaat, kaas, champignons, gerookt spek, paprika’s, ui, oregano, Provençaalse kruiden, olijven"
De Kruimel Leuven,Pizza Peperoni,11.0,"Tomaat, kaas, salami, chorizo, rode ui, Provençaalse kruiden, oregano, peper, olijven"
De Kruimel Leuven,Pizza chorizo special,10.0,"Tomaat, kaas, champignons, chorizo, verse tomaat, feta, oregano, Provençaalse kruiden, peper, olijven."
De Kruimel Leuven,Pizza del Pedro,11.5,"Tomaat, kaas, champignons, salami, gerookt spek, ui, olijven, peper, oregano, Provençaalse kruiden."
De Kruimel Leuven,Pizza calzone,11.5,"Tomaat, kaas, champignons, hesp, Provençaalse kruiden, olijven,,
oregano.(dichtgevouwen)"
De Kruimel Leuven,Pizza Italiana,10.5,"Tomaat, Mozzarella, Parmahesp, rucola, oregano, peper, Provençaalse kruiden, olijven."
De Kruimel Leuven,Pizza Zorba,11.5,"Tomaat, kaas, champignons, gerookt spek, feta, oregano, Provençaalse
kruiden, olijven."
De Kruimel Leuven,Pizza Hawaienne,11.0,"Tomaat, kaas, kipfilet, ananas, olijven, oregano, peper."
De Kruimel Leuven,Vegetarische pizza,12.5,"Tomaat, kaas, champignons, olijven, paprikas, verse tomaat, ui,, oregano, peper Provençaalse kruiden."
De Kruimel Leuven,Pizza agli scampi,14.9,"Tomaat, kaas, oregano, look, scampi, garnalen, olijven."
De Kruimel Leuven,Pizza Deliciosa Del Kruimel,14.9,"Tomaat, kaas, salami, spek, ansjovis, olijven, artisjokharten
champignons, Provençaalse kruiden, paprikapoeder."
De Kruimel Leuven,Pizza Quatro Stagioni,14.9,"Tomaat, kaas, champignons, paprika, look, ansjovis, hesp,
mosselen, garnalen, calamares, scampi, artisjokharten."
Pizzeria Margherita,Parma,18.9,"Zacht wit pizzabodem met mozzarella, Parmaham, rucola, tomaatjes en hele burrata."
Pizzeria Margherita,Ham,15.9,"Zacht wit pizzabodem met mozzarella, ham, sla en tomaatjes."
Pizzeria Margherita,Vegetariana,15.9,"Zacht wit pizzadeeg met mozzarella, gegrilde groentjes, sla en tomaatjes."
Pizzeria Margherita,Calzone,17.9,"Toegevouwen pizza gevuld met tomatensaus en mozzarella, gedekt met rucola en parmaham."
Pizzeria Margherita,Calzone vegetariano,17.9,"Toegevouwen pizza gevuld met tomatensaus, mozzarella en gegrilde groenten (aubergine, courgette en paprika)."
La Nuova Piazza,Pizza Della Piazza,15.0,"Mozza, mascarpone, roquette speack, tomates cerises"
La Nuova Piazza,Pizza Bolognese,13.5,
La Nuova Piazza,Pizza Patatina,12.5,"Tomatoes, Mozza, Fries"
La Nuova Piazza,Pizza à la Saucisse de Campagne,14.0,With Sausage
SPITT Rotisserie Cuisine,Pizza Pollo,13.0,"Tomatensaus, Mozzarella, kip, paprika en sjallot."
PIZZA DOUGH JETTE,Combo 1,14.9,"Signature pizza
Garlic bread with cheese
Drink"
PIZZA DOUGH JETTE,Combo 2,12.9,"Signature pizza
Drink"
PIZZA DOUGH JETTE,Duo combo,37.0,"1 Starter
2 Signature Pizza
2 Desserts
1,5 Drinks (Coca Cola, Cola zero, Fanta)"
PIZZA DOUGH JETTE,Combo family,59.0,"3 Starters
3 Signature Pizza
3 Desserts
1,5l Drink (Coca Cola, Cola zero, Fanta)"
PIZZA DOUGH JETTE,Mix box,25.9,"3 Starters
1 Signature Pizza
1 Dessert
2 Dipsauces"
PIZZA DOUGH JETTE,Mini pizza pie nutella pie,4.9,
PIZZA DOUGH JETTE,Mini pizza pie nutella pie,0.0,
PIZZA DOUGH JETTE,Mini pizza pie nutella pie,0.0,
PIZZA DOUGH JETTE,Mini pizza pie nutella pie,0.0,
PIZZA DOUGH JETTE,Mini pizza pie nutella pie with strawberry,4.9,
PIZZA DOUGH JETTE,Mini pizza pie nutella pie with strawberry,0.0,
PIZZA DOUGH JETTE,Mini pizza pie nutella pie with strawberry,0.0,
PIZZA DOUGH JETTE,Mini pizza pie nutella pie with strawberry,0.0,
Grill Leuven,5. Pizza Gyros,8.5,"Tomatensaus, kaas, gyros, paprika, ajuin."
Grill Leuven,16. Pizza Grill,8.5,"Kip, paprika, ajuin, champignons, aubergine, tomatensaus, kaas."
Grill Leuven,17. Pizza Tonijn,7.5,"Tonijn, ajuin, tomatensaus, kaas."
Grill Leuven,18. Pizza Ham,7.5,"Tomatensaus, kaas, ham."
Panos Lange Munt,Pizzabaguette Tomaat-Mozzarella,4.7,"Tomaat, mozzarella, oregano, rucola"
Panos Lange Munt,Pizzabaguette Hawai,4.7,"Ham, ananas, mozzarella, oregano"
Panos Lange Munt,Pizzabaguette Salami,4.7,"Salami, verse ui, mozzarella, oregano"
Panos Lange Munt,Pizzabaguette 3 kazen,4.7,"Maredsous, Gorgonzola, mozzarella, oregano"
Otomat MAS,Pizza Nutella,9.5,Small pizza topped with strawberries and hazelnuts
Otomat MAS,Triple Chocolate Pizza,12.5,"Three different types of chocolate, crispy roasted nuts, softly burnt marshmallow. Lime powder from Mexico and basil."
Otomat MAS,Bianca Pizzafiore,12.0,"Sour cream, Fior di Latte Mozzarella, thyme & caramelized red onion."
Pizza Pasta Locale,Menu Deal 2,25.0,2 Medium Pizzas | 1 Lookbrood |  2 Frisdrank.
Pizza Pasta Locale,Menu Deal 3,17.0,1 Large Pizza | 1 Lookbrood |1 Frisdrank.
Pizza Hut,Duo Menu,19.9,4 pains à lail ou 4 chicken wings (normal) + 1 pizza médium au choix + 2 boissons fraîches 33cl
Pizza Hut,Quattro Menu,32.9,"1 Cheezy Bread ou 8 pains à lail ou 8 chicken wings + 2 pizzas médium au choix + 1,5L Pepsi/Pepsi Max/7up
 "
Pizza Hut,The BOX,27.0,"1 Pizza Large Pan (ou Medium Classic ou Cheezy Crust (+1,80€)) + American Potatoes + 8 Chicken Croqs + 2 Pains à lail + 4 Chicken Wings "
Pizza Hut,Pepper Pizza,18.0,"Viande de boeuf (double portion), tomates en dés, oignons rouges, sauce au poivre, sauce tomate, mozzarella



"
Pizza Hut,Falafel pizza,19.5,"Boulettes de falafel, coulis de basilic, tomates en dés, persil, sauce tomate, fromage vegan Violife"
Pizza Hut,"Yes, I want cheesy crust with my large pizza please",6.4,
Pizza Hut,Pepper Pizza,18.0,
Pizza royal family,Pizza margherita,11.0,Sauce tomate et fromage.
Pizza royal family,Pizza végétarienne,12.0,"Sauce tomate, fromage, poivrons, artichauts, olives, tomates fraîches, oignons et champignons."
Pizza royal family,Pizza melanzane,12.0,"Sauce tomate, fromage, champignons et aubergines."
Pizza royal family,Pizza reine,12.0,"Sauce tomate, fromage, filet de dinde, champignons et œufs."
Pizza royal family,Pizza campione,12.0,"Sauce tomate, fromage, carré de bœuf, champignons et œufs."
Pizza royal family,Pizza orientale,12.0,"Sauce tomate, fromage, champignons, merguez, poivrons et oignons."
Pizza royal family,Pizza 4 saisons,12.0,"Sauce tomate, fromage, filet de dinde, champignons, artichauts et olives."
Pizza royal family,Pizza Hawaï,12.0,"Sauce tomate, fromage, filet de dinde et ananas."
Pizza royal family,Pizza 4 fromages,12.0,"Sauce tomate, mozzarella, gorgonzola, parmesan et emmental."
Pizza royal family,Pizza parisienne,12.0,"Sauce tomate, fromage, filet de dinde, dinde fumé et champignons."
Pizza royal family,Pizza kefta,12.0,"Sauce tomate, fromage, viande hachée, champignons et olives."
Pizza royal family,Pizza mixte,13.0,"Sauce tomate, fromage, viande hachée, merguez, poulet, champignons et poivrons."
Pizza royal family,Pizza mediterraneenne,13.0,"Sauce tomate, fromage, cocktail de fruits de mer et champignons."
Pizza royal family,Pizza India,13.0,"Sauce tomate, fromage, poulet, merguez, champignons et poivrons."
Pizza royal family,Pizza thon,12.0,"Sauce tomate, fromage, thon, champignons et oignons."
Pizza royal family,Pizza napolitaine,12.0,"Sauce tomate, fromage, anchois, câpres, champignons et olives."
Pizza royal family,Pizza mexicaine,13.0,"Sauce tomate, fromage, viande hachée, merguez, champignons et poivrons."
Pizza royal family,Pizza marina,13.0,"Sauce tomate, fromage, crevettes et saumon fumé."
Pizza royal family,Pizza fermière,13.0,"Crème fraîche, fromage, champignons, dinde fumé et pommes de terre."
Pizza royal family,Pizza royale,13.0,"Sauce tomate, viande hachée, salami de dinde, champignons, bœuf, œuf, mozzarella, oignons et pommes de terre."
Pizza royal family,Pizza buffalo,13.0,"Sauce barbecue, champignons, pepperoni, dinde fumé, merguez, poivron et oignons."
Pizza royal family,Pizza campagnarde,12.0,"Crème fraîche, fromage, saumon fumé, champignons et pommes de terre."
Pizza royal family,Pizza scampi,13.0,"Sauce tomate, mozzarella, champignons, scampis et oignons."
Pizza royal family,Pizza pepperoni,13.0,"Sauce tomate, double mozzarella, champignons et double pepperoni."
Pizza royal family,Pizza country,13.0,"Sauce poivre, poulet, pepperoni, filet de dinde, mozzarella, champignons, oignons et olives."
Pizza royal family,Pizza burrata,14.0,"Sauce tomate, burrata, ail, pesto, tomates cerises, roquettes, copeaux de parmesan et huile de truffe."
Cup&Cakes Coffeebar,Pizza baguette bell’italia,4.9,Pizza baguette bell’italia
Cup&Cakes Coffeebar,Pizza baguette tonno,4.9,
Cup&Cakes Coffeebar,Pizza baguette funghi,4.9,
Bella Capri,Pizza Verdi,9.5,Groene & Rode paprika
Bella Capri,Calzone I,12.3,Gesloten pizza met champignon en ham
Bella Capri,Calzone II,13.8,"Gesloten pizza met salami, artisjokken, champignon, paprika, ham"
Bella Capri,Pizza Carpaccio,15.5,Fijn gesneden rundfilet met parmezaaan kaas en rucola
Carrefour Express Wilrijk Edenplein,Dr. Oetker Pizza Ristorante Quattro Formaggi 340 g,4.15,Dr. Oetker Pizza Ristorante Quattro Formaggi 340 g
Carrefour Express Wilrijk Edenplein,Carrefour Classic' Pizzadeeg Dun en Rond 260 g,1.35,Carrefour Classic Pizzadeeg Dun en Rond 260 g
Carrefour Express Wilrijk Edenplein,Dr. Oetker Pizza Ristorante Mozzarella 355 g,3.89,Dr. Oetker Pizza Ristorante Mozzarella 355 g
Carrefour Express Wilrijk Edenplein,Bruggeman Bakkersgist 42 g,0.25,"Ideaal voor uw brood, wafels, pizzas..."
Carrefour Express Wilrijk Edenplein,Dr. Oetker Pizza Ristorante Barbecue 340 g,6.25,Dr. Oetker Pizza Ristorante Barbecue 340 g
Carrefour Express Wilrijk Edenplein,Dr. Oetker Pizza Ristorante Tonno 355 g,4.39,"Dr. Oetker gebruikt alleen Skipjack Tuna (Katsuwonus pelamis), deze diersoort wordt niet met uitsterven bedreigd."
Carrefour Express Wilrijk Edenplein,Dr. Oetker Pizza Ristorante Prosciutto 340 g,4.59,Dr. Oetker Pizza Ristorante Prosciutto 340 g
Carrefour Express Wilrijk Edenplein,Dr. Oetker Pizza Ristorante Bolognese e Formaggi 375 g,5.15,Dr. Oetker Pizza Ristorante Bolognese e Formaggi 375 g
Carrefour Express Wilrijk Edenplein,Dr. Oetker La Margherita Classica 265 g,4.25,"Top je pizza heerlijk af met:
ham
parmezaan
rucola"
Carrefour Express Wilrijk Edenplein,Dr. Oetker Pizza Ristorante Hawaii 355 g,3.95,Dr. Oetker Pizza Ristorante Hawaii 355 g
Carrefour Express Wilrijk Edenplein,Dr. Oetker Pizza Ristorante Spinaci 390 g,3.79,Dr. Oetker Pizza Ristorante Spinaci 390 g
Carrefour Express Wilrijk Edenplein,Dr. Oetker Pizza Ristorante Pollo 355 g,4.59,Dr. Oetker Pizza Ristorante Pollo 355 g
Carrefour Express Wilrijk Edenplein,Dr. Oetker Pizza Ristorante Funghi 365 g,4.69,Dr. Oetker Pizza Ristorante Funghi 365 g
Jagat's Place,Nutella pizza,8.0,
Kantien,Focaccia Pizza Square,7.0,20cm x 15cm
Chanchal restaurant,1. Pizza Multani,0.0,
Chanchal restaurant,1. Pizza Multani,0.0,
Chanchal restaurant,1. Pizza Multani,0.0,
Chanchal restaurant,1. Pizza Multani,0.0,
Chanchal restaurant,1. Pizza Multani,10.0,"Sauce tomate, mozzarella, tomate fraîche, roquette et parmesan"
Chanchal restaurant,1 Pizza et 1 Boisson 33cl au Choix,11.0,
Chanchal restaurant,2 Pizzas et 2 Boissons 33cl au Choix,20.0,
Chanchal restaurant,2. Pizza Margherita,0.0,
Chanchal restaurant,2. Pizza Margherita,0.0,
Chanchal restaurant,2. Pizza Margherita,0.0,
Chanchal restaurant,2. Pizza Margherita,0.0,
Chanchal restaurant,2. Pizza Margherita,7.0,Sauce tomate et mozzarella
Chanchal restaurant,3 Pizzas et 3 Boissons 33cl au Choix,28.0,
Chanchal restaurant,3. Pizza Proscuitto,9.0,"Tomates, mozzarella et tranche de dinde"
Chanchal restaurant,3. Pizza Proscuitto,0.0,
Chanchal restaurant,3. Pizza Proscuitto,0.0,
Chanchal restaurant,3. Pizza Proscuitto,0.0,
Chanchal restaurant,3. Pizza Proscuitto,0.0,
Chanchal restaurant,4. Pizza Carpaccio,0.0,
Chanchal restaurant,4. Pizza Carpaccio,0.0,
Chanchal restaurant,4. Pizza Carpaccio,0.0,
Chanchal restaurant,4. Pizza Carpaccio,0.0,
Chanchal restaurant,4. Pizza Carpaccio,11.0,"Sauce tomate, mozzarella, carpaccio de bœuf, roquette et parmesan"
Chanchal restaurant,4 Pizzas et 4 Boissons 33cl au Choix,38.0,
Chanchal restaurant,5. Pizza Chicken,0.0,
Chanchal restaurant,5. Pizza Chicken,0.0,
Chanchal restaurant,5. Pizza Chicken,0.0,
Chanchal restaurant,5. Pizza Chicken,0.0,
Chanchal restaurant,5. Pizza Chicken,10.0,"Sauce tomate ou sauce barbecue, mozzarella, oignons,
poivrons, poulet curry et champignons"
Chanchal restaurant,6. Pizza Chaismir,0.0,
Chanchal restaurant,6. Pizza Chaismir,0.0,
Chanchal restaurant,6. Pizza Chaismir,0.0,
Chanchal restaurant,6. Pizza Chaismir,0.0,
Chanchal restaurant,6. Pizza Chaismir,9.0,"Crème fraiche, mozzarella, champignons et ail"
Chanchal restaurant,7. Pizza Maria,0.0,
Chanchal restaurant,7. Pizza Maria,0.0,
Chanchal restaurant,7. Pizza Maria,0.0,
Chanchal restaurant,7. Pizza Maria,0.0,
Chanchal restaurant,7. Pizza Maria,10.0,"Sauce tomate cerise, buffala et roquette"
Chanchal restaurant,8.  Pizza Sicilienne,9.5,"Sauce tomate, mozzarella, anchois, câpres et salami"
Chanchal restaurant,8.  Pizza Sicilienne,0.0,
Chanchal restaurant,8.  Pizza Sicilienne,0.0,
Chanchal restaurant,8.  Pizza Sicilienne,0.0,
Chanchal restaurant,8.  Pizza Sicilienne,0.0,
Chanchal restaurant,9. Pizza Mexicaine,9.0,"Sauce tomate, mozzarella, poivrons et salami"
Chanchal restaurant,9. Pizza Mexicaine,0.0,
Chanchal restaurant,9. Pizza Mexicaine,0.0,
Chanchal restaurant,9. Pizza Mexicaine,0.0,
Chanchal restaurant,9. Pizza Mexicaine,0.0,
Chanchal restaurant,10. Pizza Monte Bianco,0.0,
Chanchal restaurant,10. Pizza Monte Bianco,0.0,
Chanchal restaurant,10. Pizza Monte Bianco,0.0,
Chanchal restaurant,10. Pizza Monte Bianco,0.0,
Chanchal restaurant,10. Pizza Monte Bianco,9.0,"Crème fraiche, mozzarella, lardons de volaille et champignons"
Chanchal restaurant,11. Pizza Salmone,10.5,"Mozzarella, crème fraiche, ail et saumon frais"
Chanchal restaurant,11. Pizza Salmone,0.0,
Chanchal restaurant,11. Pizza Salmone,0.0,
Chanchal restaurant,11. Pizza Salmone,0.0,
Chanchal restaurant,11. Pizza Salmone,0.0,
Chanchal restaurant,12. Pizza Aubergines,9.0,"Sauce tomate, mozzarella, aubergines et basilic"
Chanchal restaurant,12. Pizza Aubergines,0.0,
Chanchal restaurant,12. Pizza Aubergines,0.0,
Chanchal restaurant,12. Pizza Aubergines,0.0,
Chanchal restaurant,12. Pizza Aubergines,0.0,
Chanchal restaurant,13. Pizza Veneziane,0.0,
Chanchal restaurant,13. Pizza Veneziane,0.0,
Chanchal restaurant,13. Pizza Veneziane,0.0,
Chanchal restaurant,13. Pizza Veneziane,0.0,
Chanchal restaurant,13. Pizza Veneziane,9.0,"Sauce tomate, mozzarella, oignon et œuf"
Chanchal restaurant,14. Pizza Carbonara,0.0,
Chanchal restaurant,14. Pizza Carbonara,0.0,
Chanchal restaurant,14. Pizza Carbonara,0.0,
Chanchal restaurant,14. Pizza Carbonara,0.0,
Chanchal restaurant,14. Pizza Carbonara,9.0,"Sauce tomate, mozzarella, œuf lardons de volaille et parmesan"
Chanchal restaurant,15. Pizza Regina,9.0,"Sauce tomate, mozzarella, champignons et  tranche de dinde"
Chanchal restaurant,15. Pizza Regina,0.0,
Chanchal restaurant,15. Pizza Regina,0.0,
Chanchal restaurant,15. Pizza Regina,0.0,
Chanchal restaurant,15. Pizza Regina,0.0,
Chanchal restaurant,16. Pizza Arrabbiata (Sans Fromage),0.0,
Chanchal restaurant,16. Pizza Arrabbiata (Sans Fromage),0.0,
Chanchal restaurant,16. Pizza Arrabbiata (Sans Fromage),0.0,
Chanchal restaurant,16. Pizza Arrabbiata (Sans Fromage),0.0,
Chanchal restaurant,16. Pizza Arrabbiata (Sans Fromage),7.0,"Sauce tomate, piment rouge, ail et basilic"
Chanchal restaurant,17. Pizza Abruzzesse,9.0,"Sauce tomate, mozzarella, poivrons, oignons et olives"
Chanchal restaurant,17. Pizza Abruzzesse,0.0,
Chanchal restaurant,17. Pizza Abruzzesse,0.0,
Chanchal restaurant,17. Pizza Abruzzesse,0.0,
Chanchal restaurant,17. Pizza Abruzzesse,0.0,
Chanchal restaurant,18. Pizza Romana,9.5,"Sauce tomate, mozzarella, merguez, sauce tomate cerise et basilic"
Chanchal restaurant,18. Pizza Romana,0.0,
Chanchal restaurant,18. Pizza Romana,0.0,
Chanchal restaurant,18. Pizza Romana,0.0,
Chanchal restaurant,18. Pizza Romana,0.0,
Chanchal restaurant,19. Pizza 4 Stagioni,0.0,
Chanchal restaurant,19. Pizza 4 Stagioni,0.0,
Chanchal restaurant,19. Pizza 4 Stagioni,0.0,
Chanchal restaurant,19. Pizza 4 Stagioni,0.0,
Chanchal restaurant,19. Pizza 4 Stagioni,10.0,"Tranche de dinde, artichaut, olives et champignons"
Chanchal restaurant,20. Pizza 4 Fromages,9.5,"Crème fraiche, mozzarella, gorgonzola, parmesan, fromage et taleggio"
Chanchal restaurant,20. Pizza 4 Fromages,0.0,
Chanchal restaurant,20. Pizza 4 Fromages,0.0,
Chanchal restaurant,20. Pizza 4 Fromages,0.0,
Chanchal restaurant,20. Pizza 4 Fromages,0.0,
Chanchal restaurant,21. Pizza Calzone et Pizza Fermé,0.0,
Chanchal restaurant,21. Pizza Calzone et Pizza Fermé,0.0,
Chanchal restaurant,21. Pizza Calzone et Pizza Fermé,0.0,
Chanchal restaurant,21. Pizza Calzone et Pizza Fermé,0.0,
Chanchal restaurant,21. Pizza Calzone et Pizza Fermé,9.0,"Sauce tomate, mozzarella, tranche de dinde et jaune dœuf"
Chanchal restaurant,22. Pizza Capricciosa,0.0,
Chanchal restaurant,22. Pizza Capricciosa,0.0,
Chanchal restaurant,22. Pizza Capricciosa,0.0,
Chanchal restaurant,22. Pizza Capricciosa,0.0,
Chanchal restaurant,22. Pizza Capricciosa,10.0,"Sauce tomate, mozzarella, champignons, salami et tranche de
dinde"
Chanchal restaurant,23. Pizza Hawaï,0.0,
Chanchal restaurant,23. Pizza Hawaï,0.0,
Chanchal restaurant,23. Pizza Hawaï,0.0,
Chanchal restaurant,23. Pizza Hawaï,0.0,
Chanchal restaurant,23. Pizza Hawaï,9.0,"Sauce tomate, mozzarella, tranche de dinde et ananas"
Chanchal restaurant,24. Pizza Fruits de Mer,0.0,
Chanchal restaurant,24. Pizza Fruits de Mer,0.0,
Chanchal restaurant,24. Pizza Fruits de Mer,0.0,
Chanchal restaurant,24. Pizza Fruits de Mer,0.0,
Chanchal restaurant,24. Pizza Fruits de Mer,9.5,"Sauce tomate, mozzarella, fruits de mer et ail"
Chanchal restaurant,25. Pizza Tonno,0.0,
Chanchal restaurant,25. Pizza Tonno,0.0,
Chanchal restaurant,25. Pizza Tonno,0.0,
Chanchal restaurant,25. Pizza Tonno,0.0,
Chanchal restaurant,25. Pizza Tonno,9.0,"Sauce tomate, mozzarella, thon olives et oignons"
Chanchal restaurant,26. Pizza Vegetarian,0.0,
Chanchal restaurant,26. Pizza Vegetarian,0.0,
Chanchal restaurant,26. Pizza Vegetarian,0.0,
Chanchal restaurant,26. Pizza Vegetarian,0.0,
Chanchal restaurant,26. Pizza Vegetarian,10.0,"Sauce tomate, mozzarella et légumes"
Chanchal restaurant,27. Pizza Scampis,9.5,"Sauce tomate, mozzarella, scampi, ail et curry"
Chanchal restaurant,27. Pizza Scampis,0.0,
Chanchal restaurant,27. Pizza Scampis,0.0,
Chanchal restaurant,27. Pizza Scampis,0.0,
Chanchal restaurant,27. Pizza Scampis,0.0,
Chanchal restaurant,28. Pizza Salami,0.0,
Chanchal restaurant,28. Pizza Salami,0.0,
Chanchal restaurant,28. Pizza Salami,0.0,
Chanchal restaurant,28. Pizza Salami,0.0,
Chanchal restaurant,28. Pizza Salami,8.0,"Sauce tomate, mozzarella et salami"
Chanchal restaurant,29. Pizza Charcutérie,0.0,
Chanchal restaurant,29. Pizza Charcutérie,0.0,
Chanchal restaurant,29. Pizza Charcutérie,0.0,
Chanchal restaurant,29. Pizza Charcutérie,0.0,
Chanchal restaurant,29. Pizza Charcuterie,11.0,"Sauce tomate, mozzarella et charcuterie"
Chanchal restaurant,30. Pizza Potatoes,0.0,
Chanchal restaurant,30. Pizza Potatoes,0.0,
Chanchal restaurant,30. Pizza Potatoes,0.0,
Chanchal restaurant,30. Pizza Potatoes,0.0,
Chanchal restaurant,30. Pizza Potatoes,8.0,"Crème fraîche, mozzarella, pomme de terre et oignons"
Chanchal restaurant,31. Pizza Épinards,9.0,"Sauce tomates, mozzarella et épinard"
Chanchal restaurant,31. Pizza Épinards,0.0,
Chanchal restaurant,31. Pizza Épinards,0.0,
Chanchal restaurant,31. Pizza Épinards,0.0,
Chanchal restaurant,31. Pizza Épinards,0.0,
Chanchal restaurant,32. Pizza Bœuf,10.0,"Sauce tomate, mozzarella, bœuf et oignons"
Chanchal restaurant,32. Pizza Bœuf,0.0,
Chanchal restaurant,32. Pizza Bœuf,0.0,
Chanchal restaurant,32. Pizza Bœuf,0.0,
Chanchal restaurant,32. Pizza Bœuf,0.0,
Pizza Altamira,Calzone,12.0,"Pizza fermée, jambon et champignons"
Passione Ristorante Pizzeria,Calzone,13.5,"Gesloten pizza met tomatensaus, mozzarella, ham, champignons, oregano, rucola, parmezaanschilfers"
Passione Ristorante Pizzeria,Del Pizzaiolo,16.0,Pizza op de wijze van de chef
Pizzeria Houba,Pizza saumon,28.0,"Sauce tomate, mozzarella, saumon, câpres et oignons."
Pizzeria Houba,Pizza houba,19.0,"Mozzarella, tomates cerises, ail, roquette et parmesan."
Pizzeria Houba,Pizza saumon,21.0,"Sauce tomate, mozzarella, saumon, câpres et oignons."
Pizzeria Houba,Pizza carbonnara,20.5,"Mozzarella, crème, lardons, oignons, œufs et parmesan."
Pizzeria Houba,Pizza kebab,20.0,"Sauce tomate, kebab et oignons."
Pizzeria Houba,Pizza gustosa,19.5,"Tomates, mozzarella, jambons, lardons, salami et poulet."
Carrefour Express Vrijdagmarkt,Dr. Oetker Pizza Ristorante Quattro Formaggi 340 g,4.15,Dr. Oetker Pizza Ristorante Quattro Formaggi 340 g
Carrefour Express Vrijdagmarkt,Carrefour Classic' Pizzadeeg Dun en Rond 260 g,1.35,Carrefour Classic Pizzadeeg Dun en Rond 260 g
Carrefour Express Vrijdagmarkt,Carrefour Bio Basilicum in pot,1.15,"Basilicum, of koningskruid, is onmisbaar in alle tomatengerechten. Het past uitstekend bij alle zuiderse gerechten zoals pastas en pizzas. Basilicum is ook erg lekker bij vis-en vleesgerechten en is het belangrijkste ingrediënt in de typische pesto. De blaadjes niet fijnhakken maar scheuren of knippen en pas op het einde van de bereiding toevoegen."
Carrefour Express Vrijdagmarkt,Dr. Oetker Pizza Ristorante Tonno 355 g,4.39,"Dr. Oetker gebruikt alleen Skipjack Tuna (Katsuwonus pelamis), deze diersoort wordt niet met uitsterven bedreigd."
Carrefour Express Vrijdagmarkt,Dr. Oetker Pizza Ristorante Bolognese e Formaggi 375 g,5.15,Dr. Oetker Pizza Ristorante Bolognese e Formaggi 375 g
Carrefour Express Vrijdagmarkt,Dr. Oetker Pizza Ristorante Hawaii 355 g,3.95,Dr. Oetker Pizza Ristorante Hawaii 355 g
Carrefour Express Vrijdagmarkt,Dr. Oetker Pizza Ristorante Spinaci 390 g,3.79,Dr. Oetker Pizza Ristorante Spinaci 390 g
Carrefour Express Vrijdagmarkt,Dr. Oetker Pizza Ristorante Pollo 355 g,4.59,Dr. Oetker Pizza Ristorante Pollo 355 g
Carrefour Express Vrijdagmarkt,Dr. Oetker Pizza Ristorante Funghi 365 g,4.69,Dr. Oetker Pizza Ristorante Funghi 365 g
Forno A'Legna,Pizzasaus,0.0,
Forno A'Legna,Calzone,15.0,"Gesloten pizza met tomaten, kaas, ham, salami en groenten"
Panos,Pizzabaguette Tomaat-Mozzarella,4.5,"Tomaat, mozzarella, oregano, rucola"
Panos,Pizzabaguette Hawai,4.5,"Ham, ananas, mozzarella, oregano"
Panos,Pizzabaguette Salami,4.5,"Salami, verse ui, mozzarella, oregano"
Panos,Pizzabaguette 3 kazen,4.5,"Maredsous, Gorgonzola, mozzarella, oregano"
La Penisola,Pizzaiola,4.0,
La Penisola,Pizza au Nutella,8.0,
La Penisola,Pizza Margherita,8.0,"Tomate, mozzarella, parmesan , huile d’olive, basilic"
La Penisola,Pizza Diavola,10.0,"Tomate, mozzarella, salami piquant, parmesan, huile d’olive, basilic"
La Penisola,Pizza Salami et Gorgonzola,11.5,"Tomate, mozzarella, salami, gorgonzola"
La Penisola,Pizza 4 Stagioni,13.0,"Tomate, mozzarella, artichauts, champignons, jambon cuit, salami, basilic"
La Penisola,Pizza 4 Formaggi,13.0,"Tomate, mozzarella, emmental, gorgonzola, parmesan, pecorino, basilic"
La Penisola,Pizza Hawaï,12.0,"Tomate, mozzarella, ananas, jambon cuit"
La Penisola,Pizza Calzone (Fermée),12.0,"Tomate, mozzarella, jambon cuit, champignons, basilic"
La Penisola,Pizza Carbonara,13.0,"Tomate, mozzarella, pancetta, oeufs, pecorino, poivre, crème"
La Penisola,Pizza Penisola,13.9,"Blanche, mozzarella, tomates cerises, jambon cru, roquette, parmesan"
La Penisola,Pizza Saumon et Roquette,13.9,"Blanche, mozzarella, saumon fumé, crème, roquette"
La Penisola,Pizza Scampi et Courgette,13.9,"Blanche, mozzarella, scampi, courgettes"
La Penisola,Pizza Bufala,10.0,"Tomate, mozzarella di bufala en tranche, huile d’olive, basilic"
La Penisola,Pizza Thon et Oignon,11.5,"Tomate, mozzarella, thon, julienne doignons"
La Penisola,"Pizza Jambon Cuit,Champignons",11.0,"Tomate, mozzarella, jambon cuit, champignons"
La Penisola,Pizza Vesuvio (Fermée),13.9,"Tomate, mozzarella, parmesan, salami, champignons, jambon cuit, origan"
La Penisola,Pizza Speck,13.5,"Mozzarella, speck, provola fumé, frites"
La Penisola,Pizza Pancetta e Zucchine,11.0,"Mozzarella, pancetta, courgettes"
La Penisola,Pizza Jambon Cuit,11.5,"Mozzarella, jambon cuit, crème ,maïs"
La Penisola,Pizza Croquettes et Pancetta,11.5,"Blanche, mozzarella, croquettes, pancetta"
La Penisola,Pizza Végétarienne,11.5,"Tomate, mozzarella, aubergines, courgettes, poivrons, parmesan, huile d’olive, basilic"
La Penisola,Pizza Napoletana,11.5,"Tomate, mozzarella, ail, origan, anchois, câpres, basilic"
Carrefour Express Ossenmarkt,Dr. Oetker Pizza Ristorante Quattro Formaggi 340 g,4.15,Dr. Oetker Pizza Ristorante Quattro Formaggi 340 g
Carrefour Express Ossenmarkt,Carrefour Classic' Pizzadeeg Dun en Rond 260 g,1.35,Carrefour Classic Pizzadeeg Dun en Rond 260 g
Carrefour Express Ossenmarkt,Carrefour Bio Basilicum in pot,1.15,"Basilicum, of koningskruid, is onmisbaar in alle tomatengerechten. Het past uitstekend bij alle zuiderse gerechten zoals pastas en pizzas. Basilicum is ook erg lekker bij vis-en vleesgerechten en is het belangrijkste ingrediënt in de typische pesto. De blaadjes niet fijnhakken maar scheuren of knippen en pas op het einde van de bereiding toevoegen."
Carrefour Express Ossenmarkt,Dr. Oetker Pizza Ristorante Tonno 355 g,4.39,"Dr. Oetker gebruikt alleen Skipjack Tuna (Katsuwonus pelamis), deze diersoort wordt niet met uitsterven bedreigd."
Carrefour Express Ossenmarkt,Dr. Oetker Pizza Ristorante Prosciutto 340 g,4.59,Dr. Oetker Pizza Ristorante Prosciutto 340 g
Carrefour Express Ossenmarkt,Dr. Oetker Pizza Ristorante Bolognese e Formaggi 375 g,5.15,Dr. Oetker Pizza Ristorante Bolognese e Formaggi 375 g
Carrefour Express Ossenmarkt,Dr. Oetker La Margherita Classica 265 g,4.25,"Top je pizza heerlijk af met:
ham
parmezaan
rucola"
Carrefour Express Ossenmarkt,Dr. Oetker Pizza Ristorante Hawaii 355 g,3.95,Dr. Oetker Pizza Ristorante Hawaii 355 g
Carrefour Express Ossenmarkt,Dr. Oetker Pizza Ristorante Spinaci 390 g,3.79,Dr. Oetker Pizza Ristorante Spinaci 390 g
Carrefour Express Ossenmarkt,Carrefour Pizza Mozzarella Dunne Bodem 340 g,2.05,"De pizzas met dunne bodem van Carrefour verleiden u met hun krokante bodem. Heerlijk om alleen of met het gezin van te genieten als voor- of hoofdgerecht.
 
Deze pizza Mozzarella is sappig gegarneerd met:
Heerlijke sneetjes mozzarella
Lekkere kerstomaten"
Carrefour Express Ossenmarkt,Dr. Oetker Pizza Ristorante Pollo 355 g,4.59,Dr. Oetker Pizza Ristorante Pollo 355 g
Carrefour Express Ossenmarkt,Dr. Oetker Pizza Ristorante Funghi 365 g,4.69,Dr. Oetker Pizza Ristorante Funghi 365 g
Antwerp Pizza,Calzone,11.95,Dubbel gevouwen pizza bolognese saus mozarella ham salami paprika champignons
The Grillfather,Pizzalolasaus,0.0,
 Delifranco,Pizza Margarita,7.99,"Tomatensaus,kaas en Oregano"
 Delifranco,Pizza Fungi,9.99,"Tomatensaus,kaas en Champignons"
 Delifranco,Pizza Salami,10.99,"Tomatensaus,kaas en Salami"
 Delifranco,Pizza Napoletana,11.99,"Tomatensaus, Ansjovis, kaas, uien, Kappertjes, Olijven"
 Delifranco,Pizza Hawai,10.99,"Tomatensaus, kaas,Ham, Ananas"
 Delifranco,Pizza Mozzarella di Buffala,10.99,"Tomatensaus, kaas, Mozzarella met Cherrytomatjes en Pesto"
 Delifranco,Pizza Tonno,11.99,"Tomatensaus, kaas, Tonijn, Uien en Olijven"
 Delifranco,Pizza Quattra Formaggi,12.99,"Tomatensaus, kaas, 4 Soorten kaas"
 Delifranco,Pizza Primavera,12.99,"Vers en Licht te eten Pizza met Tomatensaus, kaas, Courgette, Aubergine, Paprika, Rucola en Parmezaan"
 Delifranco,Pizza Quattra Stagioni,12.99,"Tomatensaus, kaas, Ham, Salami, Champignons, Artisjokken, Uien en Paprika"
 Delifranco,Pizza Vegetarisch,10.99,"Tomatensaus, kaas, Champignons, Uien, Artisjokken, Paprika, en Oliven"
 Delifranco,Pizza Capriciosa,12.99,"Tomatensaus, kass, Champignons,.Ham, Artisjokken,Olijven en Basilicum"
 Delifranco,Pizza Portobello e Pancetta,12.99,"Tomatensaus, kaas, Champignons en Spekjes"
 Delifranco,Pizza Focaccia Rucola,6.49,"Knoflook Olijfolie, met Rucola, Cherrytomaatjes"
 Delifranco,Pizza Classic,6.49,"Tomatensaus, Knoflook Olie en Oregano"
 Delifranco,Pizza Carne,13.99,"Tomatensaus, kaas, Mortadella, Parmaham,en Pittig wors"
 Delifranco,Pizza ai Frutti di Mare,13.99,"Tomatensaus, Knoflook,kaas, Zeevruchten"
Kelly's Irish Pub,Pizza Margarita,11.9,
Kelly's Irish Pub,Pizza Hawaii ,12.5,
Kelly's Irish Pub,Pizza “Kelly’s” ,13.9,
Panos shop & go Gentbrugge,Pizza hawai,5.05,
Panos shop & go Gentbrugge,Pizza tomaat mozzarella,5.05,
Panos shop & go Gentbrugge,Pizza 3 kazen,5.05,
Panos shop & go Gentbrugge,Pizza salami,5.05,
Louis Vegetarische deli,Focaccia ‘Pizza’ ,9.5,Met bolognaise style vulling en gesmolten mozzarella
ÖZ AHI,Turkse pizza,2.0,
ÖZ AHI,Menu 2,6.0,"Turkse pizza, klein friet en drank"
ÖZ AHI,Turkse pizza met kaas,3.0,
ÖZ AHI,Turkse pizza met eieren,3.0,
ÖZ AHI,Turkse pizza mix,3.5,"Gehakt, ei, kaas"
ÖZ AHI,Turkse pizza met pita,5.0,
ÖZ AHI,Pizza pita,8.5,"Pitavlees, paprika, ajuin"
ÖZ AHI,Pizza scampis,9.5,
ÖZ AHI,Menu 16,9.5,Pizza pita 32 cm en drank
ÖZ AHI,Menu 18,7.5,Pizza margherita 32 cm en drank
Pizzeria Giardino,Pizza margherita bambino,9.0,
Pizzeria Giardino,7 Calzone giardino,16.5,"Gesloten pizza met champignons, paprika, ui , ham en gehaktsaus."
Pizzeria Giardino,30 Pizzaiolo,18.0,"Gerookte zalm , gorgonzola en knoflook."
Vikings,Pizza,15.0,Bambino margherita + 2 toppings A of B + caprisun + donut + speelgoedje
Solav Kebab,Turkse pizza döner,7.9,
Solav Kebab,Turkse pizza kip döner,7.9,
Solav Kebab,Turkse pizza mix döner,9.2,
Solav Kebab,Turkse pizza shoarma,8.5,
Solav Kebab,Turkse pizza kipfilet,8.5,
Solav Kebab,Turkse pizza falafel,7.8,
Panos Groenplaats,Pizzabaguette Tomaat-Mozzarella,5.1,"Tomaat, mozzarella, oregano, rucola"
Panos Groenplaats,Pizzabaguette Hawai,5.1,"Ham, ananas, mozzarella, oregano"
Panos Groenplaats,Pizzabaguette Salami,5.1,"Salami, verse ui, mozzarella, oregano"
Solav kabab,Turkse pizza met sla,3.9,
Solav kabab,Turkse pizza met feta,5.2,
Solav kabab,Turkse pizza met kebab,7.8,
Solav kabab,Turkse pizza met kip,8.44,
Snack Al Wali,Mini pizza,1.6,"Deeg met tomaten sauce, kaas zwarte olijf"
Panos Ukkel,Pizzabaguette 3 fromages,4.5,"Maredsous, Gorgonzola, mozzarella, origan"
Pasta Gusto,Pizza Margherita,18.5,
Pasta Gusto,Pizza Prosciutto,20.5,
Pasta Gusto,Pizza Chicken BBQ,22.0,
Pasta Gusto,Pizze Gusto,23.5,Pizza van de chef
Ken Night Shop,Dr. Oetker Pizza Mozarella,5.95,
Ken Night Shop,Dr. Oetker Pizza Hawaï,5.95,
Ken Night Shop,Dr. Oetker Pizza Vegetale Piccante,5.95,Spicy.
Ken Night Shop,Dr. Oetker Pizza Pollo,5.95,
Al Parma ,Pizzaiola,19.0,Look | kappertjes en ansjovis | in tomatensaus
Al Parma ,Pizzaiola ,15.0,Tomatensaus | mozzarella | hesp | champignons | salami | Gorgonzola
PIZZI COTTO,Pizza Margherita,14.0,"Tomatensaus, mozzarella, oregano"
PIZZI COTTO,Pizza Funghi,15.5,"Tomatensaus, mozzarella, champignons"
PIZZI COTTO,Pizza Prosciutto,15.5,"Tomatensaus, mozzarella, ham"
PIZZI COTTO,Pizza Salame,16.0,"Tomatensaus, mozzarella, pikante salami"
PIZZI COTTO,Pizza Napoli,16.0,"Tomatensaus, mozzarella, anjovis, olijven, oregano"
PIZZI COTTO,Pizza Diavola,18.5,"Tomatensaus, mozzarella, pepers, pikante salami, tabasco"
PIZZI COTTO,Pizza Calzone,18.0,"Mozzarella, ham, champignons, oregano"
PIZZI COTTO,Pizza Patapizza,16.5,"Tomatensaus, mozzarella, frieten"
PIZZI COTTO,Pizza Capricciosa,18.5,"Tomatensaus, mozzarella, ham, champignons, ei"
PIZZI COTTO,Pizza Quattro Stagioni,19.0,"Tomatensaus, mozzarella, ham, champignons, artisjokken, olijven"
PIZZI COTTO,Pizza Quattro Formaggi,19.0,"Tomatensaus, mozzarella, gorgonzola, emmental, parmesan"
PIZZI COTTO,Pizza Tom & Jerry,18.5,"Tomatensaus, mozzarella, frieten, worstje, mayonaise, ketchup"
PIZZI COTTO,Pizza Parmigiana,19.0,"Tomatensaus, mozzarella, ham, aubergine, emmental, basilicum"
PIZZI COTTO,Pizza Tonno,19.5,"Tomatensaus, mozzarella, tonijn, ajuin, olijven"
PIZZI COTTO,Pizza Hawaï,18.5,"Tomatensaus, mozzarella, ham, ananas"
PIZZI COTTO,Pizza Marinara,22.0,"Tomatensaus, mozzarella, zeevruchten, look, peterselie"
PIZZI COTTO,Pizza Scampi,22.0,"Tomatensaus, mozzarella, scampi’s, courgette, look, peterselie"
PIZZI COTTO,Pizza Salmone,22.0,"Mozzarella, zalm, room, peterselie"
PIZZI COTTO,Pizza Pesto,22.0,"Pesto, mozzarella, scampi’s, aubergines"
PIZZI COTTO,Pizza Vegetariana,20.0,"Tomatensaus, champignons, courgette, aubergine, pepers, mozzarella"
PIZZI COTTO,Pizza Bolognaise,19.0,"Bolognaisesaus, mozzarella, room, peterselie, oregano"
PIZZI COTTO,Pizza Calabria,19.0,"Tomatensaus, champignons, pikante salami, tabasco, oregano,  mozzarella"
PIZZI COTTO,Pizza Pizzi Cotto,22.0,"Tomatensaus, mozzarella, parmaham, rucola, kerstomaten, parmesan"
PIZZI COTTO,Pizza Carbonara,19.5,"Mozzarella, spek, ei, parmesan, peterselie, room"
PIZZI COTTO,Pizza Carpaccio,22.0,"Tomatensaus,mozzarella,Champignons,Runds-carpaccio,rucola,parmezaan,balsamico"
Davinci Zuid,Pizza Margherita,12.9,Tomatensaus & mozzarella
Davinci Zuid,Pizza Funghi,13.9,Met Champignons
Davinci Zuid,Pizza Napoli,15.9,"Kappertjes, ansjovis"
Davinci Zuid,Pizza Salame,14.9,Italiaanse salami
Davinci Zuid,Pizza Borromeo,14.9,Met ham
Davinci Zuid,Pizza Spinaci,13.9,Met kaas & spinazie
Davinci Zuid,Pizza Romana,15.9,"Artisjokken, champignons & olijven"
Davinci Zuid,Pizza Hawaii,15.9,Met ham & ananas
Davinci Zuid,Pizza Americana,15.9,Paprika & pikante salami
Davinci Zuid,Pizza Gorgonzola,15.9,Gorgonzola & ham
Davinci Zuid,Pizza Daniela,15.9,Ham & salami
Davinci Zuid,Pizza Tonno,15.9,"Tonijn, ui & olijven"
Davinci Zuid,Pizza Salmone,15.9,Zalm & ui
Davinci Zuid,Pizza Quattro Stagioni,16.9,"Ham, champignons, salami, kappertjes, artisjokken & ansjovis"
Davinci Zuid,Pizza Vegetariana,16.9,Groenten
Davinci Zuid,Pizza Frutti di Mare,17.9,Zeevruchten & knoflook
Davinci Zuid,Pizza Sirena,17.9,"Scampi, ei, paprika & look"
Davinci Zuid,Pizza Palermo,16.9,"Spinazie, paprika, ajuin & gorgonzola"
Davinci Zuid,Pizza Pollo,16.9,"Kip, ui, ananas & champignons"
Davinci Zuid,Pizza Calzone,16.9,"Bolognaisesaus, ham, champignons, paprika & salami"
Davinci Zuid,Pizza Speciale,18.9,"Tonijn, scampi, zalm, inktvis, paprika & look"
Davinci Zuid,Pizza Leonardo da Vinci,18.9,"Champignons, ajuin, scampi, olijven & salami"
Davinci Zuid,Pizza Quattro Formaggi,15.9,4 Italiaanse kaassoorten
Davinci Zuid,Pizza Dello Chef,18.9,"Parmaham, parmezaanse kaas, rucola & verse tomaten"
Davinci Zuid,Pizza Carpaccio,19.9,"Ossenhaas, parmezaanse kaas, rucola & verse tomaten"
Kebab Leuven,lahmacun :Turkse pizza deluxe,7.0,"Met kip of kalfsvlees.
Gelieve de groenten te aan duiden merci!"
Kebab Leuven,Turkse pizza normal,4.5,"Met saus en groenten.
Gelieve de groenten te aan duiden merci!"
Kebab Leuven,Pizza margarita,6.5,
Kebab Leuven,Pizza Ham,8.5,
Kebab Leuven,Pizza salami,8.0,
Kebab Leuven,Pizza Pepperoni,9.0,Salami pikante peppers
Kebab Leuven,Pizza Hawai,9.0,Ham en ananas
Kebab Leuven,Pizza Kip hawai,9.0,Kip en ananas
Kebab Leuven,Pizza italia,9.0,Ham salami en champignons
Kebab Leuven,Pizza capricciosa,9.0,Champignons look en uien
Kebab Leuven,"Pizza Mix kip,kebap",11.0,"Kip, kebap, uıen ,paprika en tomaten"
Kebab Leuven,Pizza speciaal,10.0,Ham champignons paprika en uıen
Kebab Leuven,Pizza Vegetarisch,10.0,"Champignons, Paprika, uien, tomaten en olijven"
Kebab Leuven,Pizza Tonno,9.0,Tonijn en uien
Pita Huis Blauwwater,Pizza chef,11.0,"Paprika, ui, kappertjes"
Pita Huis Blauwwater,Pizza Euro,13.0,"Spek, maïs, paprika, salami, ui"
Pita Huis Blauwwater,Pizza Italia,13.0,"Verse tomaten, mozzarella"
Carrefour Express Sint Stevens Woluwe,Dr. Oetker Pizza Ristorante Quattro Formaggi 340 g,4.25,Dr. Oetker Pizza Ristorante Quattro Formaggi 340 g
Carrefour Express Sint Stevens Woluwe,Carrefour Bio Pizza Margherita Cuite au Feu de Bois 310 g,2.59,"Cette pizza est fabriquée en Italie, à partir dingrédients issus de lagriculture biologique. Elaborée à partir dune pâte à lhuile dolive vierge extra (2.5%), elle est nappée de sauce tomate et de mozzarella, puis cuite au feu de bois, ce qui lui donne son croustillant et son goût unique si attachant."
Carrefour Express Sint Stevens Woluwe,Dr. Oetker Pizza Ristorante Hawaii 355 g,4.25,Dr. Oetker Pizza Ristorante Hawaii 355 g
Carrefour Express Sint Stevens Woluwe,Dr. Oetker La Margherita Classica 265 g,4.25,"Garnissez votre pizza de:
jambon
roquette
parmesan"
Carrefour Express Sint Stevens Woluwe,Dr. Oetker Pizza Ristorante Spinaci 390 g,3.79,Dr. Oetker Pizza Ristorante Spinaci 390 g
Carrefour Express Sint Stevens Woluwe,Carrefour Bio Basilic en pot,1.15,"Incontournable dans tous les plats à base de tomates, le basilic accompagne idéalement toutes les spécialités méridionales comme les pâtes et les pizzas. Le basilic est également dans les plats à base de poisson et de viande et constitue le principal ingrédient du pesto classique. Ne pas hacher finement mais les déchirer ou les découper et les ajouter seulement en fin de préparation."
Palomino,Pizza prosociutto,12.5,Ham
Palomino,Pizza fungi,12.5,Champignons
Palomino,Pizza rustica,13.5,Salami
Palomino,Pizza bolognese,14.0,Bolognesesaus
Palomino,Pizza romma,13.5,"Tomaat olijf / tamate, olives"
Palomino,"Pizza, hawai",13.5,Ham ananas
Palomino,Pizza tono,14.0,"Ajuin, tonijn / oignon thon"
Palomino,Pizza  chorizo,14.5,"Paprika, olijf, chorizo / paprika, olive, chorizo"
Palomino,Pizza quatro stagioni,15.5,"Ham, champignons, salami,artichok / jambon, champignon, salami, artichaux"
Palomino,Pizza pollo,15.5,"Kip, paprika, champignon / poulet, parpika, champignon"
Palomino,Pizza pikanto,16.0,"Salami, peper, paprika, ajuin, ham / salami poivre, paprika, oignions, jambon"
Palomino,Pizza merguez,16.5,"Merguez, artichok, champignon"
Palomino,Pizza affumicato,17.5,Gereookte zalm / sauman fume
Palomino,Pizza zevruchten,19.0,"Zeevruchten, look / fruit de mer, lail"
Palomino,Pizza scampi,20.0,"Paprika ajuin, scampi / paprika, oigonon, scampi"
Carrefour Express Sint-Pieters,HERTA Pizzadeeg Dun Rond 260 g,4.25,"Herta® Fijn en Rond Pizzadeeg, de klassieke ronde pizza wordt bereid met echt bakkersgist waardoor deze tijdens het koken zachtjes kan rijzen. Voeg gewoon uw favoriete verse ingrediënten toe aan het deeg voor een smakelijke, dunne en knapperige pizza in slechts enkele minuten! Trakteer uzelf!"
Carrefour Express Sint-Pieters,Carrefour Zeevruchtencocktail 500 g,6.49,"Deze cocktail van pijlinktvis, mosselen en garnalen is ideaal voor de bereiding van heerlijke gerechten: risotto, pasta, pizza of paella met zeevruchten. Of misschien wil u wat meer pit brengen in uw spaghetti met een lekkere zeevruchtensaus..."
Carrefour Express Sint-Pieters,Dr. Oetker Pizza Ristorante Quattro Formaggi 340 g,4.15,Dr. Oetker Pizza Ristorante Quattro Formaggi 340 g
Carrefour Express Sint-Pieters,Bruggeman Bakkersgist 42 g,0.25,"Ideaal voor uw brood, wafels, pizzas..."
Carrefour Express Sint-Pieters,Carrefour Bio Basilicum in pot,1.15,"Basilicum, of koningskruid, is onmisbaar in alle tomatengerechten. Het past uitstekend bij alle zuiderse gerechten zoals pastas en pizzas. Basilicum is ook erg lekker bij vis-en vleesgerechten en is het belangrijkste ingrediënt in de typische pesto. De blaadjes niet fijnhakken maar scheuren of knippen en pas op het einde van de bereiding toevoegen."
Carrefour Express Sint-Pieters,Come a Casa Pizza Bolognese 350 g,4.09,Come a Casa Pizza Bolognese 350 g
Carrefour Express Sint-Pieters,Dr. Oetker Casa di Mama Pizza Speciale 415 g,6.75,Dr. Oetker Casa di Mama Pizza Speciale 415 g
Carrefour Express Sint-Pieters,Dr. Oetker Pizza Ristorante Mozzarella 355 g,3.89,Dr. Oetker Pizza Ristorante Mozzarella 355 g
Carrefour Express Sint-Pieters,Dr. Oetker Pizza Ristorante Barbecue 340 g,6.25,Dr. Oetker Pizza Ristorante Barbecue 340 g
Carrefour Express Sint-Pieters,Dr. Oetker Pizza Ristorante Speciale 345 g,3.99,Dr. Oetker Pizza Ristorante Speciale 345 g
Carrefour Express Sint-Pieters,Dr. Oetker Pizza Ristorante Tonno 355 g,4.39,"Dr. Oetker gebruikt alleen Skipjack Tuna (Katsuwonus pelamis), deze diersoort wordt niet met uitsterven bedreigd."
Carrefour Express Sint-Pieters,Dr. Oetker Pizza Ristorante Prosciutto 340 g,4.59,Dr. Oetker Pizza Ristorante Prosciutto 340 g
Carrefour Express Sint-Pieters,Dr. Oetker Pizza Ristorante Bolognese e Formaggi 375 g,5.15,Dr. Oetker Pizza Ristorante Bolognese e Formaggi 375 g
Carrefour Express Sint-Pieters,Dr. Oetker La Margherita Classica 265 g,4.25,"Top je pizza heerlijk af met:
ham
parmezaan
rucola"
Carrefour Express Sint-Pieters,Dr. Oetker Pizza Ristorante Hawaii 355 g,3.95,Dr. Oetker Pizza Ristorante Hawaii 355 g
Carrefour Express Sint-Pieters,Dr. Oetker Pizza Ristorante Spinaci 390 g,3.79,Dr. Oetker Pizza Ristorante Spinaci 390 g
Carrefour Express Sint-Pieters,Dr. Oetker Pizza Ristorante Pollo 355 g,4.59,Dr. Oetker Pizza Ristorante Pollo 355 g
Carrefour Express Sint-Pieters,Dr. Oetker Pizza Ristorante Funghi 365 g,4.69,Dr. Oetker Pizza Ristorante Funghi 365 g
Carrefour Express Calvoet,Carrefour Cocktail de Fruits de Mer 500 g,6.49,"Ce cocktail de calmars, moules et crevettes est idéal pour confectionner des plats savoureux : risotto, pâtes, pizza ou paella de la mer. Ou peut-être pour agrémenter vos Spaghetti dune délicieuse sauce aux fruits de mer..."
Carrefour Express Calvoet,Dr. Oetker Pizza Ristorante Quattro Formaggi 340 g,4.15,Dr. Oetker Pizza Ristorante Quattro Formaggi 340 g
Carrefour Express Calvoet,Carrefour Classic' Pâte à Pizza Fine et Ronde 260 g,1.35,Carrefour Classic Pâte à Pizza Fine et Ronde 260 g
Carrefour Express Calvoet,Carrefour Bio Basilic en pot,1.15,"Incontournable dans tous les plats à base de tomates, le basilic accompagne idéalement toutes les spécialités méridionales comme les pâtes et les pizzas. Le basilic est également dans les plats à base de poisson et de viande et constitue le principal ingrédient du pesto classique. Ne pas hacher finement mais les déchirer ou les découper et les ajouter seulement en fin de préparation."
Carrefour Express Calvoet,Carrefour Bio Pizza Margherita Cuite au Feu de Bois 310 g,2.59,"Cette pizza est fabriquée en Italie, à partir dingrédients issus de lagriculture biologique. Elaborée à partir dune pâte à lhuile dolive vierge extra (2.5%), elle est nappée de sauce tomate et de mozzarella, puis cuite au feu de bois, ce qui lui donne son croustillant et son goût unique si attachant."
Carrefour Express Calvoet,Dr. Oetker Casa di Mama Pizza Speciale 415 g,6.75,Dr. Oetker Casa di Mama Pizza Speciale 415 g
Carrefour Express Calvoet,Dr. Oetker Pizza Ristorante Mozzarella 355 g,3.89,Dr. Oetker Pizza Ristorante Mozzarella 355 g
Carrefour Express Calvoet,Bruggeman Levure de Boulangerie 42 g,0.25,"Idéale pour vos pains, brioches, pizzas..."
Carrefour Express Calvoet,Dr. Oetker Pizza Ristorante Barbecue 340 g,6.25,Dr. Oetker Pizza Ristorante Barbecue 340 g
Carrefour Express Calvoet,Dr. Oetker Pizza Ristorante Speciale 345 g,3.99,Dr. Oetker Pizza Ristorante Speciale 345 g
Carrefour Express Calvoet,Dr. Oetker Pizza Ristorante Tonno 355 g,4.39,"Dr. Oetker utilise uniquement du thon rose (Katsuwonus pelamis), dont les stocks ne sont pas en danger."
Carrefour Express Calvoet,Dr. Oetker Pizza Ristorante Salame 320 g,4.59,Dr. Oetker Pizza Ristorante Salame 320 g
Carrefour Express Calvoet,Dr. Oetker Pizza Ristorante Prosciutto 340 g,4.59,Dr. Oetker Pizza Ristorante Prosciutto 340 g
Carrefour Express Calvoet,Dr. Oetker Pizza Ristorante Bolognese e Formaggi 375 g,5.15,Dr. Oetker Pizza Ristorante Bolognese e Formaggi 375 g
Carrefour Express Calvoet,Dr. Oetker La Margherita Classica 265 g,4.25,"Garnissez votre pizza de:
jambon
roquette
parmesan"
Carrefour Express Calvoet,Dr. Oetker Pizza Ristorante Hawaii 355 g,3.95,Dr. Oetker Pizza Ristorante Hawaii 355 g
Carrefour Express Calvoet,Dr. Oetker Pizza Ristorante Spinaci 390 g,3.79,Dr. Oetker Pizza Ristorante Spinaci 390 g
Carrefour Express Calvoet,Carrefour Pizza Mozzarella Pâte Fine 340 g,2.05,"Les pizzas ""pâte Fine"" Carrefour vous séduiront avec leur pâte croustillante. Cette pizza se déguste seule ou se partage en famille, en entrée ou en plat.

Cette pizza Mozzarella est garnie de :
Délicieuses tranches de mozzarella
Savoureuses tomates cerise"
Carrefour Express Calvoet,Dr. Oetker Pizza Ristorante Pollo 355 g,4.59,Dr. Oetker Pizza Ristorante Pollo 355 g
Carrefour Express Calvoet,Dr. Oetker Pizza Ristorante Funghi 365 g,4.69,Dr. Oetker Pizza Ristorante Funghi 365 g
Pizzeria des copains halal,Pizza du Chef,10.5,Selon les saisons et l’humeur du chef...
Nove Mila,Calzone ,13.9,"Dubbelgevouwen pizza, mozzarella, salami, ham, champignons, paprika, bolognaisesaus,  "
Nove Mila,Calzone ,9.5,"Dubbelgevouwen pizza, mozzarella, salami, ham, champignons, paprika, bolognaisesaus,  "
Carrefour Express Sint-Kruis,Carrefour Classic' Pizzadeeg Dun en Rond 260 g,1.35,Carrefour Classic Pizzadeeg Dun en Rond 260 g
Carrefour Express Sint-Kruis,Dr. Oetker Pizza Ristorante Quattro Formaggi 340 g,4.15,Dr. Oetker Pizza Ristorante Quattro Formaggi 340 g
Carrefour Express Sint-Kruis,Bruggeman Bakkersgist 42 g,0.25,"Ideaal voor uw brood, wafels, pizzas..."
Carrefour Express Sint-Kruis,Carrefour Bio Basilicum in pot,1.15,"Basilicum, of koningskruid, is onmisbaar in alle tomatengerechten. Het past uitstekend bij alle zuiderse gerechten zoals pastas en pizzas. Basilicum is ook erg lekker bij vis-en vleesgerechten en is het belangrijkste ingrediënt in de typische pesto. De blaadjes niet fijnhakken maar scheuren of knippen en pas op het einde van de bereiding toevoegen."
Carrefour Express Sint-Kruis,Come a Casa Pizza Bolognese 350 g,4.09,Come a Casa Pizza Bolognese 350 g
Carrefour Express Sint-Kruis,Dr. Oetker Casa di Mama Pizza Speciale 415 g,6.75,Dr. Oetker Casa di Mama Pizza Speciale 415 g
Carrefour Express Sint-Kruis,Dr. Oetker Pizza Ristorante Mozzarella 355 g,3.89,Dr. Oetker Pizza Ristorante Mozzarella 355 g
Carrefour Express Sint-Kruis,Dr. Oetker Pizza Tradizionale Speciale 400 g,7.25,Dr. Oetker Pizza Tradizionale Speciale 400 g
Carrefour Express Sint-Kruis,Dr. Oetker Pizza Ristorante Barbecue 340 g,6.25,Dr. Oetker Pizza Ristorante Barbecue 340 g
Carrefour Express Sint-Kruis,Dr. Oetker Pizza Ristorante Speciale 345 g,3.99,Dr. Oetker Pizza Ristorante Speciale 345 g
Carrefour Express Sint-Kruis,Dr. Oetker Pizza Ristorante Tonno 355 g,4.39,"Dr. Oetker gebruikt alleen Skipjack Tuna (Katsuwonus pelamis), deze diersoort wordt niet met uitsterven bedreigd."
Carrefour Express Sint-Kruis,Dr. Oetker Pizza Ristorante Prosciutto 340 g,4.59,Dr. Oetker Pizza Ristorante Prosciutto 340 g
Carrefour Express Sint-Kruis,Dr. Oetker Pizza Ristorante Bolognese e Formaggi 375 g,5.15,Dr. Oetker Pizza Ristorante Bolognese e Formaggi 375 g
Carrefour Express Sint-Kruis,Dr. Oetker La Margherita Classica 265 g,4.25,"Top je pizza heerlijk af met:
ham
parmezaan
rucola"
Carrefour Express Sint-Kruis,Dr. Oetker Pizza Ristorante Hawaii 355 g,3.95,Dr. Oetker Pizza Ristorante Hawaii 355 g
Carrefour Express Sint-Kruis,Dr. Oetker Pizza Ristorante Spinaci 390 g,3.79,Dr. Oetker Pizza Ristorante Spinaci 390 g
Carrefour Express Sint-Kruis,Carrefour Pizza Mozzarella Dunne Bodem 340 g,2.05,"De pizzas met dunne bodem van Carrefour verleiden u met hun krokante bodem. Heerlijk om alleen of met het gezin van te genieten als voor- of hoofdgerecht.
 
Deze pizza Mozzarella is sappig gegarneerd met:
Heerlijke sneetjes mozzarella
Lekkere kerstomaten"
Carrefour Express Sint-Kruis,Dr. Oetker Pizza Ristorante Pollo 355 g,4.59,Dr. Oetker Pizza Ristorante Pollo 355 g
Carrefour Express Sint-Kruis,Dr. Oetker Pizza Ristorante Funghi 365 g,4.69,Dr. Oetker Pizza Ristorante Funghi 365 g
Pizza Posto,Turkse pizza,3.0,
Pizza Posto,Pizza margherita,7.0,Tomatenaus en kaas
Pizza Posto,Pizza prosciutto,8.0,"Kaas, ham"
Pizza Posto,Pizza salami,8.0,"Kaas, basilicum, salami"
Pizza Posto,Pizza vegetarisch,8.0,"Kaas, paprika, brocolli, champignons, artisjok"
Pizza Posto,Pizza hawaii,8.0,"Tomatensaus, ham, ananas en kaas"
Pizza Posto,Pizza 4 kazen,8.5,"kaas, gorgonzola, feta, parmezaan"
Pizza Posto,Pizza mozzarella,8.0,"Kaas, ham, mozzarela, verse tomaten"
Pizza Posto,Pizza funghi,7.5,"Kaas, champignons, basilicum"
Pizza Posto,Pizza family,17.0,"Tomatensaus, kaas (50 cm)"
Pizza Posto,Pizza kebab,8.0,"Kaas, kebab, vlees, uien, verse tomaten"
Pizza Posto,Menu margherita,7.5,Pizza Margherita + drankje
Pizza Posto,Pizza salami,8.0,"Kaas, basilicum, salami"
Pizza Posto,Pizza margherita,7.0,Tomatensaus en kaas
The Lounge Dinner House,Pizzaiola,13.9,"Zalm, mozarella, ajuin"
CIAO BELLA brugge,Self pizza,15.0,"Tomaten sap, mozzarella kaas, drie ingredienten naar keuze"
CIAO BELLA brugge,Baby Pizza,11.5,"Tomatensaus, mozzarella, mais"
CIAO BELLA brugge,Pizza gourmet,16.0,"Gezuurd deeg 24 uur, tomatensaus, mozzarella kaas"
Pizzaria Mr. Sebino,Pizza Pitta,12.0,"Pitta, ui (medium)"
Pizzaria Mr. Sebino,Pizza Scampi,12.0,"Scampis, look, ui, broccoli (medium)"
Sabito's Pizza,Menu 1: Sla naar keuze,15.0,"Pizza naar keuze, Sla naar keuze, 2 blikjes frisdrank"
Sabito's Pizza,Menu 2: Frietjes met Saus,15.0,"Pizza naar keuze, Frietjes + saus, 2 blikjes frisdrank"
Sabito's Pizza,Menu 3: Hotwings,15.0,"Pizza naar keuze, Hotwings, 2 blikjes frisdrank"
Pizza Hut,Duo menu,19.9,4 lookbroodjes of 4 chicken wings (normal) + 1 medium pizza naar keuze + 2 frisdranken 33cl
Pizza Hut,Quattro menu,32.9,"1 Cheezy Bread of 8 lookbroodjes of 8 chicken wings + 2 medium pizzas naar keuze + 1,5L Pepsi/Pepsi Max/7up"
Pizza Hut,Pepper Pizza,18.0,"Dubbele portie rundvlees, tomatenblokjes, rode ui, pepersaus, tomatensaus, mozzarella

"
Pizza Hut,Falafel pizza,19.5,"Falafelballetjes, basilicumdressing, tomatenblokjes, peterselie, tomatensaus, violife vegan kaas"
Pizza Hut,Basilico Pizza,24.5,"Prosciutto, kerstomaten, basilicumdressing, tomatensaus, mozzarella"
Pizza Hut,Falafel pizza,24.5,"Falafelballetjes, basilicumdressing, tomatenblokjes, peterselie, tomatensaus, violife vegan kaas"
Pizza Hut,Pepper Pizza,18.0,
Testa Rossi,Siana,16.5,"Pizza épicée avec tomates cerises, basilic, roquette et piments forts."
Testa Rossi,Dello Chef,17.5,"Pizza bien garnie de mozzarella, sauce tomate, viande et légumes."
Testa Rossi,Calzone,17.5,"Pizza fermée avec mozzarella, sauce tomate, viande et légumes."
Testa Rossi,Pizza Calabria,20.5,"Saucisse fraîche épicée de Calabre (Nduja), salade de roquette, tomates cerises, pesto et oignon rouge."
Testa Rossi,Bambini Margherita,8.5,"pizza, mozzarella et sauce tomate."
Testa Rossi,Bambini Mozzarella,8.5,"pizza, mozzarella, tomates cerises, basilic et sauce tomate."
Testa Rossi,Bambini Borromea,8.5,"pizza, mozzarella, sauce tomate et jambon cuit."
Testa Rossi,Bambini Capricciosa,8.5,"pizza, mozzarella, sauce tomate et champignons."
Testa Rossi,Bambini Hawai,8.5,"pizza, mozzarella, sauce tomate, jambon et ananas."
Testa Rossi,Bambini Salamea,8.5,"pizza, mozzarella, sauce tomate et salami."
Grand Mangeur (CHC BV),Pizza loaf,3.0,"With homemade tomato sauce, seasonal vegetables, ham and cheese, served hot"
Cuisine Tossins,Pizzabaguette,6.0,
Pizza Factory ,Bianca neve,20.0,Witte pizza room mozzarella tallegio kaas parmigiano truffel olie entartufatta
Pizza Factory ,Domenico,20.0,Witte pizza volkorendeeg carpaccio van bresaola rucola parmigiano en burrata pijnboompitje
Pizza Factory ,Pizzabrood,6.0,"Olijfolie, kruiden, tijm"
Pizza Factory ,Salerno:,20.0,"Witte pizza mozzarella, mortadella pistachio, ricotta di buffala pesto en zon gedroogde tomaten"
Pizza Factory ,Pizza Nutella,8.0,
Pizza Factory ,Pizza tonnara,18.0,"Tonijn, gekarameliseerde ajuin, kappertjes olijven"
Pizza Factory ,Milano,16.5,"Pizza bianca: gorgonzola, mozzarella, champignons, spek, rozemarijn"
Pizza Factory ,Capra,15.5,"Pizza bianca: geitenkaas, zwarte olijven, rucola"
Panos Brugge,Pizzabaguette Tomaat-Mozzarella,4.6,"Tomaat, mozzarella, oregano, rucola"
Panos Brugge,Pizzabaguette Hawai,4.6,"Ham, ananas, mozzarella, oregano"
Panos Brugge,Pizzabaguette Salami,4.6,"Salami, verse ui, mozzarella, oregano"
Panos Brugge,Pizzabaguette 3 kazen,4.6,"Maredsous, Gorgonzola, mozzarella, oregano"
grillmixcentrum,Pizza 4 Seizoenen,10.0,"Tomatensaus, kaas, salami, ham, champignons, paprika."
grillmixcentrum,Pizza Napoletana ,10.0,"Tomatensaus, kaas, ansjovis, olijven, kappertjes."
grillmixcentrum,Pizza Margherita ,9.0,"Tomatensaus, kaas."
grillmixcentrum,Pizza Hawaï ,10.0,"Tomatensaus, kaas, ananas, ham, maïs, kip."
grillmixcentrum,Pizza Scampi ,11.0,"Tomatensaus, kaas, verse tomaatjes, look, ui, scampis."
grillmixcentrum,Pizza 4 Kazen,10.0,"Tomatensaus, kaas, gorgonzola, feta, bel paese."
grillmixcentrum,Pizza Dolce Vita ,10.0,"Roomsaus, kaas, look, ui, spek, ei."
grillmixcentrum,Pizza Calzone ,10.0,"Gesloten pizza gevuld met bolognese saus, salami, ham, champignons, ui."
grillmixcentrum,Pizza Funghi ,10.0,"Tomatensaus, kaas, champignons."
grillmixcentrum,Pizza Prosciutto ,10.0,"Tomatensaus, kaas, ham."
grillmixcentrum,Pizza Tonno ,10.0,"Tomatensaus, kaas, tonijn, ui."
grillmixcentrum,Pizza Vegetarisch ,10.0,"Tomatensaus, kaas, champignons, ui, maïs, olijven, artisjok."
grillmixcentrum,Pizza Salami ,10.0,"Tomatensaus, kaas, salami."
grillmixcentrum,Pizza Pescatore ,10.0,"Tomatensaus, kaas, diverse vissoorten."
grillmixcentrum,Pizza Bolognese ,10.0,"Tomatensaus, kaas, bolognese."
grillmixcentrum,Pizza Pollo ,10.0,"Tomatensaus, kaas, kip, ui, paprika."
grillmixcentrum,Pizza Chicken Barbecue ,10.0,"Tomatensaus, kaas, kipfilet."
grillmixcentrum,Pizza Döner Kebab,10.5,"Tomatensaus, kaas, ui, look, döner kebab."
grillmixcentrum,Pizza Van Het Huis,10.5,"Tomatensaus, kaas, chorizo, ham, pikante peper, champignons, ui, paprika."
grillmixcentrum,Pizza Capricciosa ,10.0,"Tomatensaus, kaas, ham, champignons, paprika."
grillmixcentrum,Pizza Pepperoni ,10.0,"Tomatensaus, kaas, chorizo, pikante peper."
grillmixcentrum,Pizza Rustica ,10.0,"Tomatensaus, kaas, ham, salami, ei."
Nuova Era,Pizza voor 4,47.0,"Hawai, Regina, Salame, Primavera (vege)"
Nuova Era,Pirovano Pinot Grigio Igt (Veneto),23.5,"Droge aromatische wijn, goed gebalanceerd en fluweelzacht. Perfect bij pizza, pasta en gegrilde vis."
Nuova Era,Tonno Alla Griglia Con Salsa Pizzaiola,25.9,"Vers gegrilde tonijnsteak met pizzaiolasaus, rozemarijn aardappeltjes en sla"
Nuova Era,Pizza Con Gamberi E Rucola,16.9,"Tomaat, mozzarella, scampi, look, rucola en kerstomaat"
Nuova Era,Pizza Marinara,8.9,"Tomaat, look, oregano en verse basilicum"
Nuova Era,Pizza Bufala,15.9,"Tomaat, buffelmozzarella, kerstomaten en rucola"
Nuova Era,Pizza voor 6,75.0,"Hawai, Regina, Salame, Primavera (vege), Quatro Stagioni, Al Tonno"
Nuova Era,Pizza Margherita,10.5,"Tomaat, mozzarella en verse basilicum"
Nuova Era,Pizza Funghi,11.2,"Tomaat, mozzarella, champignons en verse basilicum"
Nuova Era,Pizza Museo,17.9,"Tomaat, buffelmozzarella, parmaham, kerstomaat, rucola en aubergines"
Nuova Era,Pizza Tre Gusti,17.9,"Tomaat, mozzarella, gemarineerde kippenreepjes, salami picante, pancetta en rucola"
Nuova Era,"Campogrande Orvieto Classico Doc (Antiniori, Toscane)",24.0,"Heel toegankelijke droge, frisse en volle wijn vol aroma’s van fruit (groene appels en ananas) en bloemen. Ideaal als aperitief, bij pizza, bij een slaatje of een ander zomers gerechtje."
Nuova Era,Pizza Regina,12.9,"Tomaat, mozzarella, champignons en ham"
Nuova Era,Pizza Carne Picante,17.5,"Tomaat, mozzarella, meatballs, pikante salami en rode pikante pepers"
Nuova Era,Pizza Hawaï,12.9,"Tomaat, mozzarella, ham en ananas"
Nuova Era,Pizza Salame,12.9,"Tomaat, mozzarella, salami en verse basilicum"
Nuova Era,Steak & Rocket Pizza,19.5,"Tomaat, mozzarella, gegrilde gesneden steak, rucola, rode ui, kerstomaat, olijven en parmezaan"
Nuova Era,Pizza Siciliana,13.5,"Tomaat, mozzarella, olijven, kappertjes en ansjovis"
Nuova Era,Pizza Con Bresaola E Tartufata,19.5,"Tomaat, mozzarella, bresaola, truffelcreme en rucola"
Nuova Era,Tenute Il Poggione Rosso Di Montalcino Doc (Toscane),51.5,"Deze kleine broer van de Brunello wordt gemaakt van iets jongere druivenstokken. De wijn wordt 12 maanden gerijpt op Franse eik en nog 6 tot 9 maand op fles. Deze donkerrode wijn heeft een fruitig bouquet, krachtig en heeft een lange afdronk. Ideaal bij pasta, geroosterd of gegrild vlees en pizza."
Nuova Era,Pizza Primavera,13.8,"Tomaat, mozzarella, aubergines, courgettes, paprika, champignons en olijven"
Nuova Era,Pizza di Bitonto,19.9,"Pizza met gegrilde paprika, kerstomaten, burrata en verse basilicum"
Nuova Era,Pizza Calzone,13.9,"Gesloten pizza,mozzarella, tomaat, ham en champignons"
Nuova Era,Pizza Caprino,16.9,"Tomaat, geitenkaas, pijnboompitten, zongedroogde tomaat en honing"
Nuova Era,Pizza Quattro Formaggi,14.9,Tomaat en 4 verschillende kazen
Nuova Era,Pizza Vitello Tonato,19.5,"Tomaat, mozzarella, gesneden kalfsgebraad, kappertjes en tonijnsaus"
Nuova Era,Pizza Quattro Stagioni,14.9,"Tomaat, mozzarella, champignons, ham, paprika en artisjok"
Nuova Era,Pizza Capricciosa,16.9,"Tomaat, mozzarella, ham, champignons, ei en artisjok"
Nuova Era,Pizza Frutti Di Mare,16.5,"Tomaat, mozzarella, zeevruchten en look"
Nuova Era,Pizza Diabola,13.5,"Tomaat, mozzarella, pikante salami, rode ui en paprika"
Nuova Era,Pizza Flandria,16.9,"Tomaat, mozzarella, scampi, spinazie en gerookte zalm"
Nuova Era,Pizza Al Tonno,15.9,"Tomaat, mozzarella, tonijn, rode ui en kappertjes"
Nuova Era,Pizza Carpaccio,17.9,"Tomaat, mozzarella, carpaccio, rucola en parmezaan"
Nuova Era,Pizza Parma,16.9,"Tomaat, mozzarella, parmaham, rucola en parmezaan"
Nuova Era,Pizza Dello Chef,17.5,"Tomaat, mozzarella, salami calabrese, artisjok, ei, rode ui en olijven"
Nuova Era,"Pizza ""Bambino""",8.5,Kinderpizza
Ristorante Kwizien Divien,Pizza Salami,15.5,"Tomatensaus,mozzarella ,salami,oregano"
Ristorante Kwizien Divien,Pizza Margherita,13.5,"Tomatensaus, mozzarella, oregano"
Ristorante Kwizien Divien,Pizza Napoletana,16.5,"Tomatensaus, mozzarella, ansjovis, kappertjes,olijven,oregano"
Ristorante Kwizien Divien,Pizza Hawaï,16.5,"Tomatensaus,mozzarella,ham,ananas,oregano"
Ristorante Kwizien Divien,Pizza Quattro Formaggi,16.5,"Tomatensaus,4 storten kaas,oregano"
Ristorante Kwizien Divien,Pizza Spinaci,17.5,"Tomatensaus,mozzarella,spinazie,olijven,feta,knoflook,oregano"
Ristorante Kwizien Divien,Pizza Diavola,17.0,"Tomatensaus,mozzarella,ham,champignons,oregano ( Pikant)"
Ristorante Kwizien Divien,Pizza Tonno,18.0,"Tomatensaus,mozzarella ,tonijn,ui ,olijven,oregano"
Ristorante Kwizien Divien,Pizza Kwizien Divien,20.0,"Tomatensaus,mozzarella ,rundscarpaccio,verse parmezaans,rucola,oregano"
La grappa,Calzone,13.5,gegichtegeklapte pizza met tomaten mozzarella ham en champions
Adana Kebab BBQ,pizza magarita,9.0,"tomatensous, kaas"
Adana Kebab BBQ,Bidos durum kabab,12.0,"pizzakaas, pita vlees , gebakken auin"
Adana Kebab BBQ,Bidos durum kip,12.0,"pizza kaas ,kipfilet,gebakken ajuin"
Adana Kebab BBQ,pizza 4 formaggi,13.0,vier soorten kaas
Adana Kebab BBQ,Bidos durum mix,13.0,"pizza kaas ,kipfilet,pita vlees,gebakken ajuin"
Adana Kebab BBQ,pizza funghi,11.0,champignons
Adana Kebab BBQ,Pide kip,14.0,"kip, pizza kaas"
Adana Kebab BBQ,Bidos durum mix special,14.0,"pizza kaas ,kipfilet,pita vlees,gebakken ajuin ,paprka , champignons"
Adana Kebab BBQ,pizza yad,13.0,"champignons, kip"
Adana Kebab BBQ,Bidos durum vegetarisch,12.0,"pizzakaas,paprika,ui,champignongs"
Adana Kebab BBQ,pizza Nisa,13.0,kip
Adana Kebab BBQ,Pizza  chicken BBQ,15.0,"kip,paprika,ajuin,bbq sous"
Adana Kebab BBQ,pizza prosciutto,13.0,ham
Adana Kebab BBQ,pizza salami,13.0,salami
Adana Kebab BBQ,pizza capricious,14.0,"ham,champignons"
Adana Kebab BBQ,pizza Milano,14.0,"ham,salami,champignong"
Adana Kebab BBQ,pizza 4 vinde,15.0,"pita,kip,salami,ham"
Adana Kebab BBQ,pizza 4 staggioni,15.0,"ham,salami,paprika ,champignons"
Adana Kebab BBQ,pizza vegtale,13.0,"champignons,paprika,ui,olijven,ui"
Adana Kebab BBQ,pizza tonno,14.0,"tonijn,ui,olijven,look"
Adana Kebab BBQ,pizza hawai,13.0,"ham,ananas"
Adana Kebab BBQ,pizza pollo,14.0,"kip,paprika,ui"
Adana Kebab BBQ,pizza pita,13.0,pita vlees
Adana Kebab BBQ,pizza bolognaise,13.0,bolognaisesous
Adana Kebab BBQ,pizza compollo,14.0,"kip,ananas"
Adana Kebab BBQ,pizza fruitti de mare,14.0,zeevruchten
That's Kebap,Menu pizza medium,9.95,1 medium pizza + soda
That's Kebap,Menu pizza large,14.95,1 large pizza + 2 soda
That's Kebap,Grote Pizza,5.0,
That's Kebap,Medium Pizza,0.0,
Mim Supermarkt - Nachtwinkel,Pizza Dr Oetker Quattro Hawaii,5.63,
Mim Supermarkt - Nachtwinkel,Pizza Dr Formaggi,5.63,
Mim Supermarkt - Nachtwinkel,Pizza Dr Oetker Tonno,5.63,
Mim Supermarkt - Nachtwinkel,Pizza Dr Oetker Salami,5.63,
Mim Supermarkt - Nachtwinkel,Pizza Dr Oetker Speciale,5.63,
Mim Supermarkt - Nachtwinkel,Pizza Dr Oetker Mozzarella,5.63,
Mim Supermarkt - Nachtwinkel,Pizza Dr  Oetker Bolognese Fromages,5.63,
Mim Supermarkt - Nachtwinkel,Pizza Dr  Oetker spinaci,5.63,
Mim Supermarkt - Nachtwinkel,Pizza Dr Oetker Pollo,5.63,
Mim Supermarkt - Nachtwinkel,Pizza Dr Oetker Vegetale,5.63,
Carrefour Express Laeken,Carrefour Cocktail de Fruits de Mer 500 g,6.49,"Ce cocktail de calmars, moules et crevettes est idéal pour confectionner des plats savoureux : risotto, pâtes, pizza ou paella de la mer. Ou peut-être pour agrémenter vos Spaghetti dune délicieuse sauce aux fruits de mer..."
Carrefour Express Laeken,HERTA Pâte à Pizza Fine Ronde 260 g,4.25,"La pâte à Pizza Fine et Ronde de Herta®, la pizza ronde et classique qui est préparée avec une véritable levure boulangère qui lui permet de lever doucement à la cuisson. Il vous suffit dajouter vos ingrédients frais préférés sur la pâte, pour réussir en quelques minutes une savoureuse pizza, fine et croustillante ! Régalez-vous!"
Carrefour Express Laeken,Carrefour Classic' Pâte à Pizza Fine et Ronde 260 g,1.35,Carrefour Classic Pâte à Pizza Fine et Ronde 260 g
Carrefour Express Laeken,Dr. Oetker Pizza Ristorante Quattro Formaggi 340 g,4.15,Dr. Oetker Pizza Ristorante Quattro Formaggi 340 g
Carrefour Express Laeken,Carrefour Bio Basilic en pot,1.15,"Incontournable dans tous les plats à base de tomates, le basilic accompagne idéalement toutes les spécialités méridionales comme les pâtes et les pizzas. Le basilic est également dans les plats à base de poisson et de viande et constitue le principal ingrédient du pesto classique. Ne pas hacher finement mais les déchirer ou les découper et les ajouter seulement en fin de préparation."
Carrefour Express Laeken,Bruggeman Levure de Boulangerie 42 g,0.25,"Idéale pour vos pains, brioches, pizzas..."
Carrefour Express Laeken,Carrefour Bio Pizza Margherita Cuite au Feu de Bois 310 g,2.59,"Cette pizza est fabriquée en Italie, à partir dingrédients issus de lagriculture biologique. Elaborée à partir dune pâte à lhuile dolive vierge extra (2.5%), elle est nappée de sauce tomate et de mozzarella, puis cuite au feu de bois, ce qui lui donne son croustillant et son goût unique si attachant."
Carrefour Express Laeken,Dr. Oetker Pizza Ristorante Mozzarella 355 g,3.89,Dr. Oetker Pizza Ristorante Mozzarella 355 g
Carrefour Express Laeken,Dr. Oetker Pizza Ristorante Speciale 345 g,3.99,Dr. Oetker Pizza Ristorante Speciale 345 g
Carrefour Express Laeken,Dr. Oetker Pizza Ristorante Tonno 355 g,4.39,"Dr. Oetker utilise uniquement du thon rose (Katsuwonus pelamis), dont les stocks ne sont pas en danger."
Carrefour Express Laeken,Dr. Oetker Pizza Ristorante Prosciutto 340 g,4.59,Dr. Oetker Pizza Ristorante Prosciutto 340 g
Carrefour Express Laeken,Dr. Oetker Pizza Ristorante Bolognese e Formaggi 375 g,5.15,Dr. Oetker Pizza Ristorante Bolognese e Formaggi 375 g
Carrefour Express Laeken,Dr. Oetker La Margherita Classica 265 g,4.25,"Garnissez votre pizza de:
jambon
roquette
parmesan"
Carrefour Express Laeken,Dr. Oetker Pizza Ristorante Hawaii 355 g,3.95,Dr. Oetker Pizza Ristorante Hawaii 355 g
Carrefour Express Laeken,Dr. Oetker Pizza Ristorante Spinaci 390 g,3.79,Dr. Oetker Pizza Ristorante Spinaci 390 g
Carrefour Express Laeken,Carrefour Pizza Mozzarella Pâte Fine 340 g,2.05,"Les pizzas ""pâte Fine"" Carrefour vous séduiront avec leur pâte croustillante. Cette pizza se déguste seule ou se partage en famille, en entrée ou en plat.

Cette pizza Mozzarella est garnie de :
Délicieuses tranches de mozzarella
Savoureuses tomates cerise"
Carrefour Express Laeken,Dr. Oetker Pizza Ristorante Pollo 355 g,4.59,Dr. Oetker Pizza Ristorante Pollo 355 g
Carrefour Express Laeken,Carrefour Extra 4 Stagioni 400 g,2.59,"La pizza 4 Stagioni est cuite sur pierre pour vous offrir une pâte croustillante à lextérieur et moelleuse à lintérieur. Elle accompagnera vos repas en famille ou entre amis et peut se déguster en entrée ou en plat.  

La pizza 4 Stagioni, cest un mariage unique de :
Savoureux épinards
Oignons frits
Poivrons pour relever lensemble
Champignons de Paris finement coupés en tranches"
Carrefour Express Laeken,Dr. Oetker Pizza Ristorante Funghi 365 g,4.69,Dr. Oetker Pizza Ristorante Funghi 365 g
Pizza Hut,Duo menu,19.9,4 lookbroodjes of 4 chicken wings (normal) + 1 medium pizza naar keuze + 2 frisdranken 33cl
Pizza Hut,Quattro menu,32.9,"1 Cheezy Bread of 8 lookbroodjes of 8 chicken wings + 2 medium pizzas naar keuze + 1,5L Pepsi/Pepsi Max/7up"
Pizza Hut,The BOX,27.0,"1 Pizza Pan Large (of Medium Classic of Cheezy Crust (+1,80€)) + American Potatoes + 8 Chicken Croqs + 2 lookbroodjes + 4 Chicken Wings "
Pizza Hut,Pepper Pizza,18.0,"Dubbele portie rundvlees, tomatenblokjes, rode ui, pepersaus, tomatensaus, mozzarella

"
Pizza Hut,Falafel pizza,19.5,"Falafelballetjes, basilicumdressing, tomatenblokjes, peterselie, tomatensaus, violife vegan kaas"
Pizza Hut,Falafel pizza,24.5,"Falafelballetjes, basilicumdressing, tomatenblokjes, peterselie, tomatensaus, violife vegan kaas"
Pizza Hut,Pepper Pizza,18.0,
Pizza Hut,"Yes, I want chessy crust with my large pizza please",6.6,
Ristorante-Pizzeria Milano ,Pizza napoli,18.8,
Ristorante-Pizzeria Milano ,Pizza salami,18.2,
Ristorante-Pizzeria Milano ,Pizza hawaï,18.8,
Ristorante-Pizzeria Milano ,Pizza primavera,18.8,
Ristorante-Pizzeria Milano ,Pizza quattro stagioni,21.0,"Tomatensaus, mozzarella, ham, salami, champignon, ajuin, paprika en artisjok."
Ristorante-Pizzeria Milano ,Pizza margherita,12.5,Tomatensaus en mozzarella.
Ristorante-Pizzeria Milano ,Pizza cipolla,14.9,"Tomatensaus, mozzarella en ajuin."
Ristorante-Pizzeria Milano ,Pizza ananas,16.2,"Tomatensaus, mozzarella en ananas."
Ristorante-Pizzeria Milano ,Pizza prosciutto,17.5,"Tomatensaus, mozzarella en ham."
Ristorante-Pizzeria Milano ,Pizza funghi,16.9,"Tomatensaus, mozzarella en champignon."
Ristorante-Pizzeria Milano ,Pizza solemio,18.8,"Tomatensaus, mozzarella, ei en spinazie."
Ristorante-Pizzeria Milano ,Pizza romana,18.8,"Tomatensaus, mozzarella, artisjokken en olijven."
Ristorante-Pizzeria Milano ,Pizza capricciosa,18.8,"Tomatensaus, mozzarella, ham en champignon."
Ristorante-Pizzeria Milano ,Pizza bolognese,18.8,"Tomatensaus, mozzarella, paprika en gehaktsaus."
Ristorante-Pizzeria Milano ,Pizza gorgonzola,18.8,"Tomatensaus, mozzarella en gorgonzola"
Ristorante-Pizzeria Milano ,Pizza gamberetti,20.5,"Tomatensaus, mozzarella, garnalen en look."
Ristorante-Pizzeria Milano ,Pizza tonno,18.8,"Tomatensaus, mozzarella, tonijn en ajuin."
Ristorante-Pizzeria Milano ,Pizza pollo,18.8,"Tomatensaus, mozzarella, kip en paprika."
Ristorante-Pizzeria Milano ,Pizza frutti di mare,21.0,"Tomatensaus, mozzarella en zeevruchten.bevat schaaldieren."
Ristorante-Pizzeria Milano ,Pizza scampi,22.2,"Tomatensaus, mozzarella, scampi en look.bevat schaaldieren."
Ristorante-Pizzeria Milano ,Pizza carpaccio,22.2,"Tomatensaus, mozzarella, rundvlees, rucola en parmezaan."
Ristorante-Pizzeria Milano ,Pizza di parma,22.2,"Tomatensaus, mozzarella, parmaham, rucola en parmezaan."
Ristorante-Pizzeria Milano ,Pizza quattro formaggi,21.0,"Tomatensaus, mozzarella en 4 soorten kaas."
Ristorante-Pizzeria Milano ,Pizza calzone,2.15,"Gesloten pizza met tomatensaus, mozzarella, ham, salami, champignon, ajuin, paprika en artisjok."
Ristorante-Pizzeria Milano ,Pizza salsiccia,20.5,"Tomatensaus, mozzarella en pikante salami."
Ristorante-Pizzeria Milano ,Pizza salmone,21.5,Gerookte zalm en ajuin.
YUUUM Gent Zeehaven,BIFI Pizza XXL 75g,3.1,
My pizza KORTRIJK,Margarita,15.0,Saus en pizzakaas
My pizza KORTRIJK,Margarita,7.0,Saus en pizzakaas
My pizza KORTRIJK,Margarita,10.0,Saus en pizzakaas
My pizza KORTRIJK,My pizza,19.0,"Ui, paprika, champignons, pita, kip, vlees, jalapenos"
My pizza KORTRIJK,My pizza,7.0,"Ui, paprika, champignons, pita, kip, vlees, jalapenos"
My pizza KORTRIJK,My pizza,13.0,"Ui, paprika, champignons, pita, kip, vlees, jalapenos"
My pizza KORTRIJK,Barbeque pizza,7.0,"Bbq saus, ui, paprika, champignons, gegrilde kip"
My pizza KORTRIJK,Barbeque pizza,13.0,"Bbq saus, ui, paprika, champignons, gegrilde kip"
My pizza KORTRIJK,Barbeque pizza,19.0,"Bbq saus, ui, paprika, champignons, gegrilde kip"
My pizza KORTRIJK,4 kazen,18.0,"Pizzakaas, emmental, permasan, gorgonzola"
My pizza KORTRIJK,4 kazen,7.0,"Pizzakaas, emmental, permasan, gorgonzola"
My pizza KORTRIJK,4 kazen,12.0,"Pizzakaas, emmental, permasan, gorgonzola"
Pierina, Pain Pizza,2.5,
PepeNero,Biancaneve,19.0,"Truffelcrème, room, tomaten en paddenstoelenmix (Witte pizza)"
PepeNero,Piadina,19.0,"Gevouwen pizza, buffelmozzarella, parmaham, rucola & kerstomaat (koud beleg)"
PepeNero,PepeNero,18.0,"Met champignons, salami, ham en room (Witte Pizza)"
NachtWinkel NIGHT BIRD,Snopies Pizza XXL 23gr,1.5,Gluten free
NachtWinkel NIGHT BIRD,Snopies Pizza  15gr,1.15,
Anverres,Kluisberg Rosé,15.95,"Zeer geconcentreerde rosé van Merlot met karameltoetsen in de afdronk. Past zeer mooi bij vette vis, pasta, pizza en BBQ."
KoeKoe,Pizza hawaï,12.0,
KoeKoe,Pizza salami,12.0,
KoeKoe,Pizza bolognaise,12.0,
Panos Walpoort,Pizzabaguette Tomaat-Mozzarella,4.6,"Tomaat, mozzarella, oregano, rucola"
Panos Walpoort,Pizzabaguette Hawai,4.6,"Ham, ananas, mozzarella, oregano"
Panos Walpoort,Pizzabaguette Salami,4.6,"Salami, verse ui, mozzarella, oregano"
Panos Walpoort,Pizzabaguette 3 kazen,4.6,"Maredsous, Gorgonzola, mozzarella, oregano"
FLOW café Berchem,Kids Pizza,6.0,Margarita
Da Giovanni,Pizza Capricciosa,14.8,
Da Giovanni,Pizza Calzone,15.9,
Da Giovanni,Pizza Quattro Stagioni,15.5,
Da Giovanni,Scaloppa alla Pizzaiola,23.3,
Da Giovanni,Pizza Carpaccio,17.0,
Da Giovanni,Pizza Solo Mio,14.2,
Da Giovanni,Pizza Primavera,14.2,
Da Giovanni,Pizza Romana,14.3,
Da Giovanni,Pizza Frutti di Mare,16.2,
Da Giovanni,Pizza Salsiccia,14.2,
Da Giovanni,Pizza Scampi,16.9,
Da Giovanni,Pizza Napoletana,13.8,
Da Giovanni,Pizza Aosta,15.0,
Da Giovanni,Pizza Prosciutto,13.9,
Da Giovanni,Pizza Cipolla,11.7,
Da Giovanni,Pizza Bolognese,13.9,
Da Giovanni,Pizza Gorgonzola,14.8,
Da Giovanni,Pizza Scamorza Affumicata,15.9,
Da Giovanni,Pizza Margherita,11.0,
Da Giovanni,Pizza Hawaii,13.9,
Da Giovanni,Pizza Tonno,15.4,
Da Giovanni,Pizza Pollo-Rucola,15.8,
Da Giovanni,Pizza Salame,13.2,
Da Giovanni,Pizza Funghi,13.9,
Da Giovanni,Pizza Quattro Formaggi,16.8,
Da Giovanni,Pizza Tropicana,14.0,
Pizza Venise,Menu 1 personne,14.0,1 pizza junior au choix + 4 wings ou 4 nuggets + potatoes + sauce + 1 boisson 33cl
Pizza Venise,Menu 2 personnes,20.0,1 pizza medium au choix + 6 wings ou 6 nuggets + potatoes + sauce + 2 boissons 33cl
Pizza Venise,Calzone (pizza soufflée),0.0,"Tomates, Mozzarella, Jambon, Jaune doeuf"
Pizza Venise,Menu 3 personnes,26.0,3 pizzas junior au choix + 1 boisson 1.5L
Pizza Venise,Menu 4 personnes,28.0,1 pizza large au choix + 8 wings ou 8 nuggets + potatoes + sauce + 1 Boisson 1.5L
Pizza Venise,Menu Venise,32.0,3 pizzas medium au choix + 1 Boisson 1.5L
Pizza Venise,Menu Famille,43.0,2 pizzas larges au choix + 10 wings  ou 10 nuggets + potatoes + sauce + 1 boisson 1.5 L
Pizza Venise,Calzone (pizza soufflée),18.0,"Tomates, Mozzarella, Jambon, Jaune doeuf"
Pizza Venise,Calzone (pizza soufflée),12.0,"Tomates, Mozzarella, Jambon, Jaune doeuf"
Pizza Venise,Calzone (pizza soufflée),9.0,"Tomates, Mozzarella, Jambon, Jaune doeuf"
Pizza Venise,Calzone (pizza soufflée),0.0,"Tomates, Mozzarella, Jambon, Jaune doeuf"
Pizza Venise,Calzone (pizza soufflée),0.0,"Tomates, Mozzarella, Jambon, Jaune doeuf"
Traiteur Gianni,Carré de pizza sicilienne (pâtes épaisses) 4 saisons,5.45,
Traiteur Gianni,Carré pizza4 (pâtes épaisses) fromages,5.45,
Carrefour Express Brusselse,Dr. Oetker Pizza Ristorante Quattro Formaggi 340 g,4.15,Dr. Oetker Pizza Ristorante Quattro Formaggi 340 g
Carrefour Express Brusselse,Carrefour Classic' Pizzadeeg Dun en Rond 260 g,1.35,Carrefour Classic Pizzadeeg Dun en Rond 260 g
Carrefour Express Brusselse,Carrefour Bio Basilicum in pot,1.15,"Basilicum, of koningskruid, is onmisbaar in alle tomatengerechten. Het past uitstekend bij alle zuiderse gerechten zoals pastas en pizzas. Basilicum is ook erg lekker bij vis-en vleesgerechten en is het belangrijkste ingrediënt in de typische pesto. De blaadjes niet fijnhakken maar scheuren of knippen en pas op het einde van de bereiding toevoegen."
Carrefour Express Brusselse,Carrefour Bio Pizza Margherita Gebakken op Houtvuur 310 g,2.59,"Deze pizza is vervaardigd in Italië met ingrediënten afkomstig uit de biologische landbouw. De pizza is gemaakt met een deeg met extra olijfolie van eerste persing (2.5%), overdekt met een tomatensaus en mozzarella, vervolgens gebakken op houtvuur wat een unieke krokante en lekkere smaak geeft."
Carrefour Express Brusselse,Dr. Oetker Casa di Mama Pizza Speciale 415 g,6.75,Dr. Oetker Casa di Mama Pizza Speciale 415 g
Carrefour Express Brusselse,Dr. Oetker Pizza Ristorante Mozzarella 355 g,3.89,Dr. Oetker Pizza Ristorante Mozzarella 355 g
Carrefour Express Brusselse,Dr. Oetker Pizza Ristorante Barbecue 340 g,6.25,Dr. Oetker Pizza Ristorante Barbecue 340 g
Carrefour Express Brusselse,Dr. Oetker Pizza Ristorante Speciale 345 g,3.99,Dr. Oetker Pizza Ristorante Speciale 345 g
Carrefour Express Brusselse,Dr. Oetker Pizza Ristorante Tonno 355 g,4.39,"Dr. Oetker gebruikt alleen Skipjack Tuna (Katsuwonus pelamis), deze diersoort wordt niet met uitsterven bedreigd."
Carrefour Express Brusselse,Dr. Oetker Pizza Ristorante Salame 320 g,4.59,Dr. Oetker Pizza Ristorante Salame 320 g
Carrefour Express Brusselse,Dr. Oetker Pizza Ristorante Prosciutto 340 g,4.59,Dr. Oetker Pizza Ristorante Prosciutto 340 g
Carrefour Express Brusselse,Dr. Oetker Pizza Ristorante Bolognese e Formaggi 375 g,5.15,Dr. Oetker Pizza Ristorante Bolognese e Formaggi 375 g
Carrefour Express Brusselse,Dr. Oetker La Margherita Classica 265 g,4.25,"Top je pizza heerlijk af met:
ham
parmezaan
rucola"
Carrefour Express Brusselse,Dr. Oetker Pizza Ristorante Hawaii 355 g,3.95,Dr. Oetker Pizza Ristorante Hawaii 355 g
Carrefour Express Brusselse,Dr. Oetker Pizza Ristorante Spinaci 390 g,3.79,Dr. Oetker Pizza Ristorante Spinaci 390 g
Carrefour Express Brusselse,Carrefour Pizza Mozzarella Dunne Bodem 340 g,2.05,"De pizzas met dunne bodem van Carrefour verleiden u met hun krokante bodem. Heerlijk om alleen of met het gezin van te genieten als voor- of hoofdgerecht.
 
Deze pizza Mozzarella is sappig gegarneerd met:
Heerlijke sneetjes mozzarella
Lekkere kerstomaten"
Carrefour Express Brusselse,Dr. Oetker Pizza Ristorante Pollo 355 g,4.59,Dr. Oetker Pizza Ristorante Pollo 355 g
Carrefour Express Brusselse,Carrefour Extra 4 Stagioni 400 g,2.59,"De pizza 4 Stagioni is op steen gebakken. Hierdoor is het deeg krokant aan de buitenkant en mais binnenin. Ideaal als voor- of hoofdgerecht voor een etentje met familie of vrienden.

De pizza 4 Stagioni is een unieke combinatie van: 
Lekkere spinazie
Uienringen
Paprikas om het geheel pittiger te maken
In fijne plakjes gesneden Parijse champignons."
Carrefour Express Brusselse,Dr. Oetker Pizza Ristorante Funghi 365 g,4.69,Dr. Oetker Pizza Ristorante Funghi 365 g
Du Nord,Pizzaiolo,13.2,"Gerookte zalm, gorgonzola, verse tomaat"
Du Nord,Calzone,12.1,"Gesloten pizza met champignons, salami, ham"
Max snacks,Turkse pizza,3.0,per stuk
Pizza Hut,Duo menu,19.9,4 lookbroodjes of 4 chicken wings (normal) + 1 medium pizza naar keuze + 2 frisdranken 33cl
Pizza Hut,Quattro menu,32.9,"1 Cheezy Bread of 8 lookbroodjes of 8 chicken wings + 2 medium pizzas naar keuze + 1,5L Pepsi/Pepsi Max/7up"
Pizza Hut,The BOX,27.0,"1 Pizza Pan Large (of Medium Classic of Cheezy Crust (+1,80€)) + American Potatoes + 8 Chicken Croqs + 2 lookbroodjes + 4 Chicken Wings "
Pizza Hut,Pepper Pizza,18.0,"Dubbele portie rundvlees, tomatenblokjes, rode ui, pepersaus, tomatensaus, mozzarella

"
Pizza Hut,Falafel pizza,19.5,"Falafelballetjes, basilicumdressing, tomatenblokjes, peterselie, tomatensaus, violife vegan kaas"
Pizza Hut,Falafel pizza,24.5,"Falafelballetjes, basilicumdressing, tomatenblokjes, peterselie, tomatensaus, violife vegan kaas"
Pizza Hut,Pepper Pizza,18.0,
Pizza Hut,"Yes, I want chessy crust with my large pizza please",6.6,
Da Basilico,Scallopa alla Pizzaiola,22.9,
Da Basilico,Branzino alla Pizzaiola,29.0,
Da Basilico,Pizza Salsiccia e friarielli,19.5,Pizza met Italiaans worst en raapstelen
Da Basilico,Pizza Carpaccio(18u 22u),20.5,"Verse Tomaten, Mozzarella Kaas, Runds Carpaccio, Raket Salade, Vlokken Parmezaanse Kaas"
Da Basilico,Pizza Carpaccio al Tartufo (18u 22u),26.5,"Verse Tomaten, Mozzarella Kaas, Runds Carpaccio, Raket Salade, Vlokken Parmezaanse Kaas, Verse Truffel"
Spice & Slice by Sangha,Gevulde pizza brood met kaas,6.0,6 stuks.
Spice & Slice by Sangha,Gevulde pizza brood met ham,7.0,6 stuks.
Spice & Slice by Sangha,Gevulde pizza brood met salami,7.0,6 stuks.
Spice & Slice by Sangha,Gevulde pizza brood met tonijn,7.0,6 stuks.
Spice & Slice by Sangha,Gevulde pizza brood met kip,7.0,6 stuks.
Spice & Slice by Sangha,Pizza tandoori chicken medium,13.0,"Kip, paprika, ui en tomaat"
Spice & Slice by Sangha,Pizza tandoori chicken large,15.0,"Kip, paprika, ui en tomaat"
Spice & Slice by Sangha,Pizza tandoori chicken party,34.0,"Kip, paprika, ui en tomaat. 60x40cm"
Spice & Slice by Sangha,Pizza hollandaise medium,14.0,"Kip, broccoli, maïs, ui, look, groene chili en hollandaise saus"
Spice & Slice by Sangha,Pizza hollandaise large,16.0,"Kip, broccoli, maïs, ui, look, groene chili en hollandaise saus"
Spice & Slice by Sangha,Pizza hollandaise party,36.0,"Kip, broccoli, maïs, ui, look, groene chili en hollandaise saus. 60x40cm"
Restaurant Vincenzo,Pizza junior,10.0,
Antwerp Kebab,Pizza Margherita ,8.5,"Tomatensaus, kaas."
Antwerp Kebab,Pizza Funghi ,11.0,Champignons
Antwerp Kebab,Pizza Dino ,11.0,"Ham, salami"
Antwerp Kebab,Pizza Bolognese ,11.0,Bolognesesaus
Antwerp Kebab,Pizza Capricciosa ,11.0,"Ham, champignons"
Antwerp Kebab,Pizza Hawaï ,11.0,"Ham, ananas"
Antwerp Kebab,Pizza Mozzarella ,11.0,"Verse tomaten, mozzarella"
Antwerp Kebab,Pizza Kebab ,11.0,"Verse tomaten, paprika, kebab en ui"
Antwerp Kebab,Pizza Pollo ,11.0,"Kip, paprika, ui"
Antwerp Kebab,Pizza Quattro Stagioni ,11.0,"Salami, hesp, paprika, champignons"
Antwerp Kebab,Pizza Quattro Formaggi ,11.0,Vier kaassoorten
Antwerp Kebab,Pizza Tonno ,11.0,"Uien, tonijn"
Antwerp Kebab,Pizza Vegetariana ,11.0,"Champignons, paprika, artisjok, broccoli, olijven, ui"
pizza Masters (Hasselt),Menu deal 1,25.0,"1 Large pizza naar keuze
1 Voorgerecht naar keuze
2 Blikjes drank naar keuze"
pizza Masters (Hasselt),Calzone,19.95,"Gevouwen pizza , bolognese , salami , ham , paprika , cham"
pizza Masters (Hasselt),Calzone,12.45,"Gevouwen pizza , bolognese , salami , ham , paprika , cham"
pizza Masters (Hasselt),Calzone,14.45,"Gevouwen pizza , bolognese , salami , ham , paprika , cham"
pizza Masters (Hasselt),Menu deal 2,27.0,"2 Small pizza’s naar keuze
1 Voorgerecht naar keuze
2 Blikjes drank naar keuze"
Phenomenon,Scaloppina Pizzaiola,15.0,"Tomaten, look, kappertjes en oljven"
La gondola Brugge,Pizza Focaccia,14.0,"Tomate, garlic, oregano, basilic"
La gondola Brugge,Scallopina Pizzaiola met pasta en sla,24.5,"Kalfvlees,tomatesaus,kapers,olive,look"
La gondola Brugge,Pizza Bianca Neve,14.0,"Mozza fior di latte,verse basilicum,oregano"
La gondola Brugge,Pizza Margherita,15.0,"Tomato, mozza fior di latte,verse basilicum, oregano"
La gondola Brugge,Pizza Prosciutto,16.0,"Tomato, mozza fior di latte, cooked ham, oregano"
La gondola Brugge,Pizza Alla Bolognese,18.0,"Bolognese sauce, mozza fior di latte,oregano"
La gondola Brugge,Pizza Ai Funghi,16.0,"Tomato, mozza fior di latte,mushrooms, oregano"
La gondola Brugge,Pizza Gondola,17.5,"Tomato, mozza fior di latte, ham, mushrooms, onion, oregano"
La gondola Brugge,Pizza Napoletana,18.0,"Tomato, mozza fior di latte, capers, anchovy, olives, oregano"
La gondola Brugge,Pizza Hawaii,17.5,"Tomato, mozza fior di latte, ham, pineapple, oregano"
La gondola Brugge,Pizza Quattro Stagioni,18.5,"Tomato, mozza fior di latte, ham, mushrooms, artichoke, bell pepper, oregano"
La gondola Brugge,Pizza Quattro Formaggi,18.5,"Tomato, mozza fior di latte,four kind of cheese, orgeano"
La gondola Brugge,Pizza Diavola,18.5,"Tomato, mozza fior di latte, ham, hot salami, onion, pepper, pili pili, oregano"
La gondola Brugge,Pizza Vegetariana,18.0,"Tomato, mozza fior di latte,mushroom, capers, artichoke, pepper, olive, onion, oregano, zucchini"
La gondola Brugge,Pizza Al Salmone,21.5,"Tomato, mozza fior di lattesmoked salmon, onion, oregano"
La gondola Brugge,Pizza Capricciosa,18.5,"Tomato, mozza fior di latte,ham, mushroom, egg, olives, salami"
La gondola Brugge,Pizza Calzone,18.0,"Tomato, mozza fior di latte, ham, mushroom"
La gondola Brugge,Pizza Al Tonno,21.5,"Tomato, mozza fior di latte,tuna, onion, capers, oregano"
La gondola Brugge,Pizza Scampi,24.5,"Tomato, mozza fior di latte,prawns, garlic, rucola, fresh tomato, oregano"
La gondola Brugge,Pizza Mortadella y rucola,18.5,"Tomato, mozza fior di latte,egg, rucola, rocquetta & mortadella"
La gondola Brugge,Pizza Parma riserva,21.5,"Tomato, mozza fior di latte, parma ham, fresh tomato, rucola, parmesan, oregano"
La gondola Brugge,Pizza flavio (bianca),23.5,"Mozza fior di latte,trufelsaus,prosciuto di parma riserva,rucola"
La gondola Brugge,Pizza pancetta (bianca),18.0,"mozza fior di latte,pancetta,ajuin,eg,rucola,oregano"
La gondola Brugge,Pizza ai frutti di mare,23.5,"Tomaten,mozza fior di latte,mix zeevruchten,look,origano"
La gondola Brugge,Pizza alla Cacciatore (kip),21.5,"Tomaat saus,mozza fior di latte,kip,ui,paprika"
The Lab Social Club,Pizzas,13.0,Onze beroemde pizzas. 4 Smaken
Tito,Menu deal 1,13.5,"1 medium pizza, 1 voorgerecht, 1 drank."
Tito,Pizza bolognese,0.0,
Tito,Pizza bolognese,0.0,
Tito,Pizza bolognese,9.9,Ui en extra kaas.
Tito,Pizza bolognese,14.9,Ui en extra kaas.
Tito,Pizza funghi,0.0,
Tito,Menu deal 2,22.5,"2 medium pizzas, 1 voorgerecht, 2 dranken."
Tito,Pizza funghi,0.0,
Tito,Pizza funghi,9.9,Champignons en kaas.
Tito,Pizza funghi,14.9,Champignons en kaas.
Tito,Pizza salami,0.0,
Tito,Pizza salami,0.0,
Tito,Menu deal 3,33.5,"2 large pizzas, 2 voorgerechten, 2 dranken."
Tito,Pizza salami,9.9,Salami en kaas.
Tito,Pizza salami,14.9,Salami en kaas.
Tito,Pizza pepperoni,0.0,
Tito,Pizza pepperoni,0.0,
Tito,Pizza pepperoni,9.9,Pikante salami en kaas.
Tito,Pizza pepperoni,14.9,Pikante salami en kaas.
Tito,Pizza spicy pepperoni,0.0,
Tito,Pizza spicy pepperoni,0.0,
Tito,Pizza spicy pepperoni,10.9,"Pikante salami, jalapeños, paprika en kaas."
Tito,Pizza spicy pepperoni,15.9,"Pikante salami, jalapeños, paprika en kaas."
Tito,Pizza four season,0.0,
Tito,Pizza four season,0.0,
Tito,Pizza four season,10.9,"Ham, salami, paprika, champignons en kaas"
Tito,Pizza four season,15.9,"Ham, salami, paprika, champignons en kaas"
Tito,Pizza cheesy,0.0,
Tito,Pizza cheesy,0.0,
Tito,Pizza cheesy,10.9,"Feta, gorgonzola, mozzarella en extra kaas."
Tito,Pizza cheesy,15.9,"Feta, gorgonzola, mozzarella en extra kaas."
Tito,Pizza capricciosa,0.0,
Tito,Pizza capricciosa,0.0,
Tito,Pizza capricciosa,10.9,"Ham, champignons en kaas."
Tito,Pizza capricciosa,15.9,"Ham, champignons en kaas."
Tito,Pizza Hawaï,0.0,
Tito,Pizza Hawaï,0.0,
Tito,Pizza Hawaï,10.9,"Kip, ham, ananas en kaas."
Tito,Pizza Hawaï,15.9,"Kip, ham, ananas en kaas."
Tito,Pizza barbecue chicken,0.0,
Tito,Pizza barbecue chicken,0.0,
Tito,Pizza barbecue chicken,10.9,"Barbecuesaus bodem, kip, paprika, ui en kaas."
Tito,Pizza barbecue chicken,15.9,"Barbecuesaus bodem, kip, paprika, ui en kaas."
Tito,Pizza chicken curry,0.0,
Tito,Pizza chicken curry,0.0,
Tito,Pizza chicken curry,11.9,"Currysaus bodem, kip, ananas, maïs en kaas."
Tito,Pizza chicken curry,16.9,"Currysaus bodem, kip, ananas, maïs en kaas."
Tito,Pizza creamy,0.0,
Tito,Pizza creamy,0.0,
Tito,Pizza creamy,11.9,"Roomsaus bodem, kip, ui, champignons en kaas."
Tito,Pizza creamy,16.9,"Roomsaus bodem, kip, ui, champignons en kaas."
Tito,Pizza pollo,0.0,
Tito,Pizza pollo,0.0,
Tito,Pizza pollo,10.9,"Kip, ui, paprika, champignons en kaas."
Tito,Pizza pollo,15.9,"Kip, ui, paprika, champignons en kaas."
Tito,Pizza hot lover,0.0,
Tito,Pizza hot lover,0.0,
Tito,Pizza hot lover,10.9,"Pikante salami, paprika, ui, jalapeños en kaas."
Tito,Pizza hot lover,15.9,"Pikante salami, paprika, ui, jalapeños en kaas."
Tito,Pizza hot barbecue,0.0,
Tito,Pizza hot barbecue,0.0,
Tito,Pizza hot barbecue,11.9,"Barbecuesaus bodem, shoarma, paprika, jalapeños en kaas."
Tito,Pizza hot barbecue,16.9,"Barbecuesaus bodem, shoarma, paprika, jalapeños en kaas."
Tito,Pizza meatball,0.0,
Tito,Pizza meatball,0.0,
Tito,Pizza meatball,10.9,"Gehaktballetjes, ui, paprika en kaas."
Tito,Pizza meatball,15.9,"Gehaktballetjes, ui, paprika en kaas."
Tito,Pizza meat lover,0.0,
Tito,Pizza meat lover,0.0,
Tito,Pizza meat lover,12.9,"Ham, salami, gehaktballetjes, kip, barbecuesaus en kaas."
Tito,Pizza meat lover,16.9,"Ham, salami, gehaktballetjes, kip, barbecuesaus en kaas."
Tito,Pizza shoarma,0.0,
Tito,Pizza shoarma,0.0,
Tito,Pizza shoarma,10.9,"Lamsshoarma, paprika, ui en kaas."
Tito,Pizza shoarma,15.9,"Lamsshoarma, paprika, ui en kaas."
Tito,Pizza supreme ,0.0,
Tito,Pizza supreme ,0.0,
Tito,Pizza supreme ,12.9,"Ham, gehaktballetjes, champignons, ui, olijven, jalapeños en kaas."
Tito,Pizza supreme ,16.9,"Ham, gehaktballetjes, champignons, ui, olijven, jalapeños en kaas."
Tito,Pizza bacon ,0.0,
Tito,Pizza bacon ,0.0,
Tito,Pizza bacon ,10.9,"Kalfsspek, ham, paprika, ui en kaas."
Tito,Pizza bacon ,15.9,"Kalfsspek, ham, paprika, ui en kaas."
Tito,Pizza veggi,0.0,
Tito,Pizza veggi,0.0,
Tito,Pizza veggi,10.9,"Paprika, ui, champignons, maïs, tomatenschijfjes, olijven en kaas."
Tito,Pizza veggi,15.9,"Paprika, ui, champignons, maïs, tomatenschijfjes, olijven en kaas."
Tito,Pizza tonno,0.0,
Tito,Pizza tonno,0.0,
Tito,Pizza tonno,11.9,"Tonijn, olijf, ui en kaas."
Tito,Pizza tonno,16.9,"Tonijn, olijf, ui en kaas."
Tito,Pizza scampi,0.0,
Tito,Pizza scampi,0.0,
Tito,Pizza scampi,11.9,"Paprika, ui en kaas."
Tito,Pizza scampi,16.9,"Paprika, ui en kaas."
Tito,Pizza creamy scampi,0.0,
Tito,Pizza creamy scampi,0.0,
Tito,Pizza creamy scampi,12.9,"Roomsaus bodem, scampis, ui, champignons en kaas."
Tito,Pizza creamy scampi,16.9,"Roomsaus bodem, scampis, ui, champignons en kaas."
Tito,Pizza frutti di mare,0.0,
Tito,Pizza frutti di mare,0.0,
Tito,Pizza salmone,11.9,"Gerookte zalm, champignons, maïs, ui en kaas."
Tito,Pizza salmone,16.9,"Gerookte zalm, champignons, maïs, ui en kaas."
Tito,Pizza marinara,0.0,
Tito,Pizza marinara,0.0,
Tito,Pizza creamy salmone,12.9,"Roomsaus bodem, gerookte zalm, ui en kaas."
Tito,Pizza creamy salmone,16.9,"Roomsaus bodem, gerookte zalm, ui en kaas."
Tito,Tito pizza,0.0,
Tito,Tito pizza,0.0,
Tito,Pizza frutti di mare,12.9,"Zeevruchten, paprika, ui en kaas."
Tito,Pizza frutti di mare,16.9,"Zeevruchten, paprika, ui en kaas."
Tito,Pizza salmone,0.0,
Tito,Pizza salmone,0.0,
Tito,Pizza marinara,12.9,"Ansjovis, tonijn, scampis, ui en kaas."
Tito,Pizza marinara,16.9,"Ansjovis, tonijn, scampis, ui en kaas."
Tito,Pizza creamy salmone,0.0,
Tito,Pizza creamy salmone,0.0,
Tito,Tito pizza,13.9,"Ham, salami, kip, lamsshoarma, champignons, paprika, maïs en kaas."
Tito,Tito pizza,16.9,"Ham, salami, kip, lamsshoarma, champignons, paprika, maïs en kaas."
Mamma Roma Gent,Heat my pizza up,0.0,
Mamma Roma Gent,I want my pizza cold,0.0,
Mamma Roma Gent,Patate al Tartufo,6.5,OUR SIGNATURE PIZZA!   Patate / Tartufo / Mozarella
Mamma Roma Gent,Patate al Tartufo SHARING,32.0,OUR SIGNATURE PIZZA!   Patate / Tartufo / Mozarella
Mamma Roma Gent,Patate al Tartufo,0.0,OUR SIGNATURE PIZZA!   Patate / Tartufo / Mozarella
Kubaba,3 large pizza deal,42.95,Keuze aan 3 medium pizzas.
Kubaba,Basispizza medium,10.0,Kaas en tomatensaus
Kubaba,50-50,16.95,Combineer 2 toppizzas naar keuze!!
Kubaba,50-50,11.95,Combineer 2 toppizzas naar keuze!!
Kubaba,Pizza deal 1,14.95,"1 medium pizza, 1 voorgerecht, 1 blikje frisdrank (aan €2)."
Kubaba,Pizza meduim scampi,0.0,
Kubaba,Pizza large scampi,0.0,
Kubaba,3 medium pizza deal,30.95,Keuze aan 3 medium pizzas.
Kubaba,Pizza deal 2,19.95,"1 large pizza, 1 voorgerecht, 2 blikjes frisdrank (aan €2)."
Kubaba,Basispizza medium 4+1,13.0,Kaas en tomatensaus
Kubaba,Pizza large hot pizza,0.0,
Kubaba,Hot pizza,0.0,
Kubaba,Pizza meduim hot pizza,0.0,
Kubaba,1 helft pizza scampi,0.0,
Kubaba,Basispizza large,13.0,Kaas en tomatensaus
Kubaba,Hot Pizza,11.95,"Kaas, tomatensaus, peperoni, jalapenos, ui, gehakt."
Kubaba,Pizza deal 3,25.95,"2 medium pizzas naar keuze, 1 voorgerecht, 2 blikjes frisdrank (aan €2)."
Kubaba,Hot Pizza,16.95,"Kaas, tomatensaus, peperoni, jalapenos, ui, gehakt."
Kubaba,Pizza meduim hawai,0.0,
Kubaba,Pizza large hawai,0.0,
Kubaba,1 helft pizza hot pizza,0.0,
Kubaba,Large pizza deal,41.95,"2 large pizzas naar keuze, 1 portie chicken wings (8st), 1 portie hot & cheesy (5st) OF American potatoes, 4 blikjes frisdrank (aan €2)."
Kubaba,Basispizza large 4+1,18.0,Kaas en tomatensaus
Kubaba,Pizza large seafood,0.0,
Kubaba,Pizza meduim seafood,0.0,
Kubaba,1 helft pizza hawai,0.0,
Kubaba,Pizza large peperoni,0.0,
Kubaba,Pizza meduim peperoni,0.0,
Kubaba,Pizza pitta,11.95,"Kaas, tomatensaus, paprika, champignons, potje looksaus."
Kubaba,Pizza pitta,16.95,"Kaas, tomatensaus, paprika, champignons, potje looksaus."
Kubaba,Spicey Pizza,16.95,"Kaas, tomatensaus, peperoni, jalapeños, ui, gehakt."
Kubaba,Spicey Pizza,11.95,"Kaas, tomatensaus, peperoni, jalapeños, ui, gehakt."
Kubaba,Calzone,11.95,"Dubbelgevouwen pizza met kaas, ham, salami, champignons, paprika, bolognesesaus."
Kubaba,Calzone,16.95,"Dubbelgevouwen pizza met kaas, ham, salami, champignons, paprika, bolognesesaus."
Ristorante L'incontro Ghent,Pizza tartufata,16.0,Mozzarella / 3 soorten champignons / Pijnboompitten / Truffelpasta / Parmigiano
Ristorante L'incontro Ghent,Pizza parma ,16.0,Tomaat / Mozzarella / Parmaham / Rucola / Parmigiano
Ristorante L'incontro Ghent,Pizza carpaccio ,16.0,Tomaat / Mozzarella / Rundvlees / Rucola / Parmigiano 
Ristorante L'incontro Ghent,Pizza salmone ,16.0,Tomaat / Mozzarella / Gerookte zalm / ajuin 
Ristorante L'incontro Ghent,Pizza scampi e zucchine ,16.0,Tomaat / Mozzarella / Courgette / Scampi 
Ristorante L'incontro Ghent,Pizza sfiziosa ,16.0,Tomaat / Aubergines / Courgette / Rucola / Burrata 
Ristorante L'incontro Ghent,Pizza messicana ,15.0,Tomaat / Mozzarella / Paprika / Ajuin / Salami
Ristorante L'incontro Ghent,Pizza Salame ,12.0,Tomaat / Mozzarella / Salami 
Ristorante L'incontro Ghent,Pizza Prosciutto ,12.0,Tomaat / Mozzarella / Hesp
Ristorante L'incontro Ghent,Pizza Margherita ,10.0,Tomaat / Mozzarella / Basilicum
Pink Pizza ,Pizza Nie Geflipt Doen,13.5,"Tomatensaus, mozzarella, kip, augurken, crispy onions."
Pink Pizza ,Pizza Margherita,9.5,"Tomatensaus, mozzarella."
Pink Pizza ,Pizza Funghi,10.0,"Tomatensaus, mozzarella, champignon."
Pink Pizza ,Pizza Leaves From The Vine,13.5,"Tomatensaus, mozzarella, sucuk, frikandel, ui."
Pink Pizza ,Pizza Pepperoni,10.5,"Tomatensaus, mozzarella, paprika."
Pink Pizza ,Pizza Prosciutto,10.5,"Tomatensaus, mozzarella, ham."
Pink Pizza ,Pizza Cheat Day,14.0,"Tomatensaus, mozzarella, frikandel, frieten, ui, mayo en curry."
Pink Pizza ,"Pizza O Jack, Come Back",14.0,"Tomatensaus, mozzarella, frikandel, salami, frietjes."
Pink Pizza ,Pizza Capricciosa,11.5,"Tomatensaus, mozzarella, ham, champignon."
Pink Pizza ,Pizza Hawaii,12.0,"Tomatensaus, mozzarella, ham, ananas."
Pink Pizza ,Pizza Nutella,10.0,"Nutella, banaan, witte poedersuiker."
Pink Pizza ,Pizza Cannibale,14.5,"BBQ saus, mozzarella, gehakt, kip, ui."
Pink Pizza ,Pizza Veggie,12.0,"Tomatensaus, mozzarella, champignon, ui, paprika, olijven, maïs."
Pink Pizza ,Pizza The American Dream,14.5,"Barbecue saus, mozzarella, kip, ui, paprika, gekruide aardappelen."
Pink Pizza ,Pizza Wa Make?,14.5,"Tomatensaus, mozzarella, kipnuggets, jalapenos, paprika en saus."
Pink Pizza ,Pizza Ik Nie Denken,11.0,"Bueno pasta, Kinder Bueno, banaan, witte poedersuiker."
Pink Pizza ,Pizza Light,12.0,"Tomatensaus, mozzarella, tomaten, rucola, kerstomaatjes."
Pink Pizza ,"Pizza Am I perfect? Yes, I Am",11.0,"Nutella, gecrushte M&Ms, banaan, witte poedersuiker."
Pink Pizza ,Pizza Tonijn,12.5,"Tomatensaus, ui, mozzarella, tonijn, olijven."
Pink Pizza ,Pizza Die Beweegt Niet Meer,15.0,"Barbecue saus, mozzarella, salami, gerookte worstjes, maïs, barbecue saus op de pizza."
Pink Pizza ,Pizza Salami,12.5,"Tomatensaus, mozzarella, salami."
Pink Pizza ,Pizza Gasolina,15.5,"Tomatensaus, mozzarella, Mexicano, frieten, paprika, ui en saus."
Pink Pizza ,Pizza Wejow,15.5,"Barbecue saus, mozzarella, scampis, ui, paprika, maïs."
Pink Pizza ,Pizza Hot Salami,12.0,"Tomatensaus, mozzarella, pikante salami, tabasco."
Pink Pizza ,Pizza Calzone,12.5,"Tomatensaus, mozzarella, champignons, kip, paprika."
Pink Pizza ,Pizza 36 Dubbel 0,15.5,"Barbecue saus, mozzarella, kip, gerookte worstjes, paprika, barbecue saus op de pizza."
Pink Pizza ,Pizza Netflix and Chill,16.0,"Tomatensaus, mozzarella, paprika, jalapenos, nachos, cheddar kaas."
Pink Pizza ,Pizza Protein,12.5,"Tomatensaus, mozzarella, tomaat, rode ui, ei."
Pink Pizza ,Pizza Quattro Formaggi,12.5,"Tomatensaus, 4 kazen."
Pink Pizza ,Pizza Bicky,17.0,"Tomatensaus, mozzarella, bickyvlees, crispy onions, augurk, 3 bickysauzen."
Pink Pizza ,Pizza Quattro Stagioni,12.5,"Tomatensaus, mozzarella, champignons, olijven, artisjok, ham."
Pink Pizza ,Pizza Warzone,17.0,"Barbecue saus, mozzarella, frikandel, mexicano, salami, frietjes, Barbecue saus op de pizza."
Pink Pizza ,Pizza Napoli,13.0,"Tomatensaus, mozzarella, olijven, ansjovis, kappertjes."
Pink Pizza ,Pizza Bbq Chicken,13.5,"Bbq saus, mozzarella, kip, ui, paprika, maïs."
Pink Pizza ,Pizza Chicken,13.5,"Tomatensaus, mozzarella, kip, paprika, ui."
Pink Pizza ,Pizza Cannibale,14.0,"BBQ saus, mozzarella, gehakt, kip, ui."
Pink Pizza ,Pizza Spicy Chicken,14.5,"Tomatensaus, mozzarella, kip, paprika, ui, jalapenos."
Pink Pizza ,Pizza Hot Bbq Chicken,14.5,"Bbq saus, mozzarella, kip, paprika, ui, maïs, jalapenos/Tabasco."
Pink Pizza ,Pizza Club Chicken,14.5,"Tomatensaus, mozzarella, kip, ui, rucola, gedroogde tomaten."
Pink Pizza ,Pizza Pesto Chicken,14.5,"Pesto, mozzarella, kip, ui, pijnboompitten, zongedroogde tomaten."
Pink Pizza ,Pizza Scampi,15.0,"Tomatensaus, mozzarella, scampi, lookboter, potje looksaus."
Pink Pizza ,Pizza Scampi Hawaii,16.0,"Tomatensaus, mozzarella, scampi, ananas, maïs, ui."
Pink Pizza ,Pizza Frutti di Mare,16.5,"Tomatensaus, kaas, scampi, ansjovis, tonijn, kappertjes."
Amuni,Calzone Classico,16.0,"Toegevouwen pizza met San Marzano-tomaat, Fiordilatte, gekookte ham en olijven"
La Trattoria Italiana,Pizza Margherita,9.5,
La Trattoria Italiana,Pizza Napoli,11.5,
La Trattoria Italiana,Pizza Capricciosa,13.5,"Pizza met ham, champignons, artisjok"
La Trattoria Italiana,Pizza Wurstel,11.0,Pizza met worst
La Trattoria Italiana,Escaloppe Pizzaiola,19.0,"Escaloppe met kappertjes, olijven en origano"
La Trattoria Italiana,Pizza Quatro Stagioni,15.5,"Pizza met Ham, champignons, artisjok, olijven, paprika"
La Trattoria Italiana,Pizza Bresaola,15.5,
La Trattoria Italiana,Pizza Quatro Formaggi,16.5,Pizza vier kazen
La Trattoria Italiana,Pizza Tonno,14.5,Tonijn en ui
La Trattoria Italiana,Pizza Calabrese,15.0,Pikante salami en paprika
La Trattoria Italiana,Pizza Parma,14.0,Pizza met parmaham
La Trattoria Italiana,Pizza Luca,15.0,Pizza met gorgonzola en pikante salami
La Trattoria Italiana,Pizza Porchetta,14.5,
La Trattoria Italiana,Pizza Hawai,13.5,
La Trattoria Italiana,Pizza Vegetariana,13.5,Vegetarische pizza
La Trattoria Italiana,Pizza Mortadella e burrata,20.0,
La Trattoria Italiana,Pizza Tartufo,21.0,
La Trattoria Italiana,Pizza scampi,20.0,
FRITUUR OVERPOORT,Pizza kaas,1.0,
Pizza Hut,Duo menu,19.9,4 lookbroodjes of 4 chicken wings (normal) + 1 medium pizza naar keuze + 2 frisdranken 33cl
Pizza Hut,Quattro menu,32.9,"1 Cheezy Bread of 8 lookbroodjes of 8 chicken wings + 2 medium pizzas naar keuze + 1,5L Pepsi/Pepsi Max/7up"
Pizza Hut,The BOX,27.0,"1 Pizza Pan Large (of Medium Classic of Cheezy Crust (+1,80€)) + American Potatoes + 8 Chicken Croqs + 2 lookbroodjes + 4 Chicken Wings "
Pizza Hut,Pepper Pizza,18.0,"Dubbele portie rundvlees, tomatenblokjes, rode ui, pepersaus, tomatensaus, mozzarella

"
Pizza Hut,Falafel pizza,19.5,"Falafelballetjes, basilicumdressing, tomatenblokjes, peterselie, tomatensaus, violife vegan kaas"
Pizza Hut,Falafel pizza,24.5,"Falafelballetjes, basilicumdressing, tomatenblokjes, peterselie, tomatensaus, violife vegan kaas"
Pizza Hut,Pepper Pizza,18.0,
Pizza Hut,"Yes, I want chessy crust with my large pizza please",6.6,
Romeo e Giulietta,Pizza Ciccio 1(legumi ),16.0,"Tomates, mozzarella, légumes, burrata et Pecorino"
Romeo e Giulietta,Pizza Ciccio 2,16.5,"Tomates cerises, pommes de terre, saucisse sarde, barrata, rosmarino et pecorino"
Romeo e Giulietta,Pizza Nduja,16.5,"Tomates, mozzarella et nduja"
Romeo e Giulietta,Panzerotto Al Forno,6.0,"Chausson de pâte à pizza fraîche, farci à la tomate et cuit au four"
Romeo e Giulietta,Pizza Nutella,12.0,
Romeo e Giulietta,Pizza Fume,15.0,Tomates mozzarella jambon de Parma mozzarella bufala fume
Romeo e Giulietta,Pizza Ciccio,9.0,"Tomates cerises, et huile dolive e Origano"
Romeo e Giulietta,Pizza à l'Ail,11.5,"Tomates, mozzarella et ail"
Romeo e Giulietta,Pizza Crudaiola,15.0,Tomates mozzarella roquette e ricotta salata
Romeo e Giulietta,Pizza Champignons,11.5,"Tomates, mozzarella et champignons"
Romeo e Giulietta,Pizza Bismarck,12.5,Tomates mozzarella jambon œuf
Tutti Atelier,Pizza de la Semaine,12.5,Cest le chef qui choisit selon son humeur du jour 😊
Tutti Atelier,Pizza Tricolore,14.0,"Tomate, mozzarella fiore di latte , épinards, ricotta, lardons, et parmesan ( toute la farce est bio.)"
Tutti Atelier,Pizza della Casa,15.0,"Tomate, mozzarella fiore di latte  ricotta, épinards, salami piquant, et parmesan. ( toute la garniture est bio)"
Pizza Talia Concept,Menu 1,22.0,"1 large pizza, 2 blikjes drank, 1 voorgerecht naar keuze"
Pizza Talia Concept,Menu 2,25.0,"2 medium pizzas, 2 blikjes drank, 1 voorgerecht naar keuze"
Pizza Talia Concept,Menu 3,14.0,"1 small pizza, 1 blikje drank, 4 chicken wings of 4 nuggets"
Pizza Talia Concept,Pizza zucchini,0.0,
Pizza Talia Concept,Pizza zucchini,0.0,
Pizza Talia Concept,Pizza zucchini,11.0,"Aubergine, courgette, rode ui, gorgonzola, kerstomaten"
Pizza Talia Concept,Pizza rucola,0.0,
Pizza Talia Concept,Pizza rucola,0.0,
Pizza Talia Concept,Pizza rucola,11.0,"Ham, kerstomaten, ui, parmezan, rucola"
Pizza Talia Concept,Pizza pitza,0.0,
Pizza Talia Concept,Pizza pitza,0.0,
Pizza Talia Concept,Pizza pitza,11.0,"Tomatensaus, kaas, shoarmavlees, paprika, ui, look"
Pizza Talia Concept,Hot pizza,0.0,
Pizza Talia Concept,Hot pizza,0.0,
Pizza Talia Concept,Hot pizza,11.0,"Pepperoni, gehakt, ui, jalapenos, look"
Pizza Talia Concept,Stel je eigen pizza samen,8.0,Small
Pizza Talia Concept,Stel je eigen pizza samen,9.0,Medium
Pizza Talia Concept,Stel je eigen pizza samen,10.0,Large
Pizza Talia Concept,Stel je eigen pizza samen,12.0,XXL
Arte,Schiacciata-pane,4.0,Pizzabrood
Arte,Pikante pizza olie,2.0,
Arte,Calzone,18.0,"Dubbelgevouwen pizza, salami, champignon, artisjok, ui en ham"
Pizza Hut,Duo menu,19.9,4 lookbroodjes of 4 chicken wings (normal) + 1 medium pizza naar keuze + 2 frisdranken 33cl
Pizza Hut,Quattro menu,32.9,"1 Cheezy Bread of 8 lookbroodjes of 8 chicken wings + 2 medium pizzas naar keuze + 1,5L Pepsi/Pepsi Max/7up"
Pizza Hut,The BOX,27.0,"1 Pizza Pan Large (of Medium Classic of Cheezy Crust (+1,80€)) + American Potatoes + 8 Chicken Croqs + 2 lookbroodjes + 4 Chicken Wings "
Pizza Hut,Pepper Pizza,18.0,"Dubbele portie rundvlees, tomatenblokjes, rode ui, pepersaus, tomatensaus, mozzarella

"
Pizza Hut,Falafel pizza,19.5,"Falafelballetjes, basilicumdressing, tomatenblokjes, peterselie, tomatensaus, violife vegan kaas"
Pizza Hut,Falafel pizza,24.5,"Falafelballetjes, basilicumdressing, tomatenblokjes, peterselie, tomatensaus, violife vegan kaas"
Pizza Hut,Pepper Pizza,18.0,
Pizza Hut,"Yes, I want chessy crust with my large pizza please",6.6,
YUUUM Antwerpen-Zuid,BIFI Pizza XXL 75g,3.1,
M'adam traiteur,"Healthy pizza gedroogde ham, rode paprika, rode ui, kerstomaat, mozzarella",18.5,200 graden +/- 15 min
M'adam traiteur,"Healthy pizza gehaktballetjes, champignons, rode ui, kerstomaat, mozzarella",18.5,200 graden +/- 15 min
M'adam traiteur,"Healthy pizza kippedij, ananas, rode ui, kerstomaat, mozzarrela",18.5,200 graden +/- 15 min
M'adam traiteur,"Healthy pizza mozzarella, kerstomaat, pesto",18.5,200 graden +/- 15 min
M'adam traiteur,"Healthy pizza 4 kazen met gorgonzola, feta, geitenkaas en mozzarella",18.5,200 graden +/- 15 min
M'adam traiteur,Healthy pizza Mexican style,18.5,"Healthy pizza met pittig gehakt, cheddar, jalapeño et maïs
200 graden +/- 15 min"
Pizza Hut Sint-Niklaas,Duo menu,19.9,4 lookbroodjes of 4 chicken wings (normal) + 1 medium pizza naar keuze + 2 frisdranken 33cl
Pizza Hut Sint-Niklaas,Quattro menu,32.9,"1 Cheezy Bread of 8 lookbroodjes of 8 chicken wings + 2 medium pizzas naar keuze + 1,5L Pepsi/Pepsi Max/7up"
Pizza Hut Sint-Niklaas,The BOX,27.0,"1 Pizza Pan Large (of Medium Classic of Cheezy Crust (+1,80€)) + American Potatoes + 8 Chicken Croqs + 2 lookbroodjes + 4 Chicken Wings "
Pizza Hut Sint-Niklaas,Pepper Pizza,18.0,"Dubbele portie rundvlees, tomatenblokjes, rode ui, pepersaus, tomatensaus, mozzarella

"
Pizza Hut Sint-Niklaas,Falafel pizza,19.5,"Falafelballetjes, basilicumdressing, tomatenblokjes, peterselie, tomatensaus, violife vegan kaas"
Pizza Hut Sint-Niklaas,Falafel pizza,24.5,"Falafelballetjes, basilicumdressing, tomatenblokjes, peterselie, tomatensaus, violife vegan kaas"
Pizza Hut Sint-Niklaas,Pepper Pizza,18.0,
Pizza Hut Sint-Niklaas,"Yes, I want chessy crust with my large pizza please",6.6,
I love Pizza BJE,Pizza Double Pâte,2.0,
I love Pizza BJE,Pizza Della Nonna,9.5,"Tomates, mozzarella, gorgonzola et oignions"
I love Pizza BJE,Pizza la Frite,11.0,"Tomates, mozzarella et frites"
I love Pizza BJE,Pizza la Belga,11.5,"Tomates, mozzarella, chicons, jambon et crème"
I love Pizza BJE,Pizza la Burrata,14.5,"Tomates, mozzarella, jambon de Parme, roquette, tomates séchées et burrata."
Restaurant 't Putje,Pizza Margherita,14.0,"Tomato sauce, mozzarella and oregano."
Restaurant 't Putje,Pizza Diavola,16.0,"Tomato sauce, mozzarella, spicy pepperoni, onion and oregano."
Restaurant 't Putje,Pizza Frutti Di Mare,20.0,"Tomato sauce, mozzarella, sea food and oregano."
Restaurant 't Putje,Pizza Romana,16.0,"Tomato sauce, mozzarella, tuna and onion."
Restaurant 't Putje,Pizza Calzone,16.0,"Tomato sauce, ham, mushroom, olive, artichokes and."
Restaurant 't Putje,Pizza Prosciutto,16.0,"Tomato sauce, mozzarella, ham and oregano)."
Restaurant 't Putje,Pizza Rigina,17.0,"Tomato sauce, mozzarella, ham, mushroom and oregano."
Restaurant 't Putje,Pizza Formaggi,18.0,"Tomato sauce, mozzarella, parmesan, gorgonzola."
Restaurant 't Putje,Pizza Marinara,20.0,"Tomato sauce, mozzarella, salmon, lemon, black pepper."
Restaurant 't Putje,Pizza Salami,16.0,"Tomato sauce, mozzarella, salami and oregano."
Restaurant 't Putje,Pizza Amazona,20.0,"Tomato sauce, mozzarella, bacon, green pumpkin."
Restaurant 't Putje,Pizza Hawaina,16.0,"Tomato sauce, mozzarella, ham, pineapple and oregano."
Restaurant 't Putje,Pizza Vegetarian,16.0,"Tomato sauce, mozzarella, mushroom, onion, paprika."
Restaurant 't Putje,Pizza Putje,18.0,"Tomato sauce, mozzarella, chicken, cream, mushroom."
Restaurant 't Putje,Pizza O Solemio,18.0,"Tomato sauce, mozzarella, chicken, pesto and oregano."
Restaurant 't Putje,Pizza Oceanica,20.0,"Tomato sauce, mozzarella, scampi, onion, garlic and."
Restaurant 't Putje,Pizza Napoli,20.0,"Tomato sauce, mozzarella, smoked ham, rocket lettuce."
Restaurant 't Putje,Pizza Chef,20.0,"Tomato sauce, mozzarella, chicken, onion, ginger."
Restaurant 't Putje,Pizza Tonno,16.0,"Tomato sauce, mozzarella, tuna, and oregano."
Nachtkoerier,Dr. Oetker Hawaii,4.95,Diepvriespizza
La Dolce Vita,Pizzaiola,21.0,"Gepaneerd kalfsvlees, gekookt in tomatensaus met look, kappertjes en oregano"
Leonardo's pizza,Calzone,10.9,"Bolognesesaus, Champignon, Paprika, Ham, Salami, Mozzarella | Gevouwen Pizza"
Friterie Pizzeria Houba,Pizza houba,14.0,"Mozzarella, tomates cerise, ail, roquette et parmesan."
Friterie Pizzeria Houba,Pizza saumon,15.0,"Sauce tomate, mozzarella, saumon, câpres et oignons."
Friterie Pizzeria Houba,Pizza gustosa,13.5,"Tomates, mozzarella, jambon, lardons, salami et poulet."
Friterie Pizzeria Houba,Pizza kebab,14.0,"Sauce tomate, kebab et oignons."
Friterie Pizzeria Houba,Pizza carbonara,14.0,"Mozzarella, crème, lardons, oignons, œuf et parmesan."
L’Officina Da Franco & Giacomo,Pizza Scampi,20.0,
Sfinx Turnhout,Pizza margarita,7.5,"Tomaat, kaas"
Sfinx Turnhout,Pizza salami,8.5,"Tomaat, kaas en salami"
Sfinx Turnhout,Pizza proscuitto,8.5,"Tomaat, kaas en ham"
Sfinx Turnhout,Pizza capriciosa,9.5,"Tomaat, kaas, ham en champignons"
Sfinx Turnhout,Pizza met pita,12.0,"Tomaat, kaas, pita, ui en paprika"
Sfinx Turnhout,Pizza pikant,11.5,"Tomaat, kaas, ham, salami, jalapenos"
Sfinx Turnhout,Pizza kip hawai,12.5,"Tomaat, kaas, kip en ananas"
Sfinx Turnhout,Pizza ham hawai,10.5,"Tomaat, kaas, ham en ananas"
Sfinx Turnhout,Pizza polo,12.5,"Tomaat, kaas, kip, paprika en ui"
Sfinx Turnhout,Pizza mix,14.0,"Tomaat, kaas, kip, pita, paprika, ui"
Sfinx Turnhout,Pizza Sfinx,14.5,"Tomaat, kaas, champignons, salami, ham, ui, paprika, pita"
Sfinx Turnhout,Pizza maffioza,13.5,"Tomaat, kaas, champignons, spek, paprika, ui"
Sfinx Turnhout,Pizza bolognese,10.5,"Tomaat, kaas, bolognese saus"
Sfinx Turnhout,Pizza spinazie,9.5,"Tomaat, kaas, spinazie"
Sfinx Turnhout,Pizza spinazie en spek,11.0,"Tomaat, kaas, spinazie, spek"
Sfinx Turnhout,Pizza köfte,11.0,"Tomaat, kaas, gekruid gehakt, ui, paprika"
Sfinx Turnhout,Pizza tonno,10.5,"Tomaat, kaas, tonijn, ui"
Sfinx Turnhout,Pizza frutti di mare,13.5,"Tomaat, kaas, tonijn, zeevruchten"
Sfinx Turnhout,Pizza scampi,14.0,"Tomaat, kaas, scampis, ui"
Sfinx Turnhout,Pizza napolitana,10.5,"Tomaat, kaas, kappertjes, ansjovis"
Sfinx Turnhout,Pizza funghi,8.5,"Tomaat, kaas, champignons"
Sfinx Turnhout,Pizza vegetariana,10.5,"Tomaat, kaas, champignons, paprika, ui"
Sfinx Turnhout,Pizza gorgonzola,10.5,"Tomaat, kaas, gorgonzola"
Sfinx Turnhout,Pizza quattro formaggi,11.5,"Tomaat, 4 soorten kaas"
Sfinx Turnhout,Pizza quattro stagioni,11.0,"Tomaat, kaas, ham, champignons, paprika"
Sfinx Turnhout,Pizza barbecue kip,13.0,"Tomaat, kaas,paprika,ui en barbecue kip"
Sfinx Turnhout,Pizza calzone,13.0,"Dubbelgevouwen pizza gevuld met ham, salami, champignons, paprika, ui"
Sfinx Turnhout,Pizza calzone met kip,13.5,"Dubbelgevouwen pizza gevuld met tomaat, kaas, paprika, ui, champignons, kip"
Sfinx Turnhout,Pizza calzone met pitta,13.5,"Dubbelgevouwen pizza gevuld met tomaat, kaas, ui, paprika, champignons en pitta"
Isola Sarda,Pizza Capricciosa,13.4,"Tomaten, mozzarella, paddenstoelen, ham"
Isola Sarda,Pizza Isola Sarda ,15.0,"Tomaten, mozzarella, salami, ham, paddenstoelen, ajuin, paprika, olijven, gorgonzola, scampi"
Isola Sarda,Pizza Caprese ,15.9,"Tomaten, buffelmelk mozzarella, kers tomaten, verse basilicum"
Isola Sarda,Pizza Parma (bianca) ,17.9,"Kerstomaten, mozzarella, parmaham, rucola, parmezan "
Isola Sarda,Pizza Vegetariana ,14.9,"Tomaten, mozzarella, verse groenten "
Isola Sarda,Pizza Parmigina ,14.9,"Tomaten, mozzarella, aubergines, parmezan "
Isola Sarda,Pizza Base - Create Yourself !,8.5,Create your own pizza! 
Isola Sarda,Pizza Margherita ,7.9,Met een drankje te nemen
Isola Sarda,Pizza Funghi,11.5,"Tomaten, mozzarella, gemarineerde paddenstoelen "
Isola Sarda,Pizza Salame ,10.9,"Tomaten, mozzarella, salami"
Isola Sarda,Pizza Prosciutto ,10.9,"Tomaten, mozzarella, ham"
Isola Sarda,Pizza Spinaci ,10.9,"Tomaten, mozzarella, spinazie, knoflook, olijven "
Isola Sarda,Pizza Napoli ,11.5,"Tomaten, mozzarella, anjovis, kappers "
Isola Sarda,Pizza Ananas ,8.9,"Tomaten, mozzarella, ananas"
Isola Sarda,Pizza Speciale,13.9,"Tomaten, mozzarella, ham, salami, paddenstoelen "
Isola Sarda,Pizza Calzone ,14.4,"Dichtgeklapte pizza met tomaten, mozzarella, ham, salami, verse padenstoelen "
Isola Sarda,Pizza Quattro Stagioni,14.4,"Tomaten, mozzarella, ajuin, paddenstoelen, ham, salami, paprika"
Isola Sarda,Pizza Tonno ,12.9,"Tomaten, mozzarella, tonijn, ajuin "
Isola Sarda,Pizza Sardegna,14.9,"Tomaten, mozzarella, ajuin, pikante salami, verse paddenstoelen "
Isola Sarda,Pizza Alla Diavola,11.9,"Tomaten, mozzarella, pikante Sardische salami "
Isola Sarda,Pizza Quattro Fromaggi ,14.5,Vier kaassoorten 
Isola Sarda,Pizza Scampi ,15.9,"Tomaten, mozzarella, scampi, knoflook, peterselie, ajuin"
Isola Sarda,Pizza Frutti Di Mare ,15.9,"Tomaten, mozzarella, zeevruchten, knoflook, peterselie "
Isola Sarda,Pizza Salmone ,15.9,"Tomaten, mozzarella, gerookte zalm, ajuin"
Isola Sarda,Pizza Carpaccio,16.9,"Tomaten, mozzarella, rundscarpaccio, rucola, parmezan "
Isola Sarda,Pizza Capricciosa,13.4,
Isola Sarda,Pizza Margherita,7.9,
Isola Sarda,Pizza Prosciutto,10.9,
Isola Sarda,Pizza Spinaci,10.9,
Isola Sarda,Pizza Vegetariana,14.9,
Isola Sarda,Pizza Parmigiana,14.9,
Lion Pizza,Lion deal 1,15.0,"Large pizza, lookbroodjes naar keuze + 1 drank-naar keuze"
Lion Pizza,Nutella,9.95,"Nutella of witte chocolade bodem, hazelnoten & nutella pizza."
Lion Pizza,Lion deal 2,20.0,"2 Medium pizzas, lookbroodjes + 2 drankjes naar keuze"
Lion Pizza,Nutella strawberry,9.95,"Nutella bodem, hazelnoten, aardbeien & nutella pizza."
Lion Pizza,Nutella banana,9.95,"Nutella bodem, hazelnoten, banaan & nutella pizza."
Lion Pizza,Lion deal 4,28.0,"2 Large pizzas, 2 voorgerechten naar keuze + 1 fles drank van (1.5l) - naar keuze."
Panos,Pizzabaguette Tomaat-Mozzarella,4.7,"Tomaat, mozzarella, oregano, rucola"
Panos,Pizzabaguette Hawai,4.7,"Ham, ananas, mozzarella, oregano"
Panos,Pizzabaguette Salami,4.7,"Salami, verse ui, mozzarella, oregano"
Panos,Pizzabaguette 3 kazen,4.7,"Maredsous, Gorgonzola, mozzarella, oregano"
Panos  ,Pizzabaguette Tomaat-Mozzarella,4.5,"Tomaat, mozzarella, oregano, rucola"
Panos  ,Pizzabaguette Hawai,4.5,"Ham, ananas, mozzarella, oregano"
Panos  ,Pizzabaguette Salami,4.5,"Salami, verse ui, mozzarella, oregano"
Carrefour Express Petits Champ,Carrefour Cocktail de Fruits de Mer 500 g,6.49,"Ce cocktail de calmars, moules et crevettes est idéal pour confectionner des plats savoureux : risotto, pâtes, pizza ou paella de la mer. Ou peut-être pour agrémenter vos Spaghetti dune délicieuse sauce aux fruits de mer..."
Carrefour Express Petits Champ,Dr. Oetker Pizza Ristorante Quattro Formaggi 340 g,4.15,Dr. Oetker Pizza Ristorante Quattro Formaggi 340 g
Carrefour Express Petits Champ,Carrefour Classic' Pâte à Pizza Fine et Ronde 260 g,1.35,Carrefour Classic Pâte à Pizza Fine et Ronde 260 g
Carrefour Express Petits Champ,Carrefour Bio Basilic en pot,1.15,"Incontournable dans tous les plats à base de tomates, le basilic accompagne idéalement toutes les spécialités méridionales comme les pâtes et les pizzas. Le basilic est également dans les plats à base de poisson et de viande et constitue le principal ingrédient du pesto classique. Ne pas hacher finement mais les déchirer ou les découper et les ajouter seulement en fin de préparation."
Carrefour Express Petits Champ,Dr. Oetker Pizza Ristorante Mozzarella 355 g,3.89,Dr. Oetker Pizza Ristorante Mozzarella 355 g
Carrefour Express Petits Champ,Bruggeman Levure de Boulangerie 42 g,0.25,"Idéale pour vos pains, brioches, pizzas..."
Carrefour Express Petits Champ,Dr. Oetker Pizza Ristorante Barbecue 340 g,6.25,Dr. Oetker Pizza Ristorante Barbecue 340 g
Carrefour Express Petits Champ,Dr. Oetker Pizza Ristorante Speciale 345 g,3.99,Dr. Oetker Pizza Ristorante Speciale 345 g
Carrefour Express Petits Champ,Dr. Oetker Pizza Ristorante Tonno 355 g,4.39,"Dr. Oetker utilise uniquement du thon rose (Katsuwonus pelamis), dont les stocks ne sont pas en danger."
Carrefour Express Petits Champ,Dr. Oetker Pizza Ristorante Salame 320 g,4.59,Dr. Oetker Pizza Ristorante Salame 320 g
Carrefour Express Petits Champ,Dr. Oetker Pizza Ristorante Prosciutto 340 g,4.59,Dr. Oetker Pizza Ristorante Prosciutto 340 g
Carrefour Express Petits Champ,Dr. Oetker Pizza Ristorante Bolognese e Formaggi 375 g,5.15,Dr. Oetker Pizza Ristorante Bolognese e Formaggi 375 g
Carrefour Express Petits Champ,Dr. Oetker La Margherita Classica 265 g,4.25,"Garnissez votre pizza de:
jambon
roquette
parmesan"
Carrefour Express Petits Champ,Dr. Oetker Pizza Ristorante Hawaii 355 g,3.95,Dr. Oetker Pizza Ristorante Hawaii 355 g
Carrefour Express Petits Champ,Dr. Oetker Pizza Ristorante Spinaci 390 g,3.79,Dr. Oetker Pizza Ristorante Spinaci 390 g
Carrefour Express Petits Champ,Dr. Oetker Pizza Ristorante Pollo 355 g,4.59,Dr. Oetker Pizza Ristorante Pollo 355 g
Carrefour Express Petits Champ,Dr. Oetker Pizza Ristorante Funghi 365 g,4.69,Dr. Oetker Pizza Ristorante Funghi 365 g
Doppio @ François,Puro,10.0,"Pizza met huisgemaakte basis, mozarella, basilicum en provencaalse kruiden. 

Afgewerkt met ruccola en Parmezaanse kaas. 

(bevat lactose)"
Doppio @ François,Salchichón,12.0,"Pizza met huisgemaakte basis, mozarella, rode ui, chilis & spaanse worst.

Afgewerkt met ruccola en Parmezaanse kaas.

(bevat lactose)"
Doppio @ François,Forestière,12.0,"Pizza met huisgemaakte basis, mozarella, groentenmix (met champignons), gedroogde ham.

Afgewerkt met ruccola en Parmezaanse kaas. 

(bevat lactose)"
Doppio @ François,Smokey Pig,12.0,"Pizza met huisgemaakte basis, mozarella, coppavlees en courgetti. 

Afgewerkt met ruccola en Parmezaanse kaas. 

(bevat lactose)"
Doppio @ François,Veggie,12.0,"Pizza met huisgemaakte basis, mozarella, verse provencaalse kruiden, courgetti en groentemix.

Afgewerkt met ruccola en Parmezaanse kaas. 

(bevat lactose)"
Only Kebab,Turkse pizza met sla,4.85,
Only Kebab,Turkse pizza met feta,6.25,
Only Kebab,Turkse pizza met kebab,9.3,
Only Kebab,Turkse pizza met kip,9.3,
Dal Pesce Innamorato,Scaloppina Alla Pizzaiola,20.0,
Dal Pesce Innamorato,Escalope Pizzaiola,20.0,"Met tomatensaus, kappertjes, olijven."
Dal Pesce Innamorato,Fresca (Pizza Bianca),13.0,"Mozzarella, brie, courgette zonder tomatensaus."
Ali Baba Stalenstraat,Pizza pita,14.0,"Vlees, olijven & paprika"
Ali Baba Stalenstraat,Hot pizzaaah,12.0,"Salami, pikante salami & pepers"
't Dagelijks Broodje,Pizza Margarita,9.0,"Tomatensaus, mozzarella"
't Dagelijks Broodje,Pizza Salami,10.0,"Tomatensaus, mozzarella, salami"
't Dagelijks Broodje,Pizza Funghi,10.0,"Tomatensaus, mozzarella, funghi"
't Dagelijks Broodje,Pizza Tonno,11.0,"Tomatensaus, mozzarella, tonijn, ajuin"
't Dagelijks Broodje,Pizza Tonno Ansjovis,11.5,"Tomatensaus, mozzarella, tonijn, ansjovis"
't Dagelijks Broodje,Pizza Frutti Di Mare,11.5,"Tomatensaus, mozzarella, zeevruchten, look"
't Dagelijks Broodje,Pizza Scampi,13.5,"Tomatensaus, mozzarella, scampis, look"
't Dagelijks Broodje,Pizza Vegetarisch,11.5,"Tomatensaus, mozzarella, groenten"
't Dagelijks Broodje,Pizza Bolognese,11.0,"Tomatensaus, mozzarella, bolognese"
't Dagelijks Broodje,Pizza Calzone Gevuld,11.5,"Tomatensaus, mozzarella, ham, funghi, paprika, kip"
One-Stop (Night) Shop,Dr Oetker ristorante pizza hawaii,4.5,355gram
One-Stop (Night) Shop,Dr Oetker ristorante pizza speciale,4.5,330 gram
One-Stop (Night) Shop,Dr Oetker ristorante pizza pollo,4.5,355 gram
One-Stop (Night) Shop,DR.OETKER RISTORANTE pizza salame 320g,4.5,320 gram
One-Stop (Night) Shop,DR OETKER CASA DI MAMA pizza Salame 390g,4.5,390gr
Fratello KORTRIJK,Pizza bolognaise,12.9,
Fratello KORTRIJK,Pizza margherita,12.9,
Fratello KORTRIJK,Snijden van pizza,0.0,
Fratello KORTRIJK,Pizza calzone,12.9,"Dit is een gewone pizza ( niet toegevouwd ).
Tomatensaus,ham,bacon,kaas,paprika,champignons."
Fratello KORTRIJK,Pizza bbq grill,12.9,"Tomatensaus,bacon,spek,paprika,bbq-saus."
Fratello KORTRIJK,Pizza quatro fromage,12.9,
Fratello KORTRIJK,Pizza bbq chicken,12.9,"Tomatensaus,kaas,ui,gegrilde kip,paprika,bbq-saus."
Fratello KORTRIJK,Pizza Hot&Spicy,12.9,"Tomatensaus,kaas,paprika,ui,gehakt,jalapenos,sriracha-saus."
Fratello KORTRIJK,Pizza Hawai,12.9,"Tomatensaus,ham,kaas,kip,ananas"
Fratello KORTRIJK,Pizza Vegetarisch,12.9,"Tomatensaus,kaas,paprika,ui,champignon,olijven,mais."
Fratello KORTRIJK,Pizza Bbq Bacon,12.9,"Tomatensaus,bacon,ham,kaas,mozarella,ui,paprika,bbq-saus."
Fratello KORTRIJK,Pizza Meatballs,12.9,"Tomatensaus,kaas,ui,paprika,meatballs."
Fratello KORTRIJK,Pizza Meatlover,12.9,"Tomatensaus,ham,peperoni,kaas,gehakt,ui,bbq-saus."
Fratello KORTRIJK,Pizza Diabolique,12.9,"Tomatensaus,kaas,paprika,merguez."
Fratello KORTRIJK,Pizza Scampi,12.9,"Tomatensaus,kaas,ui,paprika,scampis,looksaus."
Fratello KORTRIJK,Pizza Salami,12.9,"Tomatensaus,mozarella,champignons,rode ui,salami,bbq-saus."
Felix Pizza,Pizza Bresaola,17.0,"Bresaola, buffelmozzarella, pijnboompitten,pesto,parmesan,rucola."
Felix Pizza,Pizza DOC,17.0,"Buffelmozzarella, pijnboompitten, rucola."
Felix Pizza,Pizza Felix,17.0,"Serrano, truffelolie, tomatenblokjes, rucola, parmesan."
Felix Pizza,Pizza Andalucia,17.0,"Chorizo, radicchio, manchego."
Felix Pizza,Pizza Witloof,17.0,"witloof,kaassaus, pancetta."
Borsalino - San Marino,Pizza Capricciosa,15.0,"Artichoc, tomaat, ham, mozzarella"
Borsalino - San Marino,calzone,17.0,"gesloten pizza met tom. mozz. ham, champignon"
Borsalino - San Marino,pizzaiolo,17.5,"tom.mozz,spek, smoke scamorza kaas"
Délifrance Stadsfeestzaal,Pizzabaguette v/h moment,4.0,
Pizza  Pasta kiel,Pizza Margherita,9.95,"Tomatensaus, kaas en Mozzarella."
Pizza  Pasta kiel,Solo pizza,0.0,
Pizza  Pasta kiel,Pizza Hawaï,9.95,"Mozzarella, ham, ananas."
Pizza  Pasta kiel,Pizza Stagioni,9.95,"Ham, salami, champignons en paprika."
Pizza  Pasta kiel,Large pizza(38cm),5.0,
Pizza  Pasta kiel,Pizza Vegetariana,9.95,"Champignons, uien, olijven en artisjokken."
Pizza  Pasta kiel,Family pizza(45cm),10.0,
Pizza  Pasta kiel,Pizza Il Gusto,9.95,"Champignons, uien, pikante pepers, paprika en tonijn."
Pizza  Pasta kiel,Pizza Originale,9.95,"Pepperoni, champignons en artisjokken."
Pizza  Pasta kiel,Pizza Formaggi,9.95,4 soorten kaas.
Pizza  Pasta kiel,Pizza Frutti di Mare,9.95,"Paprika, uien en zeevruchten."
Pizza  Pasta kiel,Pizza Americana,9.95,"Kip, champignons, maïs en uien."
Pizza  Pasta kiel,Pizza Tonno,9.95,Tonijn en uien.
Pizza  Pasta kiel,Pizza Fantasia,9.95,"Gehakt, champignons, paprika en uien."
Pizza  Pasta kiel,Pizza Motopesto,9.95,"Verse tomaten, Mozzarella en pesto."
Pizza  Pasta kiel,Pizza The King,9.95,"Kebabvlees, uien, pikante pepers, champignons en maïs."
Pizza  Pasta kiel,Pizza Exotica,9.95,"Ham, kip, ananas en maïs."
Pizza  Pasta kiel,Pizza Rustica,9.95,"Ham, salami en ei."
Pizza  Pasta kiel,Pizza Capricciosa,9.95,"Ham, champignons en artisjokken."
Pizza  Pasta kiel,Pizza Pollo,9.95,"Kip, uien en paprika."
Pizza  Pasta kiel,Pizza Hot Chicken,9.95,"Kip, pepperoni en pikante papers."
Pizza  Pasta kiel,Pizza Meat Lover,9.95,"Ham, salami, pepperoni en kip."
Pizza  Pasta kiel,Pizza BBQ Meat,9.95,"BBQ saus, paprika, kip en uien."
Pizza  Pasta kiel,Pizza BBQ Chicken,9.95,"Pepperoni, pikante pepers, kip en Feta kaas."
Pizza  Pasta kiel,Pizza BBQ Hot,9.95,"BBQ saus, gehakt, uien en pikante pepers."
Pizza  Pasta kiel,Pizza BBQ The Luxe,9.95,"BBQ saus, Mozzarella, kip, ananas en maïs."
Pizza  Pasta kiel,Pizza BBQ Zoet,9.95,"Curry saus, ananas, kip, paprika, Mozzarella."
Pizza  Pasta kiel,Pizza Curry Exotic,9.95,"Kip, paprika, uien en Mozzarella."
Pizza  Pasta kiel,Pizza Curry Pollo,9.95,"Champignons, ansjovis en knoflook."
Pizza  Pasta kiel,Pizza Maffia,9.95,"Roomsaus, kip, pesto en uien."
Pizza  Pasta kiel,Pizza Chicken Pesto,9.95,"Roomsaus, kip, pesto en uien."
Pizza  Pasta kiel,Pizza Full Options,9.95,Bevat maïs.
Pizza  Pasta kiel,Pizza Half Half,9.95,Pizza met 2 smaken.
Pizza  Pasta kiel,Pizza Salsiccia,9.95,Worst en ei.
Pizza  Pasta kiel,Pizza Romana,9.95,"Artisjok, olijven en champignons."
Pizza  Pasta kiel,Pizza Chili Lover,9.95,"Peperoni, jalapeños en tabasco."
Pizza  Pasta kiel,Pizza Venedik,9.95,"Peperoni, champignons en olijven."
Pizza  Pasta kiel,Pizza Chef,9.95,"Worst, Fetakaas,Gorgonzola, spinazie en ei."
Pizza  Pasta kiel,Pizza Salmone,9.95,"Zalm, spinazie en knoflook."
Pizza  Pasta kiel,Pizza Bacon,9.95,"Spek, ei, uien en spinazie."
Pizza  Pasta kiel,Pizza Supreme,9.95,"Pepperoni, salami, paprika, uien, champignons en Mozzarella."
Pizza  Pasta kiel,Pizza Milano,9.95,Worst en Mozzarella.
Pizza  Pasta kiel,Pizza Ocean Pazzo,9.95,"Ansjovis, zalm en scampi."
Pizza Mercato,Stel jouw pizza samen,9.5,"San Marzano tomaten - Fior Di Latte - extra verge olijfolie - oregano. Vers gemaakt in onze Napolitaanse houtoven, af te bakken door jullie. Wordt vacuüm geleverd."
Pizza Mercato,Pizza Prosciutto Special,14.5,"Basis - prosciutto - scamorza. Vers gemaakt in onze Napolitaanse houtoven, af te bakken door jullie. Wordt vacuüm geleverd"
Pizza Mercato,Pizza Piccante,13.25,"Basis - Nduja (pikante smeerworst) - rode ui. Vers gemaakt in onze Napolitaanse houtoven, af te bakken door jullie. Wordt vacuüm geleverd"
Pizza Mercato,Pizza bresaola,16.0,"Basis - bresaola - rucola - Parmegiano. Vers gemaakt in onze Napolitaanse houtoven, af te bakken door jullie. Wordt vacuüm geleverd."
Pizza Mercato,Pizza burrata,17.5,"Basis - burrata - rucola - kerstomaatjes. Vers gemaakt in onze Napolitaanse houtoven, af te bakken door jullie. Wordt vacuüm geleverd"
Pizza Mercato,Pizza mortadella,15.0,"Basis - mortadella - scamorza. Vers gemaakt in onze Napolitaanse houtoven, af te bakken door jullie. Wordt vacuüm geleverd"
Pizza Mercato,Pizza veggie,16.0,"Basis - portobello - paprika - kerstomaatjes - rode ui - basilicum. Vers gemaakt in onze Napolitaanse houtoven, af te bakken door jullie. Wordt vacuüm geleverd."
Pizza Mercato,Pizza Gorgonzola,15.0,"Basis - Gorgonzola - rucola - walnoten Vers gemaakt in onze Napolitaanse houtoven, af te bakken door jullie. Wordt vacuüm geleverd"
Munis restaurant,Peynirli Pide,10.0,Pizza met turkse kaas (vegetarisch)
Munis restaurant,Peynirli Yumurtali,10.5,Pizza met kaas en ei (vegetarisch)
Munis restaurant,Peynirli Sebzeli,11.0,Vegetarische pizza met groenten
Munis restaurant,"Peynirli  Sebzeli, Yumurtali",12.0,Pizza met groenten en eieren (vegetarich)
Munis restaurant,Calzone,15.0,"Lams met tomatensaus, kaas,salami,paprika, ui, artisjok en champignons(gesloten pizza)"
Munis restaurant,Karisik Pide,13.0,Mix van alle turkse pizzas
Munis restaurant,Meviana,13.0,Pizza met gehakt en kaas
Snack Halte,Lahmacun met groenten,6.0,turkse pizza met groenten
Snack Halte,Lahmacun met doner en groenten,7.0,tukse pizza + pitavlees en groenten
Karine Grembergen,Basis (pizza large),13.9,"Tomatensaus, mozzarella."
Karine Grembergen,Basis (pizza small),10.9,
Karine Grembergen,Basis (pizza medium),11.9,"Tomatensaus, mozzarella."
Karine Grembergen,Salame (pizza medium),14.9,Dubbele portie gewone salami.
Karine Grembergen,Salame (pizza small),12.9,
Karine Grembergen,Salame (pizza large),17.9,Dubbele portie gewone salami.
Karine Grembergen,Boromeo (pizza large),17.9,Dubbele portie ham.
Karine Grembergen,Boromeo (pizza medium),14.9,Dubbele portie ham.
Karine Grembergen,Boromeo (pizza small),12.9,
Karine Grembergen,Napolitana (pizza small),12.9,
Karine Grembergen,Napolitana (pizza medium),14.9,"Kappertjes, ansjovis."
Karine Grembergen,Napolitana (pizza large),17.9,"Kappertjes, ansjovis."
Karine Grembergen,Funghi (pizza small),12.9,
Karine Grembergen,Funghi (pizza medium),14.9,Dubbele portie champignons.
Karine Grembergen,Funghi (pizza large),17.9,Dubbele portie champignons.
Karine Grembergen,Pizzaiola (pizza small),12.9,
Karine Grembergen,Pizzaiola (pizza medium),14.9,"Spinazie, ui, feta."
Karine Grembergen,Pizzaiola (pizza large),17.9,"Spinazie, ui, feta."
Karine Grembergen,Gorgonzola (pizza small),12.9,
Karine Grembergen,Gorgonzola (pizza large),17.9,"Gorgonzola, ui, pikante paprika."
Karine Grembergen,Gorgonzola (pizza medium),14.9,"Gorgonzola, ui, pikante paprika."
Karine Grembergen,Capricciosa (pizza large),17.9,"Dubbele portie ham, champignons."
Karine Grembergen,Capricciosa (pizza small),12.9,
Karine Grembergen,Capricciosa (pizza medium),14.9,"Dubbele portie ham, champignons."
Karine Grembergen,Americano (pizza medium),14.9,"Pikante salami, paprika."
Karine Grembergen,Americano (pizza small),12.9,
Karine Grembergen,Americano (pizza large),17.9,"Pikante salami, paprika."
Karine Grembergen,Pepperoni (pizza small),12.9,
Karine Grembergen,Pepperoni (pizza medium),14.9,"Dubbele portie ham, groene pepers."
Karine Grembergen,Pepperoni (pizza large),17.9,"Dubbele portie ham, groene pepers."
Karine Grembergen,Hawaï (pizza medium),14.9,"Dubbele portie ham, ananas."
Karine Grembergen,Hawaï (pizza large),17.9,"Dubbele portie ham, ananas."
Karine Grembergen,Hawaï (pizza small),12.9,
Karine Grembergen,Camberetti (pizza large),17.9,"Pitavlees, ui, paprika."
Karine Grembergen,Camberetti (pizza small),12.9,
Karine Grembergen,Camberetti (pizza medium),14.9,"Pitavlees, ui, paprika."
Karine Grembergen,Bolognese (pizza medium),14.9,Bolognesesaus.
Karine Grembergen,Bolognese (pizza small),12.9,
Karine Grembergen,Bolognese (pizza large),17.9,Bolognesesaus.
Karine Grembergen,Pollo (pizza medium),14.9,"Kip, paprika, ui."
Karine Grembergen,Pollo (pizza small),12.9,
Karine Grembergen,Pollo (pizza large),17.9,"Kip, paprika, ui."
Karine Grembergen,Vegetariana (pizza large),17.9,"Champignons, paprika, olijven, ui, artisjokken, olijven, maïs."
Karine Grembergen,Vegetariana (pizza small),12.9,
Karine Grembergen,Vegetariana (pizza medium),14.9,"Champignons, paprika, olijven, ui, artisjokken, olijven, maïs."
Karine Grembergen,Capri (pizza small),12.9,
Karine Grembergen,Capri (pizza large),17.9,"Salami, ui, feta, pikant."
Karine Grembergen,Capri(pizza medium),14.9,"Salami, ui, feta, pikant."
Karine Grembergen,Tonno (pizza large),17.9,"Tonijn, ui, olijven."
Karine Grembergen,Tonno (pizza small),12.9,
Karine Grembergen,Tonno (pizza medium),14.9,"Tonijn, ui, olijven."
Karine Grembergen,Pizza pita (pizza small),12.9,
Karine Grembergen,Pizza pita (pizza large),17.9,"Pitavlees, kip, ui, look."
Karine Grembergen,Pizza pita (pizza medium),14.9,"Pitavlees, kip, ui, look."
Karine Grembergen,Sirena (pizza large),17.9,"Scampi, paprika, ei, look, salami."
Karine Grembergen,Sirena (pizza medium),14.9,"Scampi, paprika, ei, look, salami."
Karine Grembergen,Sirena (pizza small),12.9,
Karine Grembergen,Fantasia (pizza medium),14.9,"Dubbele portie kip, ananas."
Karine Grembergen,Fantasia (pizza large),17.9,"Dubbele portie kip, ananas."
Karine Grembergen,Fantasia (pizza small),12.9,
Karine Grembergen,Cagliari (pizza medium),14.9,"Dubbele portie salami, champignons."
Karine Grembergen,Cagliari (pizza large),17.9,"Dubbele portie salami, champignons."
Karine Grembergen,Cagliari (pizza small),12.9,
Karine Grembergen,Encarna (pizza large),17.9,Dubbele portie ham.
Karine Grembergen,Encarna (pizza medium),14.9,Dubbele portie ham.
Karine Grembergen,Encarna (pizza small),12.9,
Karine Grembergen,Quattro fromaggi (pizza large),17.9,Vier soorten kaas.
Karine Grembergen,Quattro fromaggi (pizza medium),14.9,Vier soorten kaas.
Karine Grembergen,Quattro fromaggi (pizza small),12.9,
Karine Grembergen,Quattro stragiona (pizza small),12.9,
Karine Grembergen,Quattro stragiona (pizza medium),14.9,"Ham, salami, paprika, champignons."
Karine Grembergen,Quattro stragiona (pizza large),17.9,"Ham, salami, paprika, champignons."
Karine Grembergen,Newyorker (pizza medium),14.9,"Ham, salami, pitavlees, ui, paprika."
Karine Grembergen,Newyorker (pizza large),17.9,"Ham, salami, pitavlees, ui, paprika."
Karine Grembergen,Newyorker (pizza small),12.9,
Karine Grembergen,Bbq chicken (pizza large),17.9,"Barbecue saus, gegrilde kip, ui, paprika, mozzarella."
Karine Grembergen,Bbq chicken (pizza medium),14.9,"Barbecue saus, gegrilde kip, ui, paprika, mozzarella."
Karine Grembergen,Bbq chicken (pizza small),12.9,
Karine Grembergen,Kip grill (pizza large),17.9,Dubbele portie gegrilde kip.
Karine Grembergen,Kip grill (pizza medium),14.9,Dubbele portie gegrilde kip.
Karine Grembergen,Kip grill (pizza small),12.9,
Karine Grembergen,Kebap (pizza large),17.9,Dubbele portie pitavlees.
Karine Grembergen,Kebap (pizza small),12.9,
Karine Grembergen,Kebap (pizza medium),14.9,Dubbele portie pitavlees.
Karine Grembergen,Calzone (pizza small),12.9,
Karine Grembergen,Calzone (pizza large),17.9,"Ham, champignons, salami, paprika, bolognesesaus."
Karine Grembergen,Calzone (pizza medium),14.9,"Ham, champignons, salami, paprika, bolognesesaus."
Karine Grembergen,Frutti del mare (pizza small),12.9,
Karine Grembergen,Frutti del mare (pizza large),17.9,Zeevruchten.
Karine Grembergen,Frutti del mare (pizza medium),14.9,Zeevruchten.
Karine Grembergen,Marinara (pizza medium),14.9,"Tonijn, mosselen, garnalen, kappertjes."
Karine Grembergen,Marinara (pizza small),12.9,
Karine Grembergen,Marinara (pizza large),17.9,"Tonijn, mosselen, garnalen, kappertjes."
Karine Grembergen,Speciale (pizza small),12.9,
Karine Grembergen,Speciale (pizza medium),14.9,"Tonijn, scampi, ui, inktvis, paprika, look."
Karine Grembergen,Speciale (pizza large),17.9,"Tonijn, scampi, ui, inktvis, paprika, look."
Karine Grembergen,Special karine (pizza medium),14.9,"Pitavlees, kipvlees, bolognesesaus, jalapenos."
Karine Grembergen,Special karine (pizza large),17.9,"Pitavlees, kipvlees, bolognesesaus, jalapenos."
Karine Grembergen,Special karine (pizza small),12.9,
Karine Grembergen,Special chef (pizza large),17.9,"Ham, salami, paprika, champignons, olijven, ui, bolognesesaus."
Karine Grembergen,Special chef (pizza medium),14.9,"Ham, salami, paprika, champignons, olijven, ui, bolognesesaus."
Karine Grembergen,Special chef (pizza small),12.9,
Karine Grembergen,Italia (pizza small),12.9,
Karine Grembergen,Italia (pizza medium),14.9,"Salami, ui, champignons, olijven, gorgonzola, gehakt."
Karine Grembergen,Italia (pizza large),17.9,"Salami, ui, champignons, olijven, gorgonzola, gehakt."
Karine Grembergen,Supreme (pizza large),17.9,"Ham, shoarma, champignons, jalapenos, olijven."
Karine Grembergen,Supreme (pizza medium),14.9,"Ham, shoarma, champignons, jalapenos, olijven."
Karine Grembergen,Supreme (pizza small),12.9,
Karine Grembergen,Meat Lovers (pizza medium),14.9,"Ham, shoarma, champignons, ui."
Karine Grembergen,Meat Lovers (pizza small),12.9,
Karine Grembergen,Meat Lovers (pizza large),17.9,"Ham, shoarma, champignons, ui."
Karine Grembergen,Alcapone (pizza large),17.9,"Pepperoni, shoarma, ui, jalapenos."
Karine Grembergen,Alcapone (pizza small),12.9,
Karine Grembergen,Alcapone (pizza medium),14.9,"Pepperoni, shoarma, ui, jalapenos."
Karine Grembergen,Barbecue meatballs (pizza large),17.9,"Barbecuesaus, gehaktballetjes, ui, paprika."
Karine Grembergen,Barbecue meatballs (pizza small),12.9,
Karine Grembergen,Barbecue meatballs (pizza medium),14.9,"Barbecuesaus, gehaktballetjes, ui, paprika."
Karine Grembergen,Hot barbecue (pizza large),17.9,"Barbecuesaus, shoarma, paprika, jalapenos."
Karine Grembergen,Hot barbecue (pizza medium),14.9,"Barbecuesaus, shoarma, paprika, jalapenos."
Karine Grembergen,Hot barbecue (pizza small),12.9,
Karine Grembergen,Curry oriental (pizza medium),14.9,"Currysaus, kip, ui, ananas."
Karine Grembergen,Curry oriental (pizza small),12.9,
Karine Grembergen,Curry oriental (pizza large),17.9,"Currysaus, kip, ui, ananas."
Karine Grembergen,Creamy chicken (pizza small),12.9,
Karine Grembergen,Creamy chicken (pizza medium),14.9,"Roomsaus, kip, ui, champignons."
Karine Grembergen,Creamy chicken (pizza large),17.9,"Roomsaus, kip, ui, champignons."
Karine Grembergen,Megafish (pizza small),12.9,
Karine Grembergen,Megafish (pizza large),17.9,"Tonijn, ansjovis, ui, champignons."
Karine Grembergen,Megafish (pizza medium),14.9,"Tonijn, ansjovis, ui, champignons."
Karine Grembergen,Scampi mampi (pizza large),17.9,"Scampi, tomaten, ui, look."
Karine Grembergen,Scampi mampi (pizza medium),14.9,"Scampi, tomaten, ui, look."
Karine Grembergen,Scampi mampi (pizza small),12.9,
Karine Grembergen,Don salmon (pizza large),17.9,"Roomsaus, verse zalm, ui."
Karine Grembergen,Don salmon (pizza small),12.9,
Karine Grembergen,Don salmon (pizza medium),14.9,"Roomsaus, verse zalm, ui."
Karine Grembergen,Scampi curry (pizza medium),14.9,"Scampi, curry, look, paprika."
Karine Grembergen,Scampi curry (pizza large),17.9,"Scampi, curry, look, paprika."
Karine Grembergen,Scampi curry (pizza small),12.9,
Da Adriano,Pizza Margarita,10.0,"Tomatensaus, mozzarella, oregano"
Da Adriano,Pizza Fungi,11.0,"Tomatensaus , mozzarella, champignon"
Da Adriano,Pizza Napoli,12.0,"Tomatensaus, mozzarella, ansjovis, kappertjes"
Da Adriano,Pizza Prosciutto,12.0,"Tomatensaus, mozzarella, ham"
Da Adriano,Pizza Pesto,13.0,"Tomatensaus, mozzarella, tomaat, pesto"
Da Adriano,Pizza Quattro Stagioni,14.0,"Tomatensaus, mozzarella, salami, ham, champingon, paprika"
Da Adriano,Pizza Capriciosa,13.0,"Tomatensaus, mozzarella, ham, champingon, pesto"
Da Adriano,Pizza Hawai,13.0,"Tomatensaus, mozzarella, ham, ananas"
Da Adriano,Pizza Salmone,15.0,"Tomatensaus, mozzarella, zalm, ui, room"
Da Adriano,Pizza Scampi,14.0,"Tomatensaus, mozzarella, scampi, look"
Da Adriano,Pizza Salmone–Scampi,16.0,"Tomatensaus, mozzarella, zalm, scampi, room"
Da Adriano,Pizza Tonno,14.0,"Tomatensaus, mozzarella, tonijn, ajuin, look"
Da Adriano,Pizza Vegetariana,13.0,"Tomatensaus, mozzarella, champingon, paprika, pijpajuin, olijven"
Da Adriano,Pizza Pollo,14.0,"Tomatensaus, mozzarella, groenten, kip"
La Pugliese Pizzeria,Calzona (pizza fermée),13.0,"Coulis de tomates, mozzarella, fior di latte, jambon cuit, champignons et basilic."
Chez Nabi,Pizza saumon,12.0,"Sauce tomate, mozzarella saumon fumé, scampis, épinards, crème fraîche et origan."
Chez Nabi,Pizza fruits de mer,10.8,"Sauce tomate, mozzarella et fruits de mer."
Chez Nabi,Pizza ardennaise,10.8,"Sauce tomate, mozzarella, saucisson, pommes de terre, fromage râpé et crème fraîche."
Chez Nabi,Pizza du chef,10.8,"Sauce tomate, mozzarella, jambon de dinde, scampis, crème fraîche, pili pili et un œuf."
Chez Nabi,Pizza 4 saisons,10.8,"Sauce tomate, mozzarella, jambon de dinde, champignons, artichauts et origan."
Chez Nabi,Pizza 4 fromages,10.8,"Sauce tomate, mozzarella, taleggio, gorgonzola, padano et gruyère."
Chez Nabi,Pizza poulet,10.8,"Sauce tomate, mozzarella, blanc de poulet, champignons, poivrons et tandoori."
Chez Nabi,Pizza spéciale,10.8,"Sauce tomate, mozzarella, olives, scampis, artichauts et origan."
Chez Nabi,Pizza hawaï,10.2,"Sauce tomate, mozzarella, jambon de dinde, ananas, gruyère et paprika."
Chez Nabi,Pizza kefta,9.6,"Sauce tomate, mozzarella, kefta, poivrons  et tandoori."
Chez Nabi,Pizza bolognaise,9.6,"Sauce tomate, mozzarella, bolognaise, poivrons et gruyère."
Chez Nabi,Pizza salami,9.6,"Sauce tomate, mozzarella, salami, gruyère et crème fraîche."
Chez Nabi,Pizza thon,7.8,"Sauce tomate, mozzarella, thon, câpres et origan."
Chez Nabi,Pizza margarita,7.8,"Sauce tomate, mozzarella, olives et origan."
Pizza Italia,Margherita (végétarien),7.0,"Sauce tomate, fromage pizza et oregan."
Pizza Italia,Pizza kaas,5.0,
Pizza Italia,Margherita (vegetarisch),10.0,"Tomatensaus, pizzakaas, oregano"
Pizza Italia,Pizza margherita,11.0,Met garnituur  et  snoepzakje  frisdrank 33 ccl
Pizza Italia,Margherita (végétarien),14.0,"Sauce tomate, fromage pizza et oregan."
Pizza Italia,Pizza kaas,3.0,
Pizza Italia,Pizza kaas,1.5,
Pizza Italia,Margherita (vegetarisch),14.0,"Tomatensaus, pizzakaas, oregano"
Pizza Italia,Bolognèse 🥩,14.5,"Bolognesesaus, mix van emmental en pizzakaas"
Pizza Italia,Bolognèse 🥩,7.5,"Bolognesesaus, mix van emmental en pizzakaas"
Pizza Italia,Bolognèse 🥩,22.0,"Bolognesesaus, mix van emmental en pizzakaas"
Pizza Italia,Bolognèse 🥩,21.0,"Bolognesesaus, mix van emmental en pizzakaas"
Pizza Italia,Pizza barilya,22.0,"Ajuin, kip, paprika, gekruid rundsvlees, champignons et  pikante kruiden"
Pizza Italia,Pizza barilya,16.0,"Ajuin, kip, paprika, gekruid rundsvlees, champignons, pikante kruiden"
Pizza Italia,Pizza barilya,8.0,"Ajuin, kip, paprika, gekruid rundsvlees, champignons, pikante kruiden"
Pizza Italia,Pizza barilya,24.0,"Ajuin, kip, paprika, gekruid rundsvlees, champignons, pikante kruiden"
La Farina by Munchies,Pizza indisponible pour le moment,0.0,
Otomat ,Pizza Nutella,9.5,"Small pizza with Nutella, topped with strawberries and hazelnuts"
Otomat ,Triple Chocolate Pizza,12.5,"Three different types of chocolate, crispy roasted nuts, softly burnt marshmallow. Lime powder from Mexico and basil."
Otomat ,Bianca Pizzafiore,12.0,"Sour cream, Fior di Latte Mozzarella, thyme & caramelized red onion."
Panos City Antwerpen Keyserlei,Pizzabaguette Tomaat-Mozzarella,5.1,"Tomaat, mozzarella, oregano, rucola"
Panos City Antwerpen Keyserlei,Pizzabaguette Hawai,5.1,"Ham, ananas, mozzarella, oregano"
Panos City Antwerpen Keyserlei,Pizzabaguette Salami,5.1,"Salami, verse ui, mozzarella, oregano"
Panos Jette,Pizzabaguette Tomate-Mozzarella,4.5,"Mozzarella, tomate, roquette, origan"
Panos Jette,Pizzabaguette hawai,4.5,"Mozzarella, jambon pur belge, ananas, origan"
Calzone Clemente,Calzone Veggi,13.5,"Dubbel gevouwen pizza met champignons,paprika,olijven en verse mozzarella"
Pane e Focaccia,Scampi alla Pizzaiola,14.0,"Scampis avec sauce tomate, olives, ail et Piment"
Pane e Focaccia,Orata alla Pizzaiola,23.0,"Filet de Dorade en sauce tomate, oignon, Piment et Olives Noires en poudre"
Pretzel King,Grote pizza menu,27.0,"2 pizzas naar keuze (kip of ham), 2 dranken naar keuze"
Pretzel King,Pizza kip,0.0,
Pretzel King,Stukje pizza kip en champignons,3.5,Stukje pizza kip en champignons
Pretzel King,Pizza margherita,14.0,Pizza margherita
Pretzel King,Pizza ham,0.0,
Pretzel King,Stukje Pizza margherita,3.5,Stukje Pizza margherita
Pretzel King,Pizza kip en champignons,14.0,Pizza kip en champignons
Pretzel King,Kleine pizza menu,11.0,"1 stukje pizza kip en champignons, 1 stukje pizza ham en worst, 1 stukje pizza salami, 1 Coca cola"
Pretzel King,Stukje pizza met salami,3.5,Stukje pizza met salami
Pretzel King,Pizza salami,0.0,
Pretzel King,Pizza met salami,14.0,Pizza met salami
Pretzel King,Stukje pizza king,3.5,Stukje pizza king
Pretzel King,Pizza met tonijn,14.0,Pizza met tonijn
Pretzel King,Pizza Hawaii,3.5,Pizza Hawaii
Pretzel King,Pizza Ham en mozzarella,14.0,Pizza Ham mozzarella champignons oliven
Pretzel King,Pizza King,14.0,Pizza King
Pretzel King,Pizza veggie,14.0,Vegetarisch
Pretzel King,Pizza Hawaii,14.0,ananas ham tomaten souce mozzarela
Pretzel King,Pizza King traditioneel,14.0,Pizza King traditioneel
Damasveneto,Turkse Pizza,3.5,
Damasveneto,Pizza Margherita,10.99,Tomatensaus en kaas.
Damasveneto,Turkse Pizza Kipfilet,6.5,
Damasveneto,Pizza Capricciosa,14.99,"Tomatensaus kaas, kipfilet en champignons pizza funghi."
Damasveneto,Turkse Pizza Döner,6.5,
Damasveneto,Pizza Funghi,14.99,"Tomatensaus, kaas en champignons."
Damasveneto,Pizza Salami,14.99,"Tomatensaus, kaas en salami pizza."
Damasveneto,Pizza Prosciutto,14.99,"Tomatensaus, kaas en kipham."
Damasveneto,Pizza Hawaï,14.99,"Tomatensaus, kaas, kipfilet en ananas pizza."
Damasveneto,Pizza Quattro Stagioni,14.99,"Tomatensaus, kaas,kipham, salami, champignons, ui en paprika."
Damasveneto,Pizza Tonno,14.99,"Tomatensaus, kaas, tonijn en ui pizza."
Damasveneto,Pizza Vegetariana,14.99,"Tomatensaus, kaas, champignons, paprika, ui en olijven."
Damasveneto,Pizza Pollo,14.99,"Tomatensaus, kaas, kipfilet en paprika."
Damasveneto,Pizza Döner,16.99,"Tomatensaus, kaas en Döner."
Panos Quartier Bleu,Pizzabaguette Tomaat-Mozzarella,4.5,"Tomaat, mozzarella, oregano, rucola"
Panos Quartier Bleu,Pizzabaguette Hawai,4.5,"Ham, ananas, mozzarella, oregano"
Panos Quartier Bleu,Pizzabaguette Salami,4.5,"Salami, verse ui, mozzarella, oregano"
Panos Quartier Bleu,Pizzabaguette 3 kazen,4.5,"Maredsous, Gorgonzola, mozzarella, oregano"
Osteria,Pizza Margherita,10.5,"Tomate, Mozzarella, Origano"
Osteria,Kinder Pizza,11.0,"Tomate, Mozzarella, Ham, Oregano"
Osteria,Pizza 4 Formaggi,15.0,"Tomate, Mozzarella, 4 Kazen, Origano"
Osteria,Pizza Olive,15.0,"Tomate, Mozzarella, Olijven, Italiaanse Pepers, Origano"
Osteria,Pizza Al Tonno,14.5,"Tomate, Mozzarella, Tonijn, Origano"
Osteria,Pizza Diavola,13.0,"Tomate, Mozzarella, Salami, Champignons, Pilipili, Origano"
Osteria,Pizza Cardinale,13.0,"Tomate, Mozzarella, Ham, Champignons, Origano "
Osteria,Pizza Cicciolina,13.0,"Tomate, Mozzarella, Ham, Ei, Frankfürterworst, Origano"
Osteria,Pizza Caprisiosa,13.0,"Tomate, Mozzarella, Ham, Champignons, Kappers, Origano"
Osteria,Pizza Bolognese,14.5,"Tomate, Mozzarella, Bolognese Saus, Parmesankaas, Origano"
Osteria,Pizza Aux Scampi,16.5,"Tomate, Mozzarella, Scampi, Origano"
Osteria,Pizza Ananas,14.5,"Tomate, Mozzarella, Ham, Ananas, Origano"
Osteria,Pizza Al Salmone,16.0,"Tomate, Mozzarella, Zalm, Origano"
Osteria,Pizza Al Prosciutto,12.5,"Tomate, Mozzarella, Ham, Origano"
Osteria,Pizza Al Salame,12.5,"Tomate, Mozzarella, Salami, Origano"
Osteria,Pizza Funghi,12.5,"Tomate, Mozzarella, Champignons, Origano"
Osteria,Pizza 4 Stagioni,14.5,"Tomate, Mozzarella, Ham, Champignons, Ansjovis, Kappers, Artichoc, Pepers, Origano"
Osteria,Pizza Frutti Di Mare,15.0,"Tomate, Mozzarella, Zeevruchtencoctail, Anchovis, Origano"
Osteria,Pizza Provenciale,14.5,"Tomate, Mozzarella, Ham, Champignons, Olijven, Pepers, Origano"
Osteria,Pizza Lardons,12.5,"Tomate, Mozzarella, Spekreepjes, Origano"
Osteria,Pizza Special Osteria,14.5,"Tomate, Mozzarella, Parmaham, Artichoc, Champignons, Frankfürterworst, Ei, Origano"
Osteria,Pizza Vegetariana,13.5,"Tomate, Mozzarella, Champignons, Artichoc, Kappers, Pepers, Olijven, Origano"
Osteria,Pizza Vulcano,14.0,"Tomate, Mozzarella, Parmaham, Artichoc, Champignon, Origano"
Benvenuto,1. Pizza Margharita,12.0,"Mozzarella, tomatensaus, oregano"
Benvenuto,2. Pizza Caprese,12.8,Verse tomaten
Benvenuto,3. Pizza Siciliana,13.0,"Ansjovis, kappers, look, olijven"
Benvenuto,Pizza Margarita Kids,8.9,
Benvenuto,4. Pizza Napoli,12.5,"Ansjovis, olijven"
Benvenuto,5. Pizza Sole Mio,14.5,"Ham, spiegelei"
Benvenuto,6. Pizza Diavola,14.5,Pikante salami
Benvenuto,7. Pizza Mare Blue,14.0,"Tonijn, ajuin, look"
Benvenuto,8. Pizza Aubergine,14.0,Aubergine
Benvenuto,9. Pizza Bolognese,14.5,Bolognese saus
Benvenuto,10. Pizza ai Funghi,14.0,Champignons
Benvenuto,11. Pizza Prosciutto crudo,15.5,Rauwe ham
Benvenuto,12. Pizza Capriciosa,16.0,"Ham, olijven, champignons"
Benvenuto,13. Pizza Hawai,16.5,"Ham, verse ananas"
Benvenuto,14. Pizza Vegetarian,16.0,"Champignons, paprika, ajuin, artisjok, olijven"
Benvenuto,15. Pizza Quattro Stagioni,16.5,"Ham, paprika, olijven, champignons, artisjok, olijven"
Benvenuto,16. Pizza Florentina,16.5,"Rauwe ham, picante salami, bolognesesaus"
Benvenuto,17. Pizza Quattro,16.7,4 kazen
Benvenuto,18. Pizza Calzone,18.5,"Ham, champignons, artisjok"
Benvenuto,19. Pizza Scampi,17.5,
Benvenuto,20. Pizza Ti Amo,17.8,"Gerookte zalm, spinazie, asperges, verse ananas"
Benvenuto,21. Pizza Burrata (Mozzarella di bufala superiore),17.5,"Burrata, Tomatensaus, oregano, verse tomaat"
Benvenuto,22. Pizza Della Casa 'Benvenuto',18.89,"Parmaham, rucola, geschilferde parmezan"
Benvenuto,23. Pizza Alla Pescatore,18.89,"Mosselen, Tonijn, Inktvis, Scampi"
Akl-eet Lina,Klein Hapjes,6.0,4 stuks van klein pizzas gevuld met tijm/kaas/tomaat en uien/gehaktvlees en uien en tomaat/gedroogde yoghurt en tomaat en uien
Akl-eet Lina,Manakish,7.0,"Pizzadeeg met verschillende smaken erop( tijm, kaas, tomaaten uien, kishek)"
Pastificio Da Lory,Sangiovese Umbrie,16.0,"Helder robijnrood van kleur.  Impressies van rode bessen en aardbeien en een mokkatoets. Mooie zuurgraad in de afdronk. Goede combinatie met pasta, pizza, cannelloni, lasagne, klein wild, rood vlees en kazen."
Akdeniz,Pide Peynirli,8.0,Pizza met geitenkaas
Carrefour Express Roeselare,Carrefour Zeevruchtencocktail 500 g,6.49,"Deze cocktail van pijlinktvis, mosselen en garnalen is ideaal voor de bereiding van heerlijke gerechten: risotto, pasta, pizza of paella met zeevruchten. Of misschien wil u wat meer pit brengen in uw spaghetti met een lekkere zeevruchtensaus..."
Carrefour Express Roeselare,Carrefour Classic' Pizzadeeg Dun en Rond 260 g,1.35,Carrefour Classic Pizzadeeg Dun en Rond 260 g
Carrefour Express Roeselare,Dr. Oetker Pizza Ristorante Quattro Formaggi 340 g,4.15,Dr. Oetker Pizza Ristorante Quattro Formaggi 340 g
Carrefour Express Roeselare,Heinz Tomato frito 350g (tomaten saus),1.11,"Heinz Tomato Frito is op traditionele wijze bereid, door de knoflook en ui 2.5 uur in olie te laten sudderen en daarna te mengen met zongerijpte tomaten voor een onweerstaanbare rijke smaak. Heinz Tomato Frito vormt een heerlijke tomatenbasis voor veel verschillende gerechten zoals in een pasta, lasagne, curry of op een pizzabodem."
Carrefour Express Roeselare,Carrefour Bio Basilicum in pot,1.15,"Basilicum, of koningskruid, is onmisbaar in alle tomatengerechten. Het past uitstekend bij alle zuiderse gerechten zoals pastas en pizzas. Basilicum is ook erg lekker bij vis-en vleesgerechten en is het belangrijkste ingrediënt in de typische pesto. De blaadjes niet fijnhakken maar scheuren of knippen en pas op het einde van de bereiding toevoegen."
Carrefour Express Roeselare,Bruggeman Bakkersgist 42 g,0.25,"Ideaal voor uw brood, wafels, pizzas..."
Carrefour Express Roeselare,Come a Casa Pizza Bolognese 350 g,4.09,Come a Casa Pizza Bolognese 350 g
Carrefour Express Roeselare,Carrefour Bio Pizza Margherita Gebakken op Houtvuur 310 g,2.59,"Deze pizza is vervaardigd in Italië met ingrediënten afkomstig uit de biologische landbouw. De pizza is gemaakt met een deeg met extra olijfolie van eerste persing (2.5%), overdekt met een tomatensaus en mozzarella, vervolgens gebakken op houtvuur wat een unieke krokante en lekkere smaak geeft."
Carrefour Express Roeselare,Dr. Oetker Casa di Mama Pizza Speciale 415 g,6.75,Dr. Oetker Casa di Mama Pizza Speciale 415 g
Carrefour Express Roeselare,Dr. Oetker Pizza Ristorante Mozzarella 355 g,3.89,Dr. Oetker Pizza Ristorante Mozzarella 355 g
Carrefour Express Roeselare,Dr. Oetker Pizza Ristorante Barbecue 340 g,6.25,Dr. Oetker Pizza Ristorante Barbecue 340 g
Carrefour Express Roeselare,Dr. Oetker Pizza Ristorante Speciale 345 g,3.99,Dr. Oetker Pizza Ristorante Speciale 345 g
Carrefour Express Roeselare,Dr. Oetker Pizza Ristorante Tonno 355 g,4.39,"Dr. Oetker gebruikt alleen Skipjack Tuna (Katsuwonus pelamis), deze diersoort wordt niet met uitsterven bedreigd."
Carrefour Express Roeselare,Dr. Oetker Pizza Ristorante Salame 320 g,4.59,Dr. Oetker Pizza Ristorante Salame 320 g
Carrefour Express Roeselare,Dr. Oetker Pizza Ristorante Prosciutto 340 g,4.59,Dr. Oetker Pizza Ristorante Prosciutto 340 g
Carrefour Express Roeselare,Dr. Oetker Pizza Ristorante Bolognese e Formaggi 375 g,5.15,Dr. Oetker Pizza Ristorante Bolognese e Formaggi 375 g
Carrefour Express Roeselare,Dr. Oetker La Margherita Classica 265 g,4.25,"Top je pizza heerlijk af met:
ham
parmezaan
rucola"
Carrefour Express Roeselare,Dr. Oetker Pizza Ristorante Hawaii 355 g,3.95,Dr. Oetker Pizza Ristorante Hawaii 355 g
Carrefour Express Roeselare,Dr. Oetker Pizza Ristorante Spinaci 390 g,3.79,Dr. Oetker Pizza Ristorante Spinaci 390 g
Carrefour Express Roeselare,Dr. Oetker Pizza Ristorante Pollo 355 g,4.59,Dr. Oetker Pizza Ristorante Pollo 355 g
Carrefour Express Roeselare,Dr. Oetker Pizza Ristorante Funghi 365 g,4.69,Dr. Oetker Pizza Ristorante Funghi 365 g
Detroit Square Pizza,Pizza special of the month,15.0,"Ask the chef, check our instagram @detroitsquare_ or let us suprise you!"
Panos Veldstraat,Pizzabaguette Tomaat-Mozzarella,4.6,"Tomaat, mozzarella, oregano, rucola"
Panos Veldstraat,Pizzabaguette Hawai,4.6,"Ham, ananas, mozzarella, oregano"
Panos Veldstraat,Pizzabaguette Salami,4.6,"Salami, verse ui, mozzarella, oregano"
Panos Veldstraat,Pizzabaguette 3 kazen,4.6,"Maredsous, Gorgonzola, mozzarella, oregano"
Healty vege vege,Pizza shoarma,10.0,Tomaten en mozzarella met shoarmavlees en mais
Ali Baba Vennestraat,Pizza Pita,13.0,"Vlees, olijven & paprika."
Ali Baba Vennestraat,Hot Pizzaaah,11.0,"Salami, pikante salami & pepers."
Carrefour Express Diksmuidelaan,HERTA Pizzadeeg Dun Rond 260 g,4.25,"Herta® Fijn en Rond Pizzadeeg, de klassieke ronde pizza wordt bereid met echt bakkersgist waardoor deze tijdens het koken zachtjes kan rijzen. Voeg gewoon uw favoriete verse ingrediënten toe aan het deeg voor een smakelijke, dunne en knapperige pizza in slechts enkele minuten! Trakteer uzelf!"
Carrefour Express Diksmuidelaan,Dr. Oetker Pizza Ristorante Quattro Formaggi 340 g,4.15,Dr. Oetker Pizza Ristorante Quattro Formaggi 340 g
Carrefour Express Diksmuidelaan,Bruggeman Bakkersgist 42 g,0.25,"Ideaal voor uw brood, wafels, pizzas..."
Carrefour Express Diksmuidelaan,Come a Casa Pizza Bolognese 350 g,4.09,Come a Casa Pizza Bolognese 350 g
Carrefour Express Diksmuidelaan,Dr. Oetker Pizza Ristorante Mozzarella 355 g,3.89,Dr. Oetker Pizza Ristorante Mozzarella 355 g
Carrefour Express Diksmuidelaan,Dr. Oetker Pizza Ristorante Speciale 345 g,3.99,Dr. Oetker Pizza Ristorante Speciale 345 g
Carrefour Express Diksmuidelaan,Dr. Oetker Pizza Ristorante Tonno 355 g,4.39,"Dr. Oetker gebruikt alleen Skipjack Tuna (Katsuwonus pelamis), deze diersoort wordt niet met uitsterven bedreigd."
Carrefour Express Diksmuidelaan,Dr. Oetker Pizza Ristorante Salame 320 g,4.59,Dr. Oetker Pizza Ristorante Salame 320 g
Carrefour Express Diksmuidelaan,Dr. Oetker Pizza Ristorante Prosciutto 340 g,4.59,Dr. Oetker Pizza Ristorante Prosciutto 340 g
Carrefour Express Diksmuidelaan,Dr. Oetker Pizza Ristorante Bolognese e Formaggi 375 g,5.15,Dr. Oetker Pizza Ristorante Bolognese e Formaggi 375 g
Carrefour Express Diksmuidelaan,Dr. Oetker La Margherita Classica 265 g,4.25,"Top je pizza heerlijk af met:
ham
parmezaan
rucola"
Carrefour Express Diksmuidelaan,Dr. Oetker Pizza Ristorante Hawaii 355 g,3.95,Dr. Oetker Pizza Ristorante Hawaii 355 g
Carrefour Express Diksmuidelaan,Dr. Oetker Pizza Ristorante Spinaci 390 g,3.79,Dr. Oetker Pizza Ristorante Spinaci 390 g
Carrefour Express Diksmuidelaan,Dr. Oetker Pizza Ristorante Pollo 355 g,4.59,Dr. Oetker Pizza Ristorante Pollo 355 g
Carrefour Express Diksmuidelaan,Carrefour Extra 4 Stagioni 400 g,2.59,"De pizza 4 Stagioni is op steen gebakken. Hierdoor is het deeg krokant aan de buitenkant en mais binnenin. Ideaal als voor- of hoofdgerecht voor een etentje met familie of vrienden.

De pizza 4 Stagioni is een unieke combinatie van: 
Lekkere spinazie
Uienringen
Paprikas om het geheel pittiger te maken
In fijne plakjes gesneden Parijse champignons."
Carrefour Express Diksmuidelaan,Dr. Oetker Pizza Ristorante Funghi 365 g,4.69,Dr. Oetker Pizza Ristorante Funghi 365 g
Lluka,Pizza Margherita ,13.0,"Saus, kaas, mozzarella"
Lluka,Pizza Prosciutto,13.0,"Saus, kaas, proscuitto, champignons"
Lluka,Pizza Tonno e Cipolle,13.0,"Saus, kaas, tonijn, champignons, olijven ajuin"
Lluka,Pizza Vegetaria,13.0,"Saus, kaas, artisjok, olijven, gedroogde tomaten, kappertjes"
Lluka,Pizza Speciale,15.6,"Saus, kaas, proscuitto, champignons, ei, peperoncino"
Lluka,Pizza Frutti Di Mare,16.9,"Saus, kaas, zeevrachten en champignons, olijven"
Lluka,Pizza Quattro Stagioni,16.9,"Combinatie van pizza proscuitto, Tonny, vegetaria en frutti di mare"
Lluka,Pizza Scampi,18.2,"Saus, kaas, gegrilde scampi met look, chamignons, gedroogde tomaten"
Acqua e Farina ,Pain à l'ail,7.0,Pizza fermée.
Acqua e Farina ,Pizza margherita,11.0,"Tomates, mozzarella, basilic et origan."
Acqua e Farina ,Pizza margherita,11.0,"Tomates, mozzarella, basilic et origan."
Acqua e Farina ,Pizza chorizo,12.5,"Tomates, mozzarella, salami piquant ""ventricina"" et piment."
Acqua e Farina ,Pizza chorizo,12.5,"Tomates, mozzarella, salami piquant ""ventricina"" et piment."
Acqua e Farina ,x2 Pizza prosciutto,25.0,"Tomates, mozzarella, jambon cuit et origan."
Acqua e Farina ,Pizza quattro formaggi,13.5,"Tomates, mozzarella, gorgonzola, taleggio et parmesan."
Acqua e Farina ,Pizza regina,13.5,"Tomates, mozzarella, jambon cuit, champignons, ail et persil."
Acqua e Farina ,Pizza fiorentina 🇮🇹,13.5,"Tomates, mozzarella, salami, épinards, tomates cerises et ail."
Acqua e Farina ,Pizza funghi,12.5,"Tomates, mozzarella, champignons et persil."
Acqua e Farina ,Pizza parmigiana,13.5,"Tomates, mozzarella, aubergines, tomates cerises, parmesan et basilic."
Acqua e Farina ,Pizza reale,14.0,"Tomates, mozzarella, roquette, mozzarella bocconcini, tomates cerises et parmesan."
Acqua e Farina ,Pizza primavera,14.5,"Tomates, mozzarella, poivrons, artichauts, olives et ail."
Acqua e Farina ,"Pizza nutella ""pizza fermée""",8.5,
Acqua e Farina ,Pizza lucifero,14.5,"Tomates, mozzarella, salami piquant ""ventricina"", poivrons, œufs et piment."
Acqua e Farina ,Pizza quattro stagioni,14.5,"Tomates, mozzarella, champignons, jambon cuit, artichauts et olives."
Acqua e Farina ,Pizza fratelli,14.5,"Base crème, mozzarella, salami, lardons fumés, oignons rouges, œufs et ail."
Acqua e Farina ,Pizza vegetariana,14.5,"Tomates, mozzarella, aubergines, courgettes, poivrons, artichauts et origan."
Acqua e Farina ,Pizza capricciosa,14.5,"Tomates, mozzarella, champignons, artichauts, jambon de parme et olives."
Acqua e Farina ,Pizza fantasy,15.0,"Tomates, mozzarella, aubergines, gorgonzola, jambon de parme et parmesan."
Acqua e Farina ,Pizza tartufo,15.5,"Base crème, mozzarella, saucisse toscana, crème de truffe, tomates cerises et basilic."
Acqua e Farina ,Pizza adriatica,15.5,"Base crème, mozzarella, pommes de terre, saucisse toscana, crème de truffe, ail et persil."
Acqua e Farina ,Pizza burrata,16.0,"Base crème, mozzarella, roquette, burrata, tomates cerises et parmesan."
Acqua e Farina ,Pizza occhio magico,17.0,"Tomates, mozzarella, aubergines, oignons rouges, roquette, tomates cerises et burrata."
Acqua e Farina ,Pizza funghi,12.5,"Tomates, mozzarella, champignons et persil."
Acqua e Farina ,Pizza prosciutto,12.5,"Tomates, mozzarella, jambon cuit et origan."
Acqua e Farina ,Pizza calabrese,13.0,"Tomates, mozzarella, salami piquant et poivrons."
Acqua e Farina ,Pizza napoli 🇮🇹,13.0,"Tomates, mozzarella, anchois, câpres, olives et origan."
Acqua e Farina ,Pizza hawaï,13.0,"Tomates, mozzarella, jambon cuit, ananas et origan."
Acqua e Farina ,Pizza quattro formaggi,13.5,"Tomates, mozzarella, gorgonzola, taleggio et parmesan."
Acqua e Farina ,Pizza salsiccia,13.5,"Tomates, mozzarella, saucisse toscana, oignons rouges, ail et persil."
Acqua e Farina ,Pizza tonno,13.5,"Tomates, mozzarella, thon, oignons rouges et origan."
Acqua e Farina ,Pizza bufalina,14.0,"Tomates, mozzarella di bufala, basilic et origan."
Acqua e Farina ,Pizza acqua e farina,14.0,"Base crème, mozzarella, oignons rouges, porchetta, tomates cerises et basilic."
Acqua e Farina ,Pizza amigo,14.0,"Tomates, mozzarella, poulet, oignons rouges, poivrons et origan."
Acqua e Farina ,Pizza carbonara,14.5,"Base crème, mozzarella, lardons fumés, œufs, parmesan, ail et origan."
Acqua e Farina ,Pizza pollo,14.0,"Tomates, mozzarella, oignons, poulet, tomates cerises, ail et persil."
Acqua e Farina ,Pizza parma,14.5,"Tomates, mozzarella, jambon de parme, roquette, tomates cerises et parmesan."
Acqua e Farina ,Pizza salmone,14.5,"Base crème, mozzarella, saumon, tomate cerise, ail, persil"
Acqua e Farina ,Pizza buonissima,14.5,"Tomates, mozzarella, artichauts, œufs, jambon de parme, tomates fraîches et parmesan."
Acqua e Farina ,Pizza frutti di mare,15.0,"Tomates, mozzarella, mixte de fruits de mer, persil et ail."
Acqua e Farina ,Pizza gorgo e nero,15.0,"Base crème, mozzarella, champignons, gorgonzola, crème de truffe et tomates cerises."
Acqua e Farina ,Pizza gourmet,16.0,"Base crème, mozzarella, crème de truffe, roquette, porchetta, bocconcini mozzarella et tomates cerises."
Acqua e Farina ,Pizza à composer,11.0,"Tomates, mozzarella, basilic et origan."
Carrefour Express Havermarkt,Carrefour Classic' Pizzadeeg Dun en Rond 260 g,1.35,Carrefour Classic Pizzadeeg Dun en Rond 260 g
Carrefour Express Havermarkt,Carrefour Bio Basilicum in pot,1.15,"Basilicum, of koningskruid, is onmisbaar in alle tomatengerechten. Het past uitstekend bij alle zuiderse gerechten zoals pastas en pizzas. Basilicum is ook erg lekker bij vis-en vleesgerechten en is het belangrijkste ingrediënt in de typische pesto. De blaadjes niet fijnhakken maar scheuren of knippen en pas op het einde van de bereiding toevoegen."
Carrefour Express Havermarkt,Dr. Oetker Pizza Ristorante Mozzarella 355 g,3.89,Dr. Oetker Pizza Ristorante Mozzarella 355 g
Carrefour Express Havermarkt,Dr. Oetker Pizza Ristorante Speciale 345 g,3.99,Dr. Oetker Pizza Ristorante Speciale 345 g
Carrefour Express Havermarkt,Dr. Oetker Pizza Ristorante Salame 320 g,4.59,Dr. Oetker Pizza Ristorante Salame 320 g
Carrefour Express Havermarkt,Dr. Oetker Pizza Ristorante Prosciutto 340 g,4.59,Dr. Oetker Pizza Ristorante Prosciutto 340 g
Carrefour Express Havermarkt,Dr. Oetker Pizza Ristorante Bolognese e Formaggi 375 g,5.15,Dr. Oetker Pizza Ristorante Bolognese e Formaggi 375 g
Carrefour Express Havermarkt,Dr. Oetker La Margherita Classica 265 g,4.25,"Top je pizza heerlijk af met:
ham
parmezaan
rucola"
Carrefour Express Havermarkt,Dr. Oetker Pizza Ristorante Hawaii 355 g,3.95,Dr. Oetker Pizza Ristorante Hawaii 355 g
Carrefour Express Havermarkt,Dr. Oetker Pizza Ristorante Spinaci 390 g,3.79,Dr. Oetker Pizza Ristorante Spinaci 390 g
Carrefour Express Havermarkt,Dr. Oetker Pizza Ristorante Pollo 355 g,4.59,Dr. Oetker Pizza Ristorante Pollo 355 g
Carrefour Express Havermarkt,Dr. Oetker Pizza Ristorante Funghi 365 g,4.69,Dr. Oetker Pizza Ristorante Funghi 365 g
Keurslager Michielsen,Pizza Mozzarella,11.9,
Keurslager Michielsen,Pizza Margerita,11.9,
Keurslager Michielsen,Mini Pizza's (6 stuks) 9254,6.9,
Keurslager Michielsen,Pizza Prosciutto,11.9,
Keurslager Michielsen,Pizza Salami,11.9,
Keurslager Michielsen,Pizza van de week (plu 5196),11.9,
mmmh La Pizza,Menu pizza etudiant,5.0,Pizza mini + boisson au choix.
mmmh La Pizza,Pizza nutellosa,7.5,"Couche de nutella, grains de noisette et sucre en poudre."
Delhaize Shop 'n Go Gent,150G Lays Pizza Hut Margherita,3.3,
TCHITCHI KEBAB PIZZERIA,Pizza bolognese,9.95,
TCHITCHI KEBAB PIZZERIA,Stel je eigen pizza samen (s),6.95,"Basis pizza met tomatensaus en kaas, en andere ingrediënten naar keuze."
TCHITCHI KEBAB PIZZERIA,Pizza four seasons,9.95,
TCHITCHI KEBAB PIZZERIA,Pizza capricciosa,9.95,
TCHITCHI KEBAB PIZZERIA,Pizza cheesy mix,9.95,
TCHITCHI KEBAB PIZZERIA,Pizza chicken royal,9.95,
TCHITCHI KEBAB PIZZERIA,Pizza spicy chicken,9.95,
TCHITCHI KEBAB PIZZERIA,Pizza crispy bacon,9.95,
TCHITCHI KEBAB PIZZERIA,Pizza hawaï,9.95,
TCHITCHI KEBAB PIZZERIA,Pizza hot lover,9.95,
TCHITCHI KEBAB PIZZERIA,Pizza new york,9.95,
TCHITCHI KEBAB PIZZERIA,Pizza suprême,9.95,
TCHITCHI KEBAB PIZZERIA,Pizza pollo,9.95,
TCHITCHI KEBAB PIZZERIA,Pizza veggie,9.95,
TCHITCHI KEBAB PIZZERIA,Pizza spicy pepperoni,9.95,
TCHITCHI KEBAB PIZZERIA,Pizza meat lover,9.95,
TCHITCHI KEBAB PIZZERIA,Pizza shoarma,9.95,
TCHITCHI KEBAB PIZZERIA,Pizza tonno,9.95,
TCHITCHI KEBAB PIZZERIA,Pizza scampi,9.95,
TCHITCHI KEBAB PIZZERIA,Pizza frutti di mare,9.95,
TCHITCHI KEBAB PIZZERIA,Pizza salmone,9.95,
TCHITCHI KEBAB PIZZERIA,Pizza four meats,9.95,
TCHITCHI KEBAB PIZZERIA,Pizza marinara,9.95,
TCHITCHI KEBAB PIZZERIA,Pizza american dream,9.95,
TCHITCHI KEBAB PIZZERIA,Pizza hot barbecue,9.95,
TCHITCHI KEBAB PIZZERIA,Pizza barbecue chicken,9.95,
TCHITCHI KEBAB PIZZERIA,Pizza barbecue meatball,9.95,
TCHITCHI KEBAB PIZZERIA,Pizza barbecue mix,9.95,
Trattoria Trium,Pizza Margherita,10.0,"mozzarella | tomatensaus
mozzarella | tomato sauce"
Trattoria Trium,Pizza Prosciutto,11.0,"ham | mozzarella | tomatensaus
ham | mozzarella | tomato sauce"
Trattoria Trium,Pizza 4 Formaggi,12.5,mozzarella | bel paese | gorgonzola | grana padano | tomatensaus
Trattoria Trium,Pizza 4 stagioni,13.5,"tomatensauce | mozzarella | olijven | artisjokken | hesp
tomato sauce | mozzarella | olives | artichokes | ham"
Trattoria Trium,Pizza Vegetariana (veggie),14.0,"Groentenmix, mozzarella, tomatensauce"
Trattoria Trium,Pizza Norma,13.0,mozzarella tomaat aubergine gezouten ricotta
Trattoria Trium,Pizza Romana,11.5,"pizza met hesp, champignon"
Zain,Dr. Oekter Pizza,4.9,
What the kebab,Turkse pizza,4.5,Turkse pizza
What the kebab,Turkse pizza met kebab,7.0,Turkse pizza met kebab
What the kebab,Turkse pizza met kip,7.0,Turkse pizza met kip
What the kebab,Turkse pizza mix,7.5,(Kip en kebab)
Sbarro Leuven,30cm pizza,0.0,
Sbarro Leuven,30cm pizza,0.0,
Sbarro Leuven,30cm pizza,0.0,
Sbarro Leuven,XXL pizza,6.0,
Sbarro Leuven,XXL pizza,8.5,
Sbarro Leuven,XXL Pizza,5.75,
Sbarro Leuven,Combo Menu,10.5,Pizza Margherita + 5 lookbroodjes
Bar Mumford,Pizza Margherita,11.7,"Verse tomatensaus, mozzarella, basillicum en parmezaan"
Bar Mumford,Pizza Prosciutto,15.0,"Verse tomatensaus, beenham, beenham, parmaham, mozzarella, parmezaan en kerstomaten"
Bar Mumford,Pizza Funghi,15.6,"Verse tomatensaus, champignonmix en mozzarella"
Bar Mumford,Pizza Tonno,16.3,"Verse tomatensaus, tonijn, ui, mozzarella, kerstomaten en pesto druppels"
Bar Mumford,Pizza Fiorentina ,17.5,"Verse tomatensaus, mozzarella, spinazie, room, look, spek en ei"
Bar Mumford,Pizza Pepperoni,15.6,"Verse tomatensaus, 3 soorten picante salami, mozzarella"
Bar Mumford,Pizza BBQ chicken,16.9,"BBQ saus, kip, ui, paprika, mais, kerstomaten en mozzarella"
Bar Mumford,Pizza quattro formaggi,16.9,"Verse tomatensaus, mozzarella, gorgonzola, parmezaan en emmenthaler"
Bar Mumford,Pizza Hawaii,14.3,"Verse Tomatensaus, mozzarella, beenham en verse ananas"
Bar Mumford,Pizza Salmone,19.5,"Witte basis kruidensaus, zalm, dille, venkel, spinazie en kerstomaten"
Bar Mumford,Pizza Nutella,11.7,Nutella en fantasie van chocolade
Restaurant Italien Pasta Comedia,Pizzaiola,3.0,
Star Kebab,Pizza ala kurdo klein,8.0,"Doner kebab, rode ui."
Star Kebab,Pizza ala kurdo groot,13.0,"Doner kebab, rode ui."
Star Kebab,Hot pizza klein,9.0,"Gehakt, ui, pepers, pikante salami, look."
Star Kebab,Hot pizza groot,14.5,"Gehakt, ui, pepers, pikante salami, look."
Star Kebab,Pizza mix klein,9.5,"Kebabvlees, kip, paprika, champignons."
Star Kebab,Pizza mix groot,15.0,"Kebabvlees, kip, paprika, champignons."
Star Kebab,Star pizza klein,10.5,"Kip, kebab, shoarma, rode ui."
Star Kebab,Star pizza groot,16.0,"Kip, kebab, shoarma, rode ui."
YUUUM Arsenaal Shop,Dr Oetker Pizza La Margherita 265g,3.4,
YUUUM Arsenaal Shop,Dr Oetker Pizza Mozzarella 325g,3.15,
YUUUM Arsenaal Shop,BIFI Pizza XXL 75g,3.1,
YUUUM Arsenaal Shop,Dr Oetker Pizza Hawaï 350g,3.15,
Restaurant 't Dagelijks Broodje,Pizza Margarita,7.5,"Tomatensaus, mozzarella"
Restaurant 't Dagelijks Broodje,Pizza Salami,8.5,"Tomatensaus, mozzarella, salami"
Restaurant 't Dagelijks Broodje,Pizza Funghi,8.5,"Tomatensaus, mozzarella, funghi"
Restaurant 't Dagelijks Broodje,Pizza Tonno,9.5,"Tomatensaus, mozzarella, tonijn, ajuin"
Restaurant 't Dagelijks Broodje,Pizza Tonno Ansjovis,10.0,"Tomatensaus, mozzarella, tonijn, ansjovis"
Restaurant 't Dagelijks Broodje,Pizza Frutti Di Mare,10.0,"Tomatensaus, mozzarella, zeevruchten, look"
Restaurant 't Dagelijks Broodje,Pizza Scampi,12.0,"Tomatensaus, mozzarella, scampis, look"
Restaurant 't Dagelijks Broodje,Pizza Vegetarisch,10.0,"Tomatensaus, mozzarella, groenten"
Restaurant 't Dagelijks Broodje,Pizza Bolognese,9.5,"Tomatensaus, mozzarella, bolognese"
Can Pizzeria,Pizza kaşarlı (margherita),10.0,Tomatensaus en kaas.
Can Pizzeria,Pizza sebzeli (vegetarisch),12.0,"Tomatensaus, champignons, peper, peterselie."
Can Pizzeria,Pizza sucuklu (salami),12.0,Tomatensaus en salami.
Can Pizzeria,Pizza sucuklu yumurtali (salami en ei),12.5,"Tomatensaus, salami en ei."
Can Pizzeria,Pizza ton balıklı (tonijn),13.0,Tomatensaus en tonijn.
Can Pizzeria,Pizza 4 çeşit peyniri (4 kazen),13.5,4 soorten kaas.
Can Pizzeria,Pizza tavuklu (bbq chicken ),13.0,Barbecuesaus en kipfilet.
Can Pizzeria,Pizza kuşbaşılı (stoofvlees),13.5,Tomatensaus en stoofvlees.
Can Pizzeria,Pizza scampi,17.0,Tomatensaus en scampis.
Can Pizzeria,Pizza deniz ürünlü (zeevruchten),15.0,Tomatensaus en zeevruchten.
Can Pizzeria,Lahmacun,7.5,Turkse pizza.
Paesano Antwerp,Pizza diavola,14.0,Diavola (pikante salami) spicy salami
Paesano Antwerp,Pizza Burrata,15.0,"Pizza met Parmaham, kerstomaatjes, rucola en burrata"
Paesano Antwerp,"Focaccia met kerstomaatjes, Parmaham, burrata, en rucola",17.0,"Homemade focacciapizzabread topped with fresh burrata, parmaham, rucola and cherrytomatoes"
Brilliant Night Shop,DR.OETKER PIZZA CARBONARA,7.5,
Brilliant Night Shop,DR.OETKER PIZZA PROSCIUTTO,7.5,
Brilliant Night Shop,DR.OETKER PIZZA QUATRO FROMAGGI,7.5,
Brilliant Night Shop,DR.OETKER PIZZA MOZZARELLA,7.5,
Brilliant Night Shop,DR.OETKER PIZZA TONNO,7.5,
Brilliant Night Shop,DR.OETKER PIZZA BOLOGNESE FORMAGGI,7.5,
Brilliant Night Shop,DR.OETKER PIZZA FUNGHI,7.5,
Brilliant Night Shop,DR.OETKER PIZZA SPINACI E CREMA,7.5,
Brilliant Night Shop,DR.OETKER PIZZA SALAME,7.5,
Brilliant Night Shop,DR.OETKER PIZZA VEGETALE PICCANTE,7.5,
Brilliant Night Shop,DR.OETKER PIZZA SALAME MOZZARELLA PESTO,7.5,
Pizzeria Amore,Pizza margherita,8.0,"Tomaten, mozzarella, orginao"
Pizzeria Amore,Pizza 4 fromaggi,9.0,"Tomaten, mozzarella,4 kazen, origano"
Pizzeria Amore,Pizza aux scampi,9.0,"Tomaten, mozzarella, scampi, origano"
Pizzeria Amore,Pizza olive,8.0,"Tomaten, mozzarella, olijven, italiaanse pepers, origano"
Pizzeria Amore,Pizza al tonno,9.0,"Tomaten, mozzarella, tonijn, origano"
Pizzeria Amore,Pizza al salmone,9.0,"Tomaten, mozzarella, zalm, origano"
Pizzeria Amore,Pizza cardinale,8.0,"Tomaten, mozzarella, ham, champigons, origano"
Pizzeria Amore,Pizza diavola,9.0,"Tomaten, mozzarella, salami, champgnons, pilipili, origano"
Pizzeria Amore,Pizza 4 stagioni,9.0,"Tomaten, mozzarella, ham, champignons, anchovis, kappers, artichoc, pepers, origano"
Pizzeria Amore,Pizza cappriciosa,8.0,"Tomaten, mozzarella, ham, origano"
Pizzeria Amore,Pizza cicciolina,9.0,"Tomaten, mozzarella, ham, ei, frankfurts, origano"
Pizzeria Amore,Pizza marinara,9.0,"Tomaten, mozzarella, ham, champignons, olijven, pepers, origano"
Pizzeria Amore,Pizza al salame,8.0,"Tomaten, mozzarella, salami, origano"
Pizzeria Amore,Pizza provinciale,9.0,"Tomaten, mozzarella, ham, champignons, olijven, pepers, origano"
Pizzeria Amore,Pizza funghi,8.0,"Tomaten, mozzarella, champagnons, origano"
Pizzeria Amore,Pizza hawai,9.0,"Tomaten, mozzarella, ananas, ham, origano"
Pizzeria Amore,Pizza amore,9.0,"Tomaten, mozzarella, parmaham, artichoc, champignons, frankfurterworst, ei, origano"
Pizzeria Amore,Pizza lardons,8.0,"Tomaten, mozzarella, spekreepjes, origano"
Pizzeria Amore,Pizza vegetariana,9.0,"Tomaten, mozzarella, champignons, artichoc, kappers, pepers, olijven, origano"
Pizzeria Amore,Pizza vulcano,9.0,"Tomaten, mozzarella, parmaham, artichoc, champignons, oregano"
Pizzeria Amore,Pizza napoletana,9.0,"Tomaten, mozzarella, anchovis, kappers, origano"
Hot Pizza,Pizza margherita,6.95,"Tomatensaus, kaas"
Hot Pizza,Pizza Margherita,0.0,
Hot Pizza,Pizza Margherita,0.0,
Hot Pizza,Pizza vegetarisch,8.95,"Paprika, ui, champignons, olijven, maïs, tomaten, artisjok"
Hot Pizza,Pizza vegetarisch,0.0,
Hot Pizza,Pizza vegetarisch,0.0,
Hot Pizza,Pizza funghi,8.95,Champignons
Hot Pizza,Pizza funghi,0.0,
Hot Pizza,Pizza funghi,0.0,
Hot Pizza,Pizza salami,8.95,"Tomatensaus, kaas, salami"
Hot Pizza,Pizza salami,0.0,
Hot Pizza,Pizza salami,0.0,
Hot Pizza,Pizza peperoni,8.95,"Pikante salami, pikante peper"
Hot Pizza,Pizza peperoni,0.0,
Hot Pizza,Pizza peperoni,0.0,
Hot Pizza,Pizza hot,8.95,"Pikante peper, pikante salami, ui, gehakt"
Hot Pizza,Pizza exotic,0.0,
Hot Pizza,Pizza exotic,0.0,
Hot Pizza,Pizza exotic,8.95,"Tomatensaus, kaas, gegrilde kip, ananas"
Hot Pizza,Pizza barbecue,0.0,
Hot Pizza,Pizza barbecue,0.0,
Hot Pizza,Pizza barbecue,8.95,"Barbecuesaus, kaas, ham, salami, gehakt, gegrilde kip"
Hot Pizza,Pizza döner kebab,0.0,
Hot Pizza,Pizza döner kebab,0.0,
Hot Pizza,Pizza döner kebab,8.95,"Ui, look, döner kebab"
Hot Pizza,Pizza 4 seizoenen,0.0,
Hot Pizza,Pizza 4 seizoenen,0.0,
Hot Pizza,Pizza 4 seizoenen,8.95,"Ham, salami, champignons, paprika"
Hot Pizza,Pizza Hawaï,0.0,
Hot Pizza,Pizza Hawaï,0.0,
Hot Pizza,Pizza Hawaï,8.95,"Ham, ananas, kip, maïs"
Hot Pizza,Pizza spinazie,0.0,
Hot Pizza,Pizza spinazie,0.0,
Hot Pizza,Pizza spinazie,8.95,"Spinazie, ei, room, looksaus"
Hot Pizza,Pizza 4 kazen,0.0,
Hot Pizza,Pizza 4 kazen,0.0,
Hot Pizza,Pizza 4 kazen,8.95,"Gorgonzola, bel paese, feta, extra kaas"
Hot Pizza,Pizza prosciutto,0.0,
Hot Pizza,Pizza prosciutto,0.0,
Hot Pizza,Pizza prosciutto,8.95,"Ham, champignon"
Hot Pizza,Pizza chicken barbecue,0.0,
Hot Pizza,Pizza chicken barbecue,0.0,
Hot Pizza,Pizza chicken barbecue,8.95,"Chicken, paprika, ui, champignons, barbecuesaus"
Hot Pizza,Pizza tabasco,0.0,
Hot Pizza,Pizza tabasco,0.0,
Hot Pizza,Pizza tabasco,8.95,"Champignons, pepperoni, paprika, ui, tabasco"
Hot Pizza,Pizza calzone,0.0,
Hot Pizza,Pizza calzone,0.0,
Hot Pizza,Pizza calzone,8.95,"Dichtgevouwen pizza, ham, salami, paprika, bolognese, champignons"
Hot Pizza,Pizza zeevruchten,0.0,
Hot Pizza,Pizza zeevruchten,0.0,
Hot Pizza,Pizza zeevruchten,8.95,"Tonijn, garnalen, mosselen, calamares, extra kaas"
Hot Pizza,Pizza scampi chef,0.0,
Hot Pizza,Pizza scampi chef,0.0,
Hot Pizza,Pizza scampi chef,8.95,"Ui, look, feta, scampis"
Hot Pizza,Pizza scampi,0.0,
Hot Pizza,Pizza scampi,0.0,
Hot Pizza,Pizza scampi,8.95,"Tomatensaus, kaas, scampis, look, verse tomaat"
Hot Pizza,Pizza bolognaise,0.0,
Hot Pizza,Pizza bolognaise,0.0,
Hot Pizza,Pizza bolognaise,8.95,"Bolognese saus, kaas, pikante salami, pikante peper, ui, gehakt"
Hot Pizza,Pizza capricciosa,0.0,
Hot Pizza,Pizza capricciosa,0.0,
Hot Pizza,Pizza capricciosa,8.95,"Tomatensaus, kaas, ham, salami, pikante salami, ui, champignons, loo"
Hot Pizza,Pizza hot,0.0,
Hot Pizza,Pizza hot,0.0,
Hot Pizza,Pizza creamy chicken,8.95,"Roomsaus, kaas, kip, ui, champignons"
Hot Pizza,Pizza creamy chicken,0.0,
Hot Pizza,Pizza creamy chicken,0.0,
Hot Pizza,Pizza quattro stella,8.95,"Roomsaus, kaas, ui, look, gerookte zalm, kappertjes"
Hot Pizza,Pizza quattro stella,0.0,
Hot Pizza,Pizza quattro stella,0.0,
Hot Pizza,Pizza hot speciaal,8.95,"Tomatensaus, kaas, gegrilde kip, paprika, champignons, olijven, verse tomaten"
Hot Pizza,Pizza funky chicken,0.0,
Hot Pizza,Pizza funky chicken,0.0,
Hot Pizza,Pizza funky chicken,8.95,"Tomatensaus, kaas, ui, kip, ananas, paprika"
Hot Pizza,Pizza full option,0.0,
Hot Pizza,Pizza full option,0.0,
Hot Pizza,Pizza napolitano,8.95,"Tomatensaus, kaas, ansjovis, olijven, kappertjes, mais, ui"
Hot Pizza,Pizza hot,9.95,"Tomatensaus, kaas, salami, champignons, pikante pepers, ui"
Hot Pizza,Pizza full option,9.95,"Salami, paprika, ui, olijven, kip, ananas, maïs, gehakt"
Hot Pizza,Pizza fifty-fifty,9.95,Keuze uit twee smaken
Gök 2,Turkse pizza spinazie turk,13.5,"Spinazie, champignons, geitenkaas"
Gök 2,Turkse pizza spinazie maison,13.5,"Spinazie, salami, ei, champignons, geitenkaas"
Gök 2,Turkse pizza spinazie holland,13.5,"Spinazie, champignons, guyère"
Gök 2,Turkse pizza spinazie aubergine,14.5,"Spinazie, champignons, aubergines, geitenkaas"
Gök 2,Turkse pizza spinazie tonijn,17.5,"Tonijn, champignons, geitenkaas"
Strombolino,Pizzaiola,21.0,"Tomates, câpres, ail et vin blanc."
Strombolino,Pizza nutella,11.0,
Strombolino,Pizza au saumon fumé,21.0,Tomates mozzarella saumon fumé oignons
Strombolino,Pizza adriano,18.0,"Aubergine, Scampis, ail"
Strombolino,Pizza bolognaise,15.0,
Strombolino,Pizza napoli,13.5,Tomates mozzarella câpres olives anchois
Pizza Hut Oostende,Duo menu,19.9,4 lookbroodjes of 4 chicken wings (normal) + 1 medium pizza naar keuze + 2 frisdranken 33cl
Pizza Hut Oostende,Quattro menu,32.9,"1 Cheezy Bread of 8 lookbroodjes of 8 chicken wings + 2 medium pizzas naar keuze + 1,5L Pepsi/Pepsi Max/7up"
Pizza Hut Oostende,The BOX,27.0,"1 Pizza Pan Large (of Medium Classic of Cheezy Crust (+1,80€)) + American Potatoes + 8 Chicken Croqs + 2 lookbroodjes + 4 Chicken Wings "
Pizza Hut Oostende,Pepper Pizza,18.0,"Dubbele portie rundvlees, tomatenblokjes, rode ui, pepersaus, tomatensaus, mozzarella

"
Pizza Hut Oostende,Pepper Pizza,18.0,
Pizza Hut Oostende,"Yes, I want chessy crust with my large pizza please",6.6,
Lavinia,Turkse pizza (lahmacun),6.0,
Pizzeria l'Ami,"Oui, découper la pizza",0.0,
Pizzeria l'Ami,"Non, ne pas découper la pizza",0.0,
Pizzeria l'Ami,Pizza tarufata,13.0,
Pizzeria l'Ami,Pizza Bella,13.0,"Tomate, mozzarella, jambon, champignons, artichauts, anchois et câpres"
Pizzeria l'Ami,Pizza tarufata,14.0,
Pizzeria l'Ami,Pizza bufula,15.0,
Pizzeria l'Ami,Pizza  marimonti,13.0,
Pizzeria l'Ami,Pizza pizza lardo cipola,12.0,
Restaurant San Marco,Calzone: Tomaat - Mozzarella - Ham - Olijven - Tonijn,17.5,Dubbelgevouwen pizza
Restaurant San Marco,Pizza Parmigiana: Mozzarella - Aubergine - Verse Tomaat - Rucola - Basilicum,18.5,
Restaurant San Marco,Pizza San Marco duo van mozarela van bufalo,22.0,"Pomoderino, obergine, rosmarino."
Restaurant San Marco,Pizza porchetta,22.0,"Kleine varken, gegrild varkensvlees, rucola, parmigiano"
Il Capriani Eilandje,Pizza Margherita,9.0,Tomaten en mozzarella
Il Capriani Eilandje,Pizza Napoli,10.0,Kappertjes en ansjovis
Il Capriani Eilandje,Pizza Crudaiola,13.0,Verse tomaten en rucola
Il Capriani Eilandje,Pizza Hawai,13.0,Ham en ananas
Il Capriani Eilandje,Pizza Calabrese,14.0,"Paprika, pikante salami"
Il Capriani Eilandje,Pizza Capricciosa,14.0,"Ham, champignons en artisjokken"
Il Capriani Eilandje,Pizza Genovese,13.0,Pesto en courgettes
Il Capriani Eilandje,Pizza Vegetariana,16.0,Groenten
Il Capriani Eilandje,Pizza Proscuitto di Parma,16.0,Parmaham
Il Capriani Eilandje,Pizza Luca,15.0,Gorgonzola en pikante salami
Il Capriani Eilandje,Pizza Quattro Fromaggi,14.0,Assortiment van kaas
Il Capriani Eilandje,Pizza Quattro Stagioni,15.0,"Ham, champignons, papikra, olijven en artisjokken"
Il Capriani Eilandje,Pizza Salmone,16.0,Rode ui en zalm
Il Capriani Eilandje,Pizza Bresaola,16.5,"Bresaola, parmigiano reggiano, rucola"
Il Capriani Eilandje,Pizza Carpaccio,16.5,Rundvlees
Il Capriani Eilandje,Pizza Mare e Monti,17.0,"Scampi, ham, champignons en olijven"
Di Massimo,Pizza Di Massimo,22.5,"Gerookte zalm, calamaris, scampis, mosselen, milde paprika en rucola"
Di Massimo,Pizzaiolo,17.5,"Champignons, tonijn, ham, spinazie en look"
Loco Pizza 2,Pizza,6.99,
Epicuro,Calzone,15.9,"Pizza fermée : sauce tomate, mozzarella, champignons, jambon et œuf"
Munchies ,croky explosions - Pizza pepperoni,2.5,
Munchies ,Crocky - Pizza Pepperoni,3.5,"New Flavor - Pizza Pepperoni 150g
Suitable for vegetarians"
Istanbul leuven,Pizza Shoarma,0.0,
Istanbul leuven,Pizza Hawaii,0.0,
Istanbul leuven,Pizza Veggie,0.0,
Istanbul leuven,Pizza Quattro Stagioni,0.0,
Istanbul leuven,Pizza Tonno,0.0,
Istanbul leuven,Pizza Quattro Formaggi,0.0,
Pizzeria San Remo,Pizza san remo,13.8,"Tomatenkaas, rucola, parmezaanse kaas."
Pizzeria San Remo,Pizza margherita,10.2,Tomaten en kaas.
Pizzeria San Remo,Pizza cipolla,11.5,"Tomaten, kaas en uien."
Pizzeria San Remo,Pizza funghi,11.8,"Tomaten, kaas en champignons."
Pizzeria San Remo,Pizza ananas,11.8,"Tomaten, kaas en ananas."
Pizzeria San Remo,Scaloppina alla pizzaiola,23.6,Kalfslapje met speciale pizzasaus.
Pizzeria San Remo,Pizza prosciutto,12.4,"Tomaten, kaas en ham."
Pizzeria San Remo,Pizza salame,12.4,"Tomaten, kaas en salami."
Pizzeria San Remo,Pizza napoletana,13.9,"Tomaten, kaas, ansjovis en kappertjes."
Pizzeria San Remo,Pizza hawaï,14.1,"Tomaten, kaas, ham en ananas."
Pizzeria San Remo,Pizza sole mio,14.1,"Tomaten, kaas, spinazie en ei."
Pizzeria San Remo,Pizza capricciosa,14.1,"Tomaten, kaas, ham en champignons."
Pizzeria San Remo,Pizza primavera,13.9,"Tomaten, kaas, courgettes en aubergine."
Pizzeria San Remo,Pizza vegetarian,14.3,"Tomaten, kaas en groenten."
Pizzeria San Remo,Pizza bolognese,13.9,"Tomaten, kaas en gehaktsaus en paprika."
Pizzeria San Remo,Pizza gorgonzola,14.5,"Tomaten, kaas en gorgonzola."
Pizzeria San Remo,Pizza tonno,15.5,"Tomaten, kaas, tonijn en uien."
Pizzeria San Remo,Pizza frutti di mare,16.4,"Tomaten, kaas, zeevruchten en knoflook."
Pizzeria San Remo,"Pizza salsiccia, piccante",14.3,"Tomaten, kaas en italiaanse pikante salami."
Pizzeria San Remo,Pizza quattro formaggi,15.8,Tomaten en 4 italiaanse kazen.
Pizzeria San Remo,Calzone,15.9,"(gesloten pizza) tomaten, kaas, salami, ham, paprika, uien, artisjok, champignons."
Pizzeria San Remo,Pizza carpaccio,16.2,"Tomaten, kaas, rucola, parmezaanse kaas, carpaccio."
Pizzeria San Remo,Pizza quattro stagioni,15.9,"Tomaten, kaas, ham, salami, uien, paprika, champignons, artisjok en paprika."
Pizzeria San Remo,Pizza mafia,16.5,"Tomaten, kaas, ui en spek."
Pizzeria San Remo,Pizza scampi,16.8,"Tomaten, kaas, scampis en uien."
Pizzeria San Remo,Pizza carne,16.7,"Tomaten, kaas, ham, salami, mortadella, salsiccia, parmaham."
Pizzeria San Remo,Pizza pollo-kip,14.9,"Tomaten, kaas, kip, uien en paprika."
samo bakkerij,Turkse pizza,3.1,Keuze tussen kip of rundvlees.
samo bakkerij,Turkse pizza met doner,7.0,Keuze tussen kip of rundvlees.
Dam Dam Pizeria,Pizza Scampi,14.0,"Tomaat, Mozzarella en Scampi"
Het Paleitje,Mini pizza,11.0,8 stuks
Ahi Pide Pizza,Pizza Pita,7.49,"Pitavlees, paprika en ui."
Ahi Pide Pizza,Pizza Pollo,7.49,"Kipfilet, paprika en ui."
Ahi Pide Pizza,Pizza Salami,7.49,Salami.
Ahi Pide Pizza,Pizza Scampi,8.49,Scampi.
Ahi Pide Pizza,Mix Pizza,10.0,"3 soorten vlees, paprika en ui."
Pizza Hoot,Pizza small,0.0,
Carrefour Express Stockel,Carrefour Cocktail de Fruits de Mer 500 g,6.49,"Ce cocktail de calmars, moules et crevettes est idéal pour confectionner des plats savoureux : risotto, pâtes, pizza ou paella de la mer. Ou peut-être pour agrémenter vos Spaghetti dune délicieuse sauce aux fruits de mer..."
Carrefour Express Stockel,Dr. Oetker Pizza Ristorante Quattro Formaggi 340 g,4.15,Dr. Oetker Pizza Ristorante Quattro Formaggi 340 g
Carrefour Express Stockel,HERTA Pâte à Pizza Fine Ronde 260 g,4.25,"La pâte à Pizza Fine et Ronde de Herta®, la pizza ronde et classique qui est préparée avec une véritable levure boulangère qui lui permet de lever doucement à la cuisson. Il vous suffit dajouter vos ingrédients frais préférés sur la pâte, pour réussir en quelques minutes une savoureuse pizza, fine et croustillante ! Régalez-vous!"
Carrefour Express Stockel,Carrefour Classic' Pâte à Pizza Fine et Ronde 260 g,1.35,Carrefour Classic Pâte à Pizza Fine et Ronde 260 g
Carrefour Express Stockel,Carrefour Bio Basilic en pot,1.15,"Incontournable dans tous les plats à base de tomates, le basilic accompagne idéalement toutes les spécialités méridionales comme les pâtes et les pizzas. Le basilic est également dans les plats à base de poisson et de viande et constitue le principal ingrédient du pesto classique. Ne pas hacher finement mais les déchirer ou les découper et les ajouter seulement en fin de préparation."
Carrefour Express Stockel,Carrefour Bio Pizza Margherita Cuite au Feu de Bois 310 g,2.59,"Cette pizza est fabriquée en Italie, à partir dingrédients issus de lagriculture biologique. Elaborée à partir dune pâte à lhuile dolive vierge extra (2.5%), elle est nappée de sauce tomate et de mozzarella, puis cuite au feu de bois, ce qui lui donne son croustillant et son goût unique si attachant."
Carrefour Express Stockel,Bruggeman Levure de Boulangerie 42 g,0.25,"Idéale pour vos pains, brioches, pizzas..."
Carrefour Express Stockel,Dr. Oetker Casa di Mama Pizza Speciale 415 g,6.75,Dr. Oetker Casa di Mama Pizza Speciale 415 g
Carrefour Express Stockel,Dr. Oetker Pizza Ristorante Mozzarella 355 g,3.89,Dr. Oetker Pizza Ristorante Mozzarella 355 g
Carrefour Express Stockel,Dr. Oetker Pizza Ristorante Barbecue 340 g,6.25,Dr. Oetker Pizza Ristorante Barbecue 340 g
Carrefour Express Stockel,Dr. Oetker Pizza Ristorante Speciale 345 g,3.99,Dr. Oetker Pizza Ristorante Speciale 345 g
Carrefour Express Stockel,Dr. Oetker Pizza Ristorante Tonno 355 g,4.39,"Dr. Oetker utilise uniquement du thon rose (Katsuwonus pelamis), dont les stocks ne sont pas en danger."
Carrefour Express Stockel,Dr. Oetker Pizza Ristorante Prosciutto 340 g,4.59,Dr. Oetker Pizza Ristorante Prosciutto 340 g
Carrefour Express Stockel,Dr. Oetker Pizza Ristorante Bolognese e Formaggi 375 g,5.15,Dr. Oetker Pizza Ristorante Bolognese e Formaggi 375 g
Carrefour Express Stockel,Dr. Oetker La Margherita Classica 265 g,4.25,"Garnissez votre pizza de:
jambon
roquette
parmesan"
Carrefour Express Stockel,Dr. Oetker Pizza Ristorante Hawaii 355 g,3.95,Dr. Oetker Pizza Ristorante Hawaii 355 g
Carrefour Express Stockel,Dr. Oetker Pizza Ristorante Spinaci 390 g,3.79,Dr. Oetker Pizza Ristorante Spinaci 390 g
Carrefour Express Stockel,Carrefour Pizza Mozzarella Pâte Fine 340 g,2.05,"Les pizzas ""pâte Fine"" Carrefour vous séduiront avec leur pâte croustillante. Cette pizza se déguste seule ou se partage en famille, en entrée ou en plat.

Cette pizza Mozzarella est garnie de :
Délicieuses tranches de mozzarella
Savoureuses tomates cerise"
Carrefour Express Stockel,Dr. Oetker Pizza Ristorante Pollo 355 g,4.59,Dr. Oetker Pizza Ristorante Pollo 355 g
Carrefour Express Mechelen Veemarkt,HERTA Pizzadeeg Dun Rond 260 g,4.25,"Herta® Fijn en Rond Pizzadeeg, de klassieke ronde pizza wordt bereid met echt bakkersgist waardoor deze tijdens het koken zachtjes kan rijzen. Voeg gewoon uw favoriete verse ingrediënten toe aan het deeg voor een smakelijke, dunne en knapperige pizza in slechts enkele minuten! Trakteer uzelf!"
Carrefour Express Mechelen Veemarkt,Dr. Oetker Pizza Ristorante Quattro Formaggi 340 g,4.15,Dr. Oetker Pizza Ristorante Quattro Formaggi 340 g
Carrefour Express Mechelen Veemarkt,Dr. Oetker Pizza Ristorante Mozzarella 355 g,3.89,Dr. Oetker Pizza Ristorante Mozzarella 355 g
Carrefour Express Mechelen Veemarkt,Dr. Oetker Pizza Ristorante Speciale 345 g,3.99,Dr. Oetker Pizza Ristorante Speciale 345 g
Carrefour Express Mechelen Veemarkt,Dr. Oetker Pizza Ristorante Tonno 355 g,4.39,"Dr. Oetker gebruikt alleen Skipjack Tuna (Katsuwonus pelamis), deze diersoort wordt niet met uitsterven bedreigd."
Carrefour Express Mechelen Veemarkt,Dr. Oetker Pizza Ristorante Salame 320 g,4.59,Dr. Oetker Pizza Ristorante Salame 320 g
Carrefour Express Mechelen Veemarkt,Dr. Oetker Pizza Ristorante Prosciutto 340 g,4.59,Dr. Oetker Pizza Ristorante Prosciutto 340 g
Carrefour Express Mechelen Veemarkt,Dr. Oetker Pizza Ristorante Bolognese e Formaggi 375 g,5.15,Dr. Oetker Pizza Ristorante Bolognese e Formaggi 375 g
Carrefour Express Mechelen Veemarkt,Dr. Oetker La Margherita Classica 265 g,4.25,"Top je pizza heerlijk af met:
ham
parmezaan
rucola"
Carrefour Express Mechelen Veemarkt,Dr. Oetker Pizza Ristorante Hawaii 355 g,3.95,Dr. Oetker Pizza Ristorante Hawaii 355 g
Carrefour Express Mechelen Veemarkt,Dr. Oetker Pizza Ristorante Spinaci 390 g,3.79,Dr. Oetker Pizza Ristorante Spinaci 390 g
Carrefour Express Mechelen Veemarkt,Dr. Oetker Pizza Ristorante Pollo 355 g,4.59,Dr. Oetker Pizza Ristorante Pollo 355 g
Vege vege,Pizza rucola,7.5,"Tomaat, mozzarella, raket salade"
Vege vege,Pizza pollo,7.0,"Tomaat, mozzarella"
Vege vege,Pizza scampi,8.0,"Tomaat, mozzarella, scampi"
Pizza Gulhan,Gülhan pide,13.0,"Pizza met americain, lamsvlees, salami, ei, fetakaas, champignon"
Pizza Gulhan,Kiymali pide,6.0,Pizza met americain
Pizza Gulhan,Yumurtali pide,6.0,Pizza met eieren
Pizza Gulhan,Peynirli pide ,6.0,Pizza met geitenkaas
Pizza Gulhan,Menemenli pide,9.5,"Pikante pizza met tomaat, geitenkaas, eieren, paprika"
Pizza Gulhan,Karisik pide ,6.5,Pizza met americain en geitenkaas
Pizza Gulhan,Sucuklu pide,9.5,Pizza met salami en eieren
Pizza Gulhan,Kasarli sucuklu,9.5,Pizza met salami en gruyère
Pizza Gulhan,Ispanakli pide ,9.5,"Pizza met spinazie, geitenkaas en champignon"
Pizza Gulhan,Patatesli pide ,9.5,"Pizza met aardappel, ajuin, paprika, tomaat etn gruyère"
Pizza Gulhan,Sebzeli pide,9.5,"Pizza met tomaat, paprika, champignon en geitenkaas"
Pizza Gulhan,Kapama sucuklu pide,9.5,Pizza met geitenkaas en salami
Pizza Gulhan,Pide special ,9.5,"Pizza met tomaat, champignon, paprika, geitenkaas, feta en gruyère"
Pizza Gulhan,Chef pide,11.0,"Pizza van de chef met lamsvlees, salami, ei, tomaat, champignon, paprika en fetakaas"
Pizza Gulhan,Tavuklu pide ,10.5,"Pizza met kip, tomaat, champignon, paprika en gruyère"
Pizza Gulhan,Kusbasili pide,10.5,Pizza met fijn gesneden lamsvlees
Pizza Gulhan,Gülhan pide ,12.0,"Pizza met americain, lamsvlees, salami, ei, fetakaas, tomaat, champignon, paprika en gruyère"
Pizza Gulhan,Baybo pide ,10.5,"Pizza met ei, tomaat, paprika, champignon, salami en gruyère"
Pizza Gulhan,Scampili pide,14.0,"Pizza met scampi, tomaat, paprika, champignon, fetakaas en gruyère"
Pizza Gulhan,Mix grill: plateau du chef,70.0,"Mix grill voor 4 personen: aardappel in de schil met lookboter, lamskotelet, kipgehakt, lamsgehakt, lamsgebraad, lamsbrochette, kipkotelet, kipfilet, pizza gehakt, kippenvleugels, pittavlees, rijst, herdersla, frietjes, champignonsaus, pepersaus"
Pizza Gulhan,Tavuk kusbasi mix,10.0,"Pizza met kip, lamsvlees, tomaat, paprika, champignons, gruyère"
La Soeur du Patron Auderghem,Pizza Margherita,0.0,
La Soeur du Patron Auderghem,Pizza 4 fromages,0.0,
Ya baba,Falafel Arabi Schotel,15.5,8 stukjes falafel in twee Syrische wraps met tahina saus en veel groenten in pizza vorm maar een falafel Arabi op zijn Syrische dan .
Ya baba,Falafel Arabi Schotel,15.5,8 stukjes falafel in twee Syrische wraps met tahina saus en veel groenten in pizza vorm maar een falafel Arabi op zijn Syrische dan .
Pizza Roma ,Pizza 4 Kazen,21.0,"Kaas, tomaat, gorgonzola, bel pease, feta & extra kaas"
Pizza Roma ,Pizza 4 Kazen,12.0,"Kaas, tomaat, gorgonzola, bel pease, feta & extra kaas"
Pizza Roma ,Pizza 4 seizoenen,24.0,"Kaas, tomaat, ham, salami, champignon, paprika"
Pizza Roma ,Pizza 4 seizoenen,15.0,"Kaas, tomaat, ham, salami, champignon, paprika"
Pizza Roma ,Pizza All Meat BBQ,24.0,"Kaas, tomaat, ham, salami, kip, shoarma, kebabvlees, mozzarella, BBQ saus en potje looksaus"
Pizza Roma ,Pizza All Meat BBQ,15.0,"Kaas, tomaat, ham, salami, kip, shoarma, kebabvlees, mozzarella, BBQ saus en potje looksaus"
Pizza Roma ,Pizza BBQ,24.0,"Salami, ham, kip, spek, gehakt en potje looksaus"
Pizza Roma ,Pizza BBQ,15.0,"Salami, ham, kip, spek, gehakt en potje looksaus"
Pizza Roma ,Pizza BBQ Merguez,15.0,"Kaas, tomaat, merguez, ui, paprika, BBQ saus en potje looksaus"
Pizza Roma ,Pizza BBQ Merguez,24.0,"Kaas, tomaat, merguez, ui, paprika, BBQ saus en potje looksaus"
Pizza Roma ,Pizza Bolognese De Luxe,15.0,"Kaas, bolognesesaus, look, ui & extra gehakt"
Pizza Roma ,Pizza Bolognese De Luxe,24.0,"Kaas, bolognesesaus, look, ui & extra gehakt"
Pizza Roma ,Pizza Buffalo,15.0,"Kaas, tomaat, peperoni, rode ui, mozzarella, gehakt , potje looksaus en afgewerkt met ijsbergsla"
Pizza Roma ,Pizza Buffalo,24.0,"Kaas, tomaat, peperoni, rode ui, mozzarella, gehakt , potje looksaus en afgewerkt met ijsbergsla"
Pizza Roma ,Calzone,24.0,"Dubbel gevouwen pizza met ham, kaas, salami, paprika, bolognesesaus & champignon"
Pizza Roma ,Calzone,15.0,"Dubbel gevouwen pizza met ham, kaas, salami, paprika, bolognesesaus & champignon"
Pizza Roma ,Calzone Veggie,21.0,"Dubbel gevouwen pizza met kaas, tomaat, champignons, paprika, maïs en ui"
Pizza Roma ,Calzone Veggie,11.0,"Dubbel gevouwen pizza met kaas, tomaat, champignons, paprika, maïs en ui"
Pizza Roma ,Pizza Chicken BBQ,15.0,"Kaas, BBQ, paprika, ui, potje looksaus en gegrilde kip"
Pizza Roma ,Pizza Chicken BBQ,24.0,"Kaas, BBQ, paprika, ui, potje looksaus en gegrilde kip"
Pizza Roma ,Pizza Creamy Cheeeeeeese,14.0,"Room, kaas, fetakaas, beltaese, mozzarella en extra kaas"
Pizza Roma ,Pizza Creamy Cheeeeeeese,23.0,"Room, kaas, fetakaas, beltaese, mozzarella en extra kaas"
Pizza Roma ,Pizza Cream Dream,16.0,"Kaas, room, spekjes, ui & look"
Pizza Roma ,Pizza Cream Dream,25.0,"Kaas, room, spekjes, ui & look"
Pizza Roma ,Pizza Creamy Chicken,24.0,"Kaas, room, champignons, kerstomaat, rode ui, look, kip en potje looksaus"
Pizza Roma ,Pizza Creamy Chicken,13.0,"Kaas, room, champignons, kerstomaat, rode ui, look, kip en potje looksaus"
Pizza Roma ,Pizza Cretoise,24.0,"Kaas, tomaat, tonijn, ui, maïs, fetakaas & potje looksaus"
Pizza Roma ,Pizza Cretoise,15.0,"Kaas, tomaat, tonijn, ui, maïs, fetakaas & potje looksaus"
Pizza Roma ,Pizza Curry Wizzy,13.0,"Currysaus, kaas, champignons, ui, ananas, paprika, kip, mozzarella en potje looksaus"
Pizza Roma ,Pizza Curry Wizzy,22.0,"Currysaus, kaas, champignons, ui, ananas, paprika, kip, mozzarella en potje looksaus"
Pizza Roma ,Pizza Doner Kebab,14.0,"Kaas, tomaat, ui, look, donder kebab & potje looksaus"
Pizza Roma ,Pizza Doner Kebab,23.0,"Kaas, tomaat, ui, look, donder kebab & potje looksaus"
Pizza Roma ,Pizza Full Option,16.0,"Kaas, tomaat, salami, ui, paprika, olijven, kip, ananas, maïs, gehakt & extra kaas"
Pizza Roma ,Pizza Full Option,26.0,"Kaas, tomaat, salami, ui, paprika, olijven, kip, ananas, maïs, gehakt & extra kaas"
Pizza Roma ,Pizza Funky,13.0,"Kaas, tomaat, rode ui, paprika, gehakt, kip, mozzarella & potje andalouse"
Pizza Roma ,Pizza Funky,22.0,"Kaas, tomaat, rode ui, paprika, gehakt, kip, mozzarella & potje andalouse"
Pizza Roma ,Pizza Green Fiësta,15.0,"Kaas, room, spinazie, kebab & potje looksaus"
Pizza Roma ,Pizza Green Fiësta,24.0,"Kaas, room, spinazie, kebab & potje looksaus"
Pizza Roma ,Pizza Hawaï,15.0,"Kaas, tomaat, ham, kip, ananas & maïs"
Pizza Roma ,Pizza Hawaï,24.0,"Kaas, tomaat, ham, kip, ananas & maïs"
Pizza Roma ,Hot Pizzaah!!,15.0,"Kaas, tomaat, pikante pepers, pikante salami, gehakt & ui"
Pizza Roma ,Hot Pizzaah!!,24.0,"Kaas, tomaat, pikante pepers, pikante salami, gehakt & ui"
Pizza Roma ,Pizza Meat Lover,13.0,"Kaas, tomaat, shoarma, kip, kebab, paprika, mozzarella, BBQ saus & potje looksaus"
Pizza Roma ,Pizza Meat Lover,22.0,"Kaas, tomaat, shoarma, kip, kebab, paprika, mozzarella, BBQ saus & potje looksaus"
Pizza Roma ,Pizza Pitta,14.0,"Kaas, tomaat, extra shoarmavlees & potje looksaus"
Pizza Roma ,Pizza Pitta,23.0,"Kaas, tomaat, extra shoarmavlees & potje looksaus"
Pizza Roma ,Pizza Quattro Stella,25.0,"Kaas, room, gerookte zalm, kappertjes, ui & look"
Pizza Roma ,Pizza Quattro Stella,16.0,"Kaas, room, gerookte zalm, kappertjes, ui & look"
Pizza Roma ,Pizza Scampi,16.0,"Kaas, tomaat, look, ui, scampis, verse tomaat & potje looksaus"
Pizza Roma ,Pizza Scampi,25.0,"Kaas, tomaat, look, ui, scampis, verse tomaat & potje looksaus"
Pizza Roma ,Pizza Spicy Chicken,24.0,"Kaas, tomaat, rode ui, pikante pepers, kip, paprika, mozzarella en potje looksaus"
Pizza Roma ,Pizza Spicy Chicken,15.0,"Kaas, tomaat, rode ui, pikante pepers, kip, paprika, mozzarella en potje looksaus"
Pizza Roma ,Pizza Spinazie,15.0,"Kaas, tomaat, extra spinazie, ei, room & potje looksaus"
Pizza Roma ,Pizza Spinazie,24.0,"Kaas, tomaat, extra spinazie, ei, room & potje looksaus"
Pizza Roma ,Pizza Supreme,21.0,"Kaas, tomaat, pepperoni, champignon, paprika, ui, gehakt, mozzarella & potje looksaus"
Pizza Roma ,Pizza Supreme,13.0,"Kaas, tomaat, pepperoni, champignon, paprika, ui, gehakt, mozzarella & potje looksaus"
Pizza Roma ,Tobasco Pizza,15.0,"Tobasco pizzasaus, kaas, champignon, pepperoni, paprika & ui"
Pizza Roma ,Tobasco Pizza,24.0,"Tobasco pizzasaus, kaas, champignon, pepperoni, paprika & ui"
Pizza Roma ,Pizza Tomatello,13.0,"Kaas,tomaat, ham, champignons, kerstomaat, mozzarella en potje looksaus"
Pizza Roma ,Pizza Tomatello,23.0,"Kaas,tomaat, ham, champignons, kerstomaat, mozzarella en potje looksaus"
Pizza Roma ,Pizza Tonnion,12.0,"Kaas, tomaat, dubbel tonijn, dubbel ui & extra kaas"
Pizza Roma ,Pizza Vegetarisch,25.0,"Kaas, tomaat, paprika, ui, champignon, olijven, artisjokken, maïs en verse tomaat"
Pizza Roma ,Pizza Vegetarisch,14.0,"Kaas, tomaat, paprika, ui, champignon, olijven, artisjokken, maïs en verse tomaat"
Pizza Roma ,Pizza Zeevruchten,25.0,"Kaas, tomaat, tonijn, garnalen, mosselen, calamari & extra kaas"
Pizza Roma ,Pizza Zeevruchten,16.0,"Kaas, tomaat, tonijn, garnalen, mosselen, calamari & extra kaas"
Kebab love ,Hot pizza,8.5,
Pizzeria Number One,Composez Votre Pizza,13.0,"Sauce tomate, véritable mozzarella, huile dolive extra-vierge, olives, origan, basilic et trois ingrédients au choix"
Dagianni pizza,Pizza Margherita,13.0,"Tomaat, mozzarella, parmezaan en origano."
Dagianni pizza,Pizza Mediterranea,20.5,"Witte bodem, mozzarella, gerookte mozzarella, kerstomaatjes, rucola en parmezaanschilfers.Pancetta"
Dagianni pizza,Pizza Fiorucci,21.0,"Tomaat, mozzarella, superieure gekookte ham."
Dagianni pizza,Pizza Lardons,15.5,"Tomaat, mozzarella en spekblokjes."
Dagianni pizza,Pizza Al Carpaccio,22.5,"Tomaat, mozzarella, champignons, rucola, fijngesneden rundvlees en parmezaanschilfers."
Dagianni pizza,Pizza Napoletana,15.5,"Tomaat, mozzarella, ansjovis en kappertjes."
Dagianni pizza,Pizza Alla Bresaola,22.5,"Tomaat, mozzarella, tomaatjes, bresaola, rucola en parmezaanschilfers."
Dagianni pizza,Pizza Prosciutto,15.5,"Tomaat, mozzarella en ham."
Dagianni pizza,Pizza Al Salame,15.5,"Tomaat, mozzarella en niet pikante salami."
Dagianni pizza,Pizza Alla Mortadella,22.5,"Verse pesto basilico, mozzarella, mortadella en geroosterde pistachenoten."
Dagianni pizza,Pizza Funghi,16.0,"Tomaat, mozzarella en verse champignons."
Dagianni pizza,Pizza Parma E Bufala,23.5,"Tomaat, mozzarella, parmaham, rucola, tomaatjes-, buffelmozzarella en basilicumdressing."
Dagianni pizza,Pizza Parma e Burrata,24.5,"Tomaat, mozzarella, parmaham, rucola, tomaatjes burrata en basilicumdressing."
Dagianni pizza,Pizza Cardinale,17.5,"Tomaat, mozzarella, verse champignons en ham."
Dagianni pizza,Pizza Alla Tartufata,26.0,"Zwarte truffelpasta, mozzarella, champignons, witte truffelolie, rucola en parmezaanschilfers."
Dagianni pizza,Pizza Provinciale,17.5,"Tomaat, mozzarella, kappertjes, olijven, ajuin en paprika."
Dagianni pizza,Pizza Cicciolina,17.5,"Tomaat,mozzarella,ham,frankfurterworst,vers ei"
Dagianni pizza,Pizza Diavola,17.5,"Tomaat, mozzarella, verse champignons, pili pili en pikante salami."
Dagianni pizza,Pizza Ananas,17.5,"Tomaat, mozzarella, ananasstukjes en ham."
Dagianni pizza,Pizza Vegetariana,18.5,"Tomaat, mozzarella, courgette, aubergines, paprika, olijven, artisjok en gekonfijte ajuin."
Dagianni pizza,Pizza Quattro Formaggi,19.5,"Tomaat, mozzarella, fontina, gorgonzola en parmezaan."
Dagianni pizza,Pizza Al Tonno E Cipolla,19.5,"Tomaat, mozzarella, tonijn en gekonfijte ajuin."
Dagianni pizza,Pizza Frutti Di Mare,22.5,"Tomaat, mozzarella, zeevruchtenmix, ansjovis en look."
Dagianni pizza,Pizza Special Gianni,22.5,"Tomaat, mozzarella, artisjok, champignons, ei en parmaham."
Danieli Il Divino,Pizza Margherita,17.0,
Danieli Il Divino,Pizza Napoletana,17.5,
Danieli Il Divino,Pizza Parma & Rucola,19.5,
Danieli Il Divino,Pizza Bianca Quatro Formaggi,18.5,
Danieli Il Divino,Pizza Carpaccio,19.5,
Danieli Il Divino,Pizza Prosciutto,17.5,
Danieli Il Divino,Pizza Salame,17.5,
Danieli Il Divino,Pizza Siciliana,17.0,
Danieli Il Divino,Pizza Bianca Spinaci e Gorgonzola,18.5,
Pizzeria Poggio Delle Rose,Foccacia,5.0,Pizza à lail
Panos Bruul,Pizzabaguette Tomaat-Mozzarella,4.5,"Tomaat, mozzarella, oregano, rucola"
Panos Bruul,Pizzabaguette Hawai,4.5,"Ham, ananas, mozzarella, oregano"
Panos Bruul,Pizzabaguette Salami,4.5,"Salami, verse ui, mozzarella, oregano"
Panos Bruul,Pizzabaguette 3 kazen,4.5,"Maredsous, Gorgonzola, mozzarella, oregano"
Bocca Nera,Pizza Marinara,8.5,"Tomaten San Marzano, oregano, verse look."
Bocca Nera,Pizza Capricciosa,16.0,"Tomaten San Marzano, fior de latte mozzarella, prosciutto, champignons, organisch gerijpte Taggiasche olijven."
Bocca Nera,Pizza Hot Honey,14.5,"Tomaten San Marzano, fior di latte mozzarella, Spianata (pikante salami), rode ui, hot honey."
Bocca Nera,Pizza Queen B,17.0,"Tomaten San Marzano, fior di latte mozzarella, romige burrata, verse basilicum."
Bocca Nera,Pizza Tartufomo,20.5,"Deluxe pizzadeeg op basis van zwarte truffel, funghi."
Bocca Nera,Pizza La Mamma Margherita,11.0,"Tomaten San Marzano, fior di latte mozzarella, verse basilicum."
Bocca Nera,Pizza Best of Both,18.5,"Cacio e pepe over-the-top pastrami op een witte basis van Pecorino Romano kaas, zwarte peper."
Bocca Nera,Pizza Binging Bonito,18.5,"Ansjovis, kappertjes, witte ui, bonito flakes van gedroogde tonijn."
Bocca Nera,Pizza Be Bold And Beautiful,17.0,"Cruchy vegan pesto deeg met cabonata, de Siciliaanse sweet & sour salsa op basis van geroosterde aubergine, gesauteerde paprika, artisjok, organisch gerijpte Taggiasche olijven."
Saffuriya Sweets,Pizza margarita (large),19.99,"Tomatensaus, mozzarella & oregano"
Saffuriya Sweets,Pizza margarita (medium),14.99,"Tomatensaus, mozzarella & oregano"
Saffuriya Sweets,Pizza margarita (klein),9.99,"Tomatensaus, mozzarella & oregano"
Saffuriya Sweets,Pizza kip (medium),14.99,"Tomatensaus, mozzarella, kip, paprikamix, maïs & champignon"
Saffuriya Sweets,Pizza kip (large),19.99,"Tomatensaus, mozzarella, kip, paprikamix, maïs & champignon"
Saffuriya Sweets,Pizza kip (klein),9.99,"Tomatensaus, mozzarella, kip, paprikamix, maïs & champignon"
Saffuriya Sweets,Pizza veggie (large),19.99,"Tomatensaus, mozzarella, paprikamix, maïs, champignon"
Saffuriya Sweets,Pizza veggie (klein),9.99,"Tomatensaus, mozzarella, paprikamix, maïs, champignon"
Saffuriya Sweets,Pizza veggie (medium),14.99,"Tomatensaus, mozzarella, paprikamix, maïs, champignon"
Saffuriya Sweets,Pizza tonno (klein),9.99,"Tomatensaus, mozzarella, zwarte olijven, ui & tonijn"
Saffuriya Sweets,Pizza tonno (medium),14.99,"Tomatensaus, mozzarella, zwarte olijven, ui & tonijn"
Saffuriya Sweets,Pizza tonno (large),19.99,"Tomatensaus, mozzarella, zwarte olijven, ui & tonijn"
Saffuriya Sweets,Pizza gehakt (large),19.99,"Tomatensaus, mozzarella, gehakt, paprikamix & champignon"
Saffuriya Sweets,Pizza gehakt (klein),9.99,"Tomatensaus, mozzarella, gehakt, paprikamix & champignon"
Saffuriya Sweets,Pizza gehakt (medium),14.99,"Tomatensaus, mozzarella, gehakt, paprikamix & champignon"
Saffuriya Sweets,Pizza peperoni (medium),14.99,"Tomatensaus, mozzarella & peperoni"
Saffuriya Sweets,Pizza peperoni (large),19.99,"Tomatensaus, mozzarella & peperoni"
Saffuriya Sweets,Pizza peperoni (klein),9.99,"Tomatensaus, mozzarella & peperoni"
Saffuriya Sweets,Pizza fungi (large),19.99,"Tomatensaus, mozzarella & champignon"
Saffuriya Sweets,Pizza fungi (klein),9.99,"Tomatensaus, mozzarella & champignon"
Saffuriya Sweets,Pizza fungi (medium),14.99,"Tomatensaus, mozzarella & champignon"
Saffuriya Sweets,Pizza sucuk (klein),9.99,"Tomatensaus, mozzarella & sucuk"
Saffuriya Sweets,Pizza sucuk (large),19.99,"Tomatensaus, mozzarella & sucuk"
Saffuriya Sweets,Pizza sucuk (medium),14.99,"Tomatensaus, mozzarella & sucuk"
Saffuriya Sweets,Pizza mix (medium),14.99,"Tomatensaus, mozzarella, gehakt, kip, paprika & champignon"
Saffuriya Sweets,Pizza mix (large),19.99,"Tomatensaus, mozzarella, gehakt, kip, paprika & champignon"
Saffuriya Sweets,Pizza mix (klein),9.99,"Tomatensaus, mozzarella, gehakt, kip, paprika & champignon"
Saffuriya Sweets,Pizza meat mix (large),19.99,"Tomatensaus, mozzarella, gehakt, kip & sucuk"
Saffuriya Sweets,Pizza meat mix (klein),9.99,"Tomatensaus, mozzarella, gehakt, kip & sucuk"
Saffuriya Sweets,Pizza meat mix (medium),14.99,"Tomatensaus, mozzarella, gehakt, kip & sucuk"
Del Popolo Pizza ,Pizza Marinara,7.2,"Knoflookolie, basilicum, kappertjes en tomatensaus"
Del Popolo Pizza ,Nutella Pizza,6.5,
Del Popolo Pizza ,Pizza Margherita,8.5,"Tomato sauce, mozzarella, basilico, olive oil"
Del Popolo Pizza ,Pizza Quattro Fromaggi,11.9,"Fior di latté, gorgonzola, Taleggio, parmezaan en basilicum"
Del Popolo Pizza ,Pizza Portobello,12.9,"Portobello, champignons, rucola en truffelcrème"
Del Popolo Pizza ,Pizza Burrata,12.9,"Kerstomaten, burrata,basilicum en tomatensaus"
Del Popolo Pizza ,Pizza Diavoletto,10.9,"Fior di latté, rode ui, pikante salami, olijven en tomatensaus"
Del Popolo Pizza ,Pizza Pollo,10.9,"Fior di latté, kip, parmezaan, champignons, basilicum en pesto"
Del Popolo Pizza ,Pizza Vitello Tonnato,11.9,"tonnato,kappertjes, olijven,parmezaan, rucola en crème van artisjok"
Del Popolo Pizza ,Pizza Vitello Tonnato + Kalfscarpaccio,15.9,"Kalfscarpaccio, tonnato,kappertjes, olijven,parmezaan, rucola en crème van artisjok"
Del Popolo Pizza ,Pizza Mortadella,12.9,"Fior di latté, mortadella en rucola"
Del Popolo Pizza ,Pizza Melanzana,14.9,"Fior di latté, gegrilde aubergine, courgette, citroen zeste, balsamico en basilicum"
Del Popolo Pizza ,Pizza San Daniele,15.5,"Fior di latté, San Daniele ham, rucola, parmezaan en tomatensaus"
Food is mood,Pizza Margherita,8.99,
Food is mood,Turkse Pizza,3.0,
Food is mood,Pizza Salami,8.99,
Food is mood,Pizza Fungi,9.48,
Food is mood,Pizza Pepperoni,8.99,
Food is mood,Tukse Pizza met patat,4.0,
Food is mood,Pizza Groenten,9.48,
Food is mood,Turkse Pizza kip doner,6.0,
Food is mood,Pizza Hawai,8.99,
Food is mood,Pizza Quattro Formaggi,9.49,
Food is mood,Pizza Pollo,8.99,
Food is mood,Turkse Pizza kalfsdoner,7.5,
Food is mood,Pizza Tomnno,8.99,
Food is mood,Pizza Kip Doner,8.99,
Food is mood,Pizza Kip Tandori,8.99,
Food is mood,Pizza Food is Mood,9.99,
Night shop  nomi sprl,DR.OETKER PIZZA CARBONARA,7.5,
Night shop  nomi sprl,DR.OETKER PIZZA PROSCIUTTO,7.5,
Night shop  nomi sprl,DR.OETKER PIZZA QUATTRO FROMAGGI,7.5,
Night shop  nomi sprl,DR.OETKER PIZZA MOZZARELLA,7.5,
Night shop  nomi sprl,DR.OETKER PIZZA TONNO,7.5,
Night shop  nomi sprl,DR.OETKER PIZZA BOLOGNESE FORMAGGI,7.5,
Night shop  nomi sprl,DR.OETKER PIZZA FUNGHI,7.5,
Night shop  nomi sprl,DR.OETKER PIZZA SPINACI E CREMA,7.5,
Night shop  nomi sprl,DR.OETKER PIZZA SALAME,7.5,
Night shop  nomi sprl,DR.OETKER PIZZA VÉGÉTALE PICCANTE,7.5,
Night shop  nomi sprl,DR.OETKER PIZZA SALAMI MOZZARELLA PESTO,7.5,
Pizza Hut Aalst,Duo menu,19.9,4 lookbroodjes of 4 chicken wings (normal) + 1 medium pizza naar keuze + 2 frisdranken 33cl
Pizza Hut Aalst,Quattro menu,32.9,"1 Cheezy Bread of 8 lookbroodjes of 8 chicken wings + 2 medium pizzas naar keuze + 1,5L Pepsi/Pepsi Max/7up"
Pizza Hut Aalst,The BOX,27.0,"1 Pizza Pan Large (of Medium Classic of Cheezy Crust (+1,80€)) + American Potatoes + 8 Chicken Croqs + 2 lookbroodjes + 4 Chicken Wings "
Pizza Hut Aalst,Pepper Pizza,18.0,"Dubbele portie rundvlees, tomatenblokjes, rode ui, pepersaus, tomatensaus, mozzarella

"
Pizza Hut Aalst,Falafel pizza,19.5,"Falafelballetjes, basilicumdressing, tomatenblokjes, peterselie, tomatensaus, violife vegan kaas"
Pizza Hut Aalst,Falafel pizza,24.5,"Falafelballetjes, basilicumdressing, tomatenblokjes, peterselie, tomatensaus, violife vegan kaas"
Pizza Hut Aalst,Pepper Pizza,18.0,
Pizza Hut Aalst,"Yes, I want chessy crust with my large pizza please",6.6,
ORFEO,Pizza Modena,26.0,"mozarella ,burrata, pistachio, mortadella"
ORFEO,Pizza Napoli,19.5,"t&m, anjovis, capers"
GourmetBar By Novotel,Build Your own Pizza,12.0,Tomato & mozzarella
Panos Kapellestraat,Pizzabaguette Tomaat-Mozzarella,4.6,"Tomaat, mozzarella, oregano, rucola"
Panos Kapellestraat,Pizzabaguette Hawai,4.6,"Ham, ananas, mozzarella, oregano"
Panos Kapellestraat,Pizzabaguette Salami,4.6,"Salami, verse ui, mozzarella, oregano"
Panos Kapellestraat,Pizzabaguette 3 kazen,4.6,"Maredsous, Gorgonzola, mozzarella, oregano"
Nonna stella Gent,Pizza Calzone,13.0,"Gesloten pizza met mozzarella, tomaat, ham en champignons."
Nonna stella Gent,Pizza Bresaola,16.5,"Mozzarella, bresaola, kerstomaat, parmigiano, rucola."
Nonna stella Gent,Pizza Nonna Stella,16.5,"Tomaat, mozzarella, groenten en verse ricotta."
Nonna stella Gent,Pizza Salmone,17.0,"Mozzarella, gerookte zalm, ui, kappertjes en rucola."
Nonna stella Gent,Pizza Margherita,10.0,
Nonna stella Gent,Pizza 4 Gusti,16.0,"Tomaat, mozzarella, ham, artisjok, champignons, kappertjes en olijf."
Nonna stella Gent,Pizza Hawaï,13.5,"Tomaat, mozzarella, ham en ananas."
Nonna stella Gent,Pizza Romana,14.5,"Tomaat, mozzarella, ham en pikante salami."
Nonna stella Gent,Pizza Fumé,16.5,"Tomaat, mozzarella, spek en gerookte scamorza."
Nonna stella Gent,Pizza 4 Formaggi,16.0,"Tomaat, mozzarella, gorgonzola, taleggio en parmigiano."
Nonna stella Gent,Pizza Parma,16.5,"Tomaat, mozzarella, Parma ham, rucola en parmigiano."
Nonna stella Gent,Pizza Crudaiola,15.0,"Tomaat, mozzarella, kestomaat, rucola en parmigiano."
Nonna stella Gent,Pizza Norcia,17.0,"Tomaat, mozzarella, worst, champignons en truffel."
Nonna stella Gent,Pizza Funghi,13.0,
Nonna stella Gent,Pizza Frutti Di Mare,17.5,
Nonna stella Gent,Pizza Scampi All'aglio,16.5,
Nonna stella Gent,Pizza Capricciosa,16.0,"Tomaat, mozzarella, ham, artisjok, champignons."
Nonna stella Gent,Pizza Saltimbocca,16.5,"Tomaat, mozzarella, pikante salami, artisjok en peterselie."
Nonna stella Gent,Pizza Marinara,13.5,"Tomaat, ansjovis, look, kappertjes en olijven."
Nonna stella Gent,Pizza Pesto,15.0,"Tomaat, mozzarella, pesto, look en rucola."
Nonna stella Gent,Pizza Tonno,15.0,"Tomaat, mozzarella, tonijn, ui en kappertjes."
Nonna stella Gent,Pizza Vegetariana,14.0,"Tomaat, mozzarella, groentjes."
Nonna stella Gent,Pizza Uova,14.5,"Tomaat, mozzarella, spek en spiegelei."
Nonna stella Gent,Pizza Regina,15.5,"Tomaat, mozzarella di buffalo, kerstomaat en basilicum."
Nonna stella Gent,Pizza Napoli,13.5,"Tomaat, mozzarella, ansjovis en kappertjes."
Nonna stella Gent,Pizza Carpaccio,16.5,"Tomaat, mozzarella, rundscarpaccio, rucola en parmigiano."
Nonna stella Gent,Pizza Parmigiana,15.0,"Tomaat, mozzarella, aubergine en parmigiano."
Nonna stella Gent,Kids Pizza Margherita,10.0,
Trattoria Murano,Pizza Napoletana,14.0,"anchovies,capperi,olijven"
Jerusalem Pita-Shoarma-Pizzeria,Pizza margherita,8.5,Tomatensaus en kaas.
Jerusalem Pita-Shoarma-Pizzeria,Pizza cipolla,9.0,"Tomatensaus, kaas en ui."
Jerusalem Pita-Shoarma-Pizzeria,Pizza pepperoni,9.0,"Tomatensaus, kaas en spaanse pepers."
Jerusalem Pita-Shoarma-Pizzeria,Pizza funghi,9.5,"Tomatensaus, kaas en champignons."
Jerusalem Pita-Shoarma-Pizzeria,Pizza salami,9.5,"Tomatensaus, kaas en salami."
Jerusalem Pita-Shoarma-Pizzeria,Pizza el prosciutto,9.5,"Tomatensaus, kaas en hesp."
Jerusalem Pita-Shoarma-Pizzeria,Pizza poly,10.0,"Tomatensaus, kaas, fetakaas en olijven."
Jerusalem Pita-Shoarma-Pizzeria,Pizza siciliana,10.0,"Tomatensaus, kaas, ui en olijven."
Jerusalem Pita-Shoarma-Pizzeria,Pizza hawaï,10.5,"Tomatensaus, kaas, hesp en ananas."
Jerusalem Pita-Shoarma-Pizzeria,Pizza romana,10.5,"Tomatensaus, kaas, champignons en hesp."
Jerusalem Pita-Shoarma-Pizzeria,Pizza quattro formaggi,11.0,Tomatensaus en 4 soorten kaas.
Jerusalem Pita-Shoarma-Pizzeria,Pizza quattro stagioni,11.0,"Tomatensaus, kaas, champignons, hesp, salami en ui."
Jerusalem Pita-Shoarma-Pizzeria,Pizza el tonno,11.0,"Tomatensaus, kaas, tonijn en ui."
Jerusalem Pita-Shoarma-Pizzeria,Pizza vegetariana,11.5,"Tomatensaus, kaas, champignons, paprika, uien, artisjokken en olijven."
Jerusalem Pita-Shoarma-Pizzeria,Pizza de la casa,12.0,"Tomatensaus, kaas, ui, champignons, paprika, hesp, salami en ei."
Jerusalem Pita-Shoarma-Pizzeria,Pizza shoarma varkens,12.0,"Tomatensaus, kaas en shoarma."
Jerusalem Pita-Shoarma-Pizzeria,Pizza pollo,13.0,"Tomatensaus, kaas en kipfilet."
Jerusalem Pita-Shoarma-Pizzeria,Pizza quattro stagioni speciaal,13.0,"Tomatensaus, kaas, ham, salami, paprika, champignons, artisjokken en olijven."
Jerusalem Pita-Shoarma-Pizzeria,Pizza marinara,14.0,"Tomatensaus, kaas, zeevruchten en ansjovis."
Jerusalem Pita-Shoarma-Pizzeria,Pizza pollo speciaal,14.0,"Tomatensaus, kaas, ui, paprika en kipfilet."
Jerusalem Pita-Shoarma-Pizzeria,Pizza shoarma lams,15.0,"Tomatensaus, kaas en shoarma lams."
Carrefour Express Paardenmarkt,Carrefour Bio Basilicum in pot,1.15,"Basilicum, of koningskruid, is onmisbaar in alle tomatengerechten. Het past uitstekend bij alle zuiderse gerechten zoals pastas en pizzas. Basilicum is ook erg lekker bij vis-en vleesgerechten en is het belangrijkste ingrediënt in de typische pesto. De blaadjes niet fijnhakken maar scheuren of knippen en pas op het einde van de bereiding toevoegen."
Carrefour Express Paardenmarkt,Carrefour Classic' Pizzadeeg Dun en Rond 260 g,1.35,Carrefour Classic Pizzadeeg Dun en Rond 260 g
Carrefour Express Paardenmarkt,Dr. Oetker Pizza Ristorante Mozzarella 355 g,3.89,Dr. Oetker Pizza Ristorante Mozzarella 355 g
Carrefour Express Paardenmarkt,Dr. Oetker Pizza Ristorante Tonno 355 g,4.39,"Dr. Oetker gebruikt alleen Skipjack Tuna (Katsuwonus pelamis), deze diersoort wordt niet met uitsterven bedreigd."
Carrefour Express Paardenmarkt,Dr. Oetker La Margherita Classica 265 g,4.25,"Top je pizza heerlijk af met:
ham
parmezaan
rucola"
Carrefour Express Paardenmarkt,Come a Casa Pizza Bolognese 350 g,4.09,Come a Casa Pizza Bolognese 350 g
Carrefour Express Paardenmarkt,Dr. Oetker Pizza Ristorante Hawaii 355 g,3.95,Dr. Oetker Pizza Ristorante Hawaii 355 g
Carrefour Express Paardenmarkt,Dr. Oetker Pizza Ristorante Spinaci 390 g,3.79,Dr. Oetker Pizza Ristorante Spinaci 390 g
Carrefour Express Paardenmarkt,Carrefour Extra 4 Stagioni 400 g,2.59,"De pizza 4 Stagioni is op steen gebakken. Hierdoor is het deeg krokant aan de buitenkant en mais binnenin. Ideaal als voor- of hoofdgerecht voor een etentje met familie of vrienden.

De pizza 4 Stagioni is een unieke combinatie van: 
Lekkere spinazie
Uienringen
Paprikas om het geheel pittiger te maken
In fijne plakjes gesneden Parijse champignons."
Carrefour Express Paardenmarkt,Dr. Oetker Pizza Ristorante Funghi 365 g,4.69,Dr. Oetker Pizza Ristorante Funghi 365 g
L'artista,Emilia Romagna,22.0,"LABRUSCO DONELLI, Cuvée «1915» Premium Amabile Reggiano
Super met onze pizza en onze antipasti!"
Fratello's ,Pizza margherita,10.0,"Sauce tomate, mozzarella et basilic."
Fratello's ,Pizza al tonne,12.0,"Sauce tomate, mozzarella, thon et oignons rouges."
Fratello's ,Pizza 4 stagioni,14.0,"Sauce tomate, mozzarella, proscuitto cotto, champignons, artichauts et olives."
Fratello's ,Pizza diavola,13.0,"Sauce tomate, mozzarella et salami piquant."
Fratello's ,Pizza 4 fromages,14.0,"Mozzarella, taleggio, fontina et gorgozola."
Fratello's ,Pizza végétarienne,13.0,"Sauce tomate, mozzarella, aubergines, courgettes et poivrons."
Fratello's ,Pizza alla norma,13.0,"Sauce tomate, aubergines frites, ricotta et salata."
Fratello's ,Pizza pescatori,18.0,"Sauce tomate, poulpe, moules vignole et scampis."
Fratello's ,Pizza sicilienne tunisienne,13.0,"Sauce tomate, mozzarella, merguez, poivrons et olives."
Fratello's ,Pizza al scampis,15.0,"Sauce tomate, mozzarella, scampis et ail."
Fratello's ,Pizza regina,13.0,"Sauce tomate, mozzarella, jambon et champignons."
Fratello's ,Pizza calzone,13.0,"Sauce tomate, mozzarella, jambon et champignons."
Fratello's ,Pizza caprese,14.0,"Mozzarella  di bufala, tomates cerises, roquette et copeaux de parmesan."
Fratello's ,Pizza marinara,11.0,"Sauce tomate, mozzarella, aubergines, courgettes et poivrons."
Fratello's ,Pizza napoli,14.0,"Sauce tomate, mozzarella, anchois, câpres et olives."
Fratello's ,Pizza fratello's,17.0,"Crème de truffes,mozzarella, roquette et huile de truffes."
Fratello's ,Pizza fontina,15.0,"Sauce tomate, mozzarella, fromage fontine et prosciutto conto."
Epiphany's kitchen,Pizza La dolce vita,21.0,"Pizzabodem van yucca 
tomaat - vegan mozarella - mediterraanse groenten
Opties (Zie bij extras):
Parmezaanse kaas + €3
Feta + €3"
Epiphany's kitchen,In the mood for love,21.0,"Pizza bodem van yukka met butternutroombasis, kruiden uit het Midden-Oosten, dadels, chuka wakame en sesamcrème
Opties (Zie bij extras):
Geitenkaas + €4
Feta + €3
Kippenblokjes + €4"
Pizza Roma Dampoort Ghent,Margherita ,7.5,"Pizzasaus, pizzakaas, mozzarella, oregano."
Pizza Roma Dampoort Ghent,Margherita ,11.5,"Pizzasaus, pizzakaas, mozzarella, oregano."
Pizza Roma Dampoort Ghent,Top menu 1,11.95,"Medium pizza naar keuze, voorgerecht naar keuze, dipsaus, drank naar keuze blik 33 cl."
Pizza Roma Dampoort Ghent,Exotic ,8.5,"Pizzasaus, pizzakaas, kip, ananas, oregano."
Pizza Roma Dampoort Ghent,Exotic ,13.5,"Pizzasaus, pizzakaas, kip, ananas, oregano."
Pizza Roma Dampoort Ghent,Top menu 2,16.95,"Groot pizza naar keuze, voorgerecht naar keuze, dipsaus, drank naar keuze blik 33 cl."
Pizza Roma Dampoort Ghent,Funghi ,8.5,"Pizzasaus, pizzakaas, dubbel verse champignons, oregano."
Pizza Roma Dampoort Ghent,Funghi ,13.5,"Pizzasaus, pizzakaas, dubbel verse champignons, oregano."
Pizza Roma Dampoort Ghent,Top menu 3,22.95,"Groot pizza naar keuze, medium pizza naar keuze, voorgerecht naar keuze + dipsaus, fles drank 1.5l naar keuze."
Pizza Roma Dampoort Ghent,Prosciutto ,8.5,"Pizzasaus, pizzakaas, dubbel ham, oregano."
Pizza Roma Dampoort Ghent,Prosciutto ,13.5,"Pizzasaus, pizzakaas, dubbel ham, oregano."
Pizza Roma Dampoort Ghent,Pepperoni lovers ,8.5,"Pizzasaus, pizzakaas, dubbel pepperoni, jalapenos."
Pizza Roma Dampoort Ghent,Pepperoni lovers ,13.5,"Pizzasaus, pizzakaas, dubbel pepperoni, jalapenos."
Pizza Roma Dampoort Ghent,Capricciosa ,9.5,"Pizzasaus, pizzakaas, ham, champignons, dubbel kaas, oregano."
Pizza Roma Dampoort Ghent,Capricciosa ,14.5,"Pizzasaus, pizzakaas, ham, champignons, dubbel kaas, oregano."
Pizza Roma Dampoort Ghent,Four cheeses ,9.5,"Pizzasaus, pizzakaas, gorgonzola, mozzarella, feta, extra kaas."
Pizza Roma Dampoort Ghent,Four cheeses ,14.5,"Pizzasaus, pizzakaas, gorgonzola, mozzarella, feta, extra kaas."
Pizza Roma Dampoort Ghent,Four seasons ,9.5,"Pizzasaus, pizzakaas, ham, salami, champignons, paprika."
Pizza Roma Dampoort Ghent,Four seasons ,14.5,"Pizzasaus, pizzakaas, ham, salami, champignons, paprika."
Pizza Roma Dampoort Ghent,King ,9.5,"Pizzasaus, pizzakaas, ajuin, champignons, gegrilde kip, jalapenos, potje saus naar keuze."
Pizza Roma Dampoort Ghent,King ,14.5,"Pizzasaus, pizzakaas, ajuin, champignons, gegrilde kip, jalapenos, potje saus naar keuze."
Pizza Roma Dampoort Ghent,Hawaï ,9.5,"Pizzasaus, pizzakaas, ham, kip, ananas."
Pizza Roma Dampoort Ghent,Hawaï ,14.5,"Pizzasaus, pizzakaas, ham, kip, ananas."
Pizza Roma Dampoort Ghent,Hot pizzaah ,9.5,"Pizzasaus, pizzakaas, chorizo (pikante salami), ajuin, gehakt, jalapenos."
Pizza Roma Dampoort Ghent,Hot pizzaah ,14.5,"Pizzasaus, pizzakaas, chorizo (pikante salami), ajuin, gehakt, jalapenos."
Pizza Roma Dampoort Ghent,Calzone ,9.5,"Dubbelgevouwen pizza, pizzakaas, ham, salami, champignons, paprika, bolognesesaus."
Pizza Roma Dampoort Ghent,Döner kebab,14.5,"Pizzasaus, pizzakaas, ajuin, döner kebab-vlees, look, potje looksaus."
Pizza Roma Dampoort Ghent,Calzone chicken ,9.5,"Dubbelgevouwen pizza, pizzakaas, gekruide kip, champignons, paprika, feta, pizzasaus + dipsaus."
Pizza Roma Dampoort Ghent,Pizza pitta ,14.5,"Pizzasaus, pizzakaas, speciaal pittavlees (shawarma), oregano, potje looksaus."
Pizza Roma Dampoort Ghent,Calzone kebab ,9.5,"Dubbelgevouwen pizza, pizzakaas, döner kebab-vlees, ui, tomaten, maïs."
Pizza Roma Dampoort Ghent,Spinazie ,14.5,"Pizzasaus, pizzakaas, extra spinazie, room, potje looksaus."
Pizza Roma Dampoort Ghent,Döner kebab,9.5,"Pizzasaus, pizzakaas, ajuin, döner kebab-vlees, look, potje looksaus."
Pizza Roma Dampoort Ghent,Cream dream ,14.5,"Pizzakaas, spek reepjes, room, ajuin, look."
Pizza Roma Dampoort Ghent,Pizza pitta ,9.5,"Pizzasaus, pizzakaas, speciaal pittavlees (shawarma), oregano, potje looksaus."
Pizza Roma Dampoort Ghent,Tabasco pizza ,14.5,"Pizzakaas, chorizo (pikante salami), ajuin, champignons, paprika, tabasco."
Pizza Roma Dampoort Ghent,Spinazie ,9.5,"Pizzasaus, pizzakaas, extra spinazie, room, potje looksaus."
Pizza Roma Dampoort Ghent,Bolognese de luxe ,14.5,"Bolognesesaus, pizzakaas, ajuin, look, extra gehakt."
Pizza Roma Dampoort Ghent,Cream dream ,9.5,"Pizzakaas, spek reepjes, room, ajuin, look."
Pizza Roma Dampoort Ghent,Vegetariano ,14.9,"Pizzasaus, pizzakaas, ajuin, champignons, paprika, tomaten, olijven, artijokken."
Pizza Roma Dampoort Ghent,Tabasco pizza ,9.5,"Pizzakaas, chorizo (pikante salami), ajuin, champignons, paprika, tabasco."
Pizza Roma Dampoort Ghent,Zeevruchten ,14.9,"Pizzasaus, pizzakaas, tonijn, mosselen, calamari."
Pizza Roma Dampoort Ghent,Bolognese de luxe ,9.5,"Bolognesesaus, pizzakaas, ajuin, look, extra gehakt."
Pizza Roma Dampoort Ghent,Quattro stella ,14.9,"Pizzakaas, roomsaus, gerookte zalm, kappertjes, ui."
Pizza Roma Dampoort Ghent,Vegetariano ,10.5,"Pizzasaus, pizzakaas, ajuin, champignons, paprika, tomaten, olijven, artijokken."
Pizza Roma Dampoort Ghent,Barbecue ,14.9,"Pizzasaus, pizzakaas, ham, salami, kip, spek, gehakt, potje bbq-saus."
Pizza Roma Dampoort Ghent,Zeevruchten ,10.5,"Pizzasaus, pizzakaas, tonijn, mosselen, calamari."
Pizza Roma Dampoort Ghent,Chicken barbecue,14.9,"Chicken bbq-saus, pizzakaas, ajuin, paprika, gegrilde kip, potje looksaus."
Pizza Roma Dampoort Ghent,Quattro stella ,10.5,"Pizzakaas, roomsaus, gerookte zalm, kappertjes, ui."
Pizza Roma Dampoort Ghent,Double tasty ,15.5,1 pizza - 2 smaken naar keuze.
Pizza Roma Dampoort Ghent,Barbecue ,10.5,"Pizzasaus, pizzakaas, ham, salami, kip, spek, gehakt, potje bbq-saus."
Pizza Roma Dampoort Ghent,Curry chicken ,15.5,"Room, gegrilde kip, ajuin, heerlijke currysaus, pizzakaas."
Pizza Roma Dampoort Ghent,Chicken barbecue ,10.5,"Chicken bbq-saus, pizzakaas, ajuin, paprika, gegrilde kip, potje looksaus."
Pizza Roma Dampoort Ghent,Burger pizza ,14.9,"Burgersaus, pizzakaas, rode ajuin, tomaten, hamburgervlees."
Pizza Roma Dampoort Ghent,Double tasty ,10.5,1 pizza - 2 smaken naar keuze.
Pizza Roma Dampoort Ghent,Curry chicken ,10.5,"Room, gegrilde kip, ajuin, heerlijke currysaus, pizzakaas."
Pizza Roma Dampoort Ghent,Burger pizza ,10.5,"Burgersaus, pizzakaas, rode ajuin, tomaten, hamburgervlees."
Carrefour market Ganshoren - Charles Quint,HERTA Pâte à Pizza Fine Ronde 260 g,3.25,"La pâte à Pizza Fine et Ronde de Herta®, la pizza ronde et classique qui est préparée avec une véritable levure boulangère qui lui permet de lever doucement à la cuisson. Il vous suffit dajouter vos ingrédients frais préférés sur la pâte, pour réussir en quelques minutes une savoureuse pizza, fine et croustillante ! Régalez-vous!"
Carrefour market Ganshoren - Charles Quint,Carrefour Classic' Pâte à Pizza Fine et Ronde 260 g,1.09,Carrefour Classic Pâte à Pizza Fine et Ronde 260 g
Carrefour market Ganshoren - Charles Quint,Carrefour Bio Basilic en pot,1.15,"Incontournable dans tous les plats à base de tomates, le basilic accompagne idéalement toutes les spécialités méridionales comme les pâtes et les pizzas. Le basilic est également dans les plats à base de poisson et de viande et constitue le principal ingrédient du pesto classique. Ne pas hacher finement mais les déchirer ou les découper et les ajouter seulement en fin de préparation."
Carrefour market Ganshoren - Charles Quint,Bruggeman Levure de Boulangerie 42 g,0.23,"Idéale pour vos pains, brioches, pizzas..."
Carrefour market Ganshoren - Charles Quint,Dr. Oetker Pizza Ristorante Tonno 355 g,4.39,"Dr. Oetker utilise uniquement du thon rose (Katsuwonus pelamis), dont les stocks ne sont pas en danger."
Carrefour market Ganshoren - Charles Quint,2 Pizzas Fromages Cuites sur Pierre 2 x 350 g,3.25,2 Pizzas Fromages Cuites sur Pierre 2 x 350 g
Carrefour market Ganshoren - Charles Quint,Dr. Oetker Pizza Ristorante Salame 320 g,4.59,Dr. Oetker Pizza Ristorante Salame 320 g
Carrefour market Ganshoren - Charles Quint,Dr. Oetker Pizza Ristorante Bolognese e Formaggi 375 g,5.15,Dr. Oetker Pizza Ristorante Bolognese e Formaggi 375 g
Carrefour market Ganshoren - Charles Quint,Dr. Oetker La Margherita Classica 265 g,4.25,"Garnissez votre pizza de:
jambon
roquette
parmesan"
Carrefour market Ganshoren - Charles Quint,Dr. Oetker Pizza Ristorante Spinaci 390 g,3.79,Dr. Oetker Pizza Ristorante Spinaci 390 g
Carrefour market Ganshoren - Charles Quint,Dr. Oetker Pizza Ristorante Pollo 355 g,4.59,Dr. Oetker Pizza Ristorante Pollo 355 g
Carrefour market Ganshoren - Charles Quint,Carrefour Extra 4 Stagioni 400 g,2.59,"La pizza 4 Stagioni est cuite sur pierre pour vous offrir une pâte croustillante à lextérieur et moelleuse à lintérieur. Elle accompagnera vos repas en famille ou entre amis et peut se déguster en entrée ou en plat.  

La pizza 4 Stagioni, cest un mariage unique de :
Savoureux épinards
Oignons frits
Poivrons pour relever lensemble
Champignons de Paris finement coupés en tranches"
Carrefour market Ganshoren - Charles Quint,Dr. Oetker Pizza Ristorante Funghi 365 g,4.69,Dr. Oetker Pizza Ristorante Funghi 365 g
Juicy,3 Mini Pizza’s                              ,4.3,
Noor shop,Dr.Oetker Pizza Carbonara,7.5,
Noor shop,Dr.Oetker Pizza Prosciutto,7.5,
Noor shop,Dr.Oetker Pizza Quattro Fromaggi,7.5,
Noor shop,Dr.Oetker Pizza Mozzarella,7.5,
Noor shop,Dr.Oetker Pizza Tonno,7.5,
Noor shop,Dr.Oetker Pizza Bolognese Formaggi,7.5,
Noor shop,Dr.Oetker Pizza Funghi,7.5,
Noor shop,D R.O E Ker Pizza Spin A Ciecrema,7.5,
Noor shop,Dr.Oetker Pizza Végétale Piccante,7.5,
Noor shop,Dr.Oetker Pizza Salame Mozzarella Pesto,7.5,
Regina Restaurant,Rotolo,17.9,"Roulade de pizza farcie de mozzarella de bufflonne, roquette et jambon de parme."
Fenix,Basis pizza medium,9.0,"kaas, tomatensaus + keuze garneringen"
Fenix,Basis pizza large,13.0,"kaas, tomatensaus + keuze garneringen"
Fenix,4 kazen,9.0,"Tomatensaus, gorgonzola, mozzarella, parmezaan, pizzakaas"
Fenix,4 kazen,13.0,"Tomatensaus, gorgonzola, mozzarella, parmezaan, pizzakaas"
Arabesque ,Turkse Pizza,3.9,Turkse Pizza
By Sam Oostende,Pizza margherita,8.0,"tomatensaus, mozzarella."
By Sam Oostende,Pizza funghi,9.0,"tomatensaus, mozzarella, chamignons."
By Sam Oostende,Pizza salami,10.0,"tomatensaus, mozzarella, salami"
By Sam Oostende,Pizza arrabbiata,10.5,"Pikante tomatensaus, mozzarella, paprika"
By Sam Oostende,Pizza pepperoni,11.5,"tomatensaus, mozzarella. Salami, paprika, pikant."
By Sam Oostende,Pizza prosciutto,10.0,"tomatensaus, mozzarella,ham."
By Sam Oostende,Pizza Hawaï,12.0,"tomatensaus, mozzarella, ham, ananas."
By Sam Oostende,Pizza pollo,13.0,"tomatensaus, mozzarella, kip, ananas."
By Sam Oostende,Pizza kip,15.0,"tomatensaus, mozzarella, kip, ui, paprika, champignons."
By Sam Oostende,Pizza shoarma,13.0,"tomatensaus, mozzarella, shoarma"
By Sam Oostende,Pizza special,15.0,"tomatensaus, mozzarella, shoarma, ui, paprika, champignons."
By Sam Oostende,Pizza quattro formaggi,12.0,"tomatensaus, mozzarella. 4 soorten kaas"
By Sam Oostende,Pizza quattro stagioni,14.0,"tomatensaus, mozzarella, ham, salami, paprika, champignons."
By Sam Oostende,Pizza maison,15.0,"tomatensaus, mozzarella, scampis, paprika, champignons"
By Sam Oostende,Pizza vegetarisch,13.0,"tomatensaus, mozzarella, olijven, diverse groentjes."
By Sam Oostende,Pizza tonno,13.0,"tomatensaus, mozzarella, ui, olijven, tonijn."
By Sam Oostende,Pizza frutti di mare,14.0,4 soorten zeevruchten en tomatensaus en mozzarella.
Carrefour express Capouillet,Dr. Oetker Pizza Ristorante Quattro Formaggi 340 g,4.15,Dr. Oetker Pizza Ristorante Quattro Formaggi 340 g
Carrefour express Capouillet,Carrefour Classic' Pâte à Pizza Fine et Ronde 260 g,1.35,Carrefour Classic Pâte à Pizza Fine et Ronde 260 g
Carrefour express Capouillet,Carrefour Bio Basilic en pot,1.15,"Incontournable dans tous les plats à base de tomates, le basilic accompagne idéalement toutes les spécialités méridionales comme les pâtes et les pizzas. Le basilic est également dans les plats à base de poisson et de viande et constitue le principal ingrédient du pesto classique. Ne pas hacher finement mais les déchirer ou les découper et les ajouter seulement en fin de préparation."
Carrefour express Capouillet,Bruggeman Levure de Boulangerie 42 g,0.25,"Idéale pour vos pains, brioches, pizzas..."
Carrefour express Capouillet,Dr. Oetker Pizza Ristorante Barbecue 340 g,6.25,Dr. Oetker Pizza Ristorante Barbecue 340 g
Carrefour express Capouillet,Dr. Oetker Pizza Ristorante Tonno 355 g,4.39,"Dr. Oetker utilise uniquement du thon rose (Katsuwonus pelamis), dont les stocks ne sont pas en danger."
Carrefour express Capouillet,Dr. Oetker Pizza Ristorante Prosciutto 340 g,4.59,Dr. Oetker Pizza Ristorante Prosciutto 340 g
Carrefour express Capouillet,Dr. Oetker Pizza Ristorante Bolognese e Formaggi 375 g,5.15,Dr. Oetker Pizza Ristorante Bolognese e Formaggi 375 g
Carrefour express Capouillet,Dr. Oetker La Margherita Classica 265 g,4.25,"Garnissez votre pizza de:
jambon
roquette
parmesan"
Carrefour express Capouillet,Dr. Oetker Pizza Ristorante Spinaci 390 g,3.79,Dr. Oetker Pizza Ristorante Spinaci 390 g
Carrefour express Capouillet,Carrefour Extra 4 Stagioni 400 g,2.59,"La pizza 4 Stagioni est cuite sur pierre pour vous offrir une pâte croustillante à lextérieur et moelleuse à lintérieur. Elle accompagnera vos repas en famille ou entre amis et peut se déguster en entrée ou en plat.  

La pizza 4 Stagioni, cest un mariage unique de :
Savoureux épinards
Oignons frits
Poivrons pour relever lensemble
Champignons de Paris finement coupés en tranches"
Master Kebab, Pizza margherita  ,9.5,"Pizzasaus, kaas"
Master Kebab,Pizza funghi,9.9,"Pizzasaus, kaas, champignons"
Master Kebab,Pizza pepperoni,9.9,"Pizzasaus, kaas, pepperoni"
Master Kebab,Pizza spek,10.5,"Pizzasaus, kaas, spek, champignons "
Master Kebab,Pizza ham		,10.5,"Pizzasaus, kaas, ham, champignons"
Master Kebab,Pizza hawai	,10.5,"Pizzasaus, kaas, ham, ananas "
Master Kebab,Pizza pita,10.9,"Pizzasaus, kaas, pita, jalapenos, ui "
Master Kebab,Pizza chicken,10.9,"Pizzasaus, kaas, kip, champignons, tomaat"
Master Kebab,Pizza veggi	,10.9,"Pizzasaus, kaas, champignons, paprika, tomaat, ui "
Master Kebab, Pizza mozzarella,10.5,"Pizzasaus, kaas,  mozzarella, tomaat "
Master Kebab,Pizza hawai speciaal	,10.5," Pizzasaus, kaas, kip, ananas"
Master Kebab,Pizza 4 seasons,11.9,"Pizzasaus, kaas, ham, pepperoni, paprika, champignons"
Master Kebab,Pizza 4 kazen	,11.9,"Pizzasaus, 4 soorten kaas"
Master Kebab,Pizza spicy mix,11.9,"Pizzasaus, kaas, kip, pepperoni, sambal, ui "
Master Kebab,Pizza meat lovers	,11.9,"Pizzasaus, kaas, pita, kip, pepperoni, ui"
Master Kebab,Pizza barbecue grill		,12.9,"Bbq saus, kaas, pita, kip, champignons, ui"
Master Kebab,Pizza barbecue bacon	,12.9," Bbq saus, kaas, bacon, spek, champignons, ui"
Master Kebab,Pizza barbecue chicken	,12.9," Bbq saus, kaas, kip, champignons, paprika, ui "
Bronzi,Pizza marinara,9.0,"Pom. San marzano, aglio, basilico et origano."
Bronzi,Pizza margherita,10.0,"Pom. San marzano, fior di latte dop et basilico."
Bronzi,Pizza bufalina,14.5,"Pom. San marzano, mozzarella di bufala et basilico."
Bronzi,Pizza cardinale,11.5,Pom. fior di latte dop et prosciutto cotto basilico.
Bronzi,Pizza diavola,13.5,"Pom. San marzano, fior di latte dop et salame picante."
Bronzi,Pizza calzone,14.5,"Pom. San marzano, fior di latte dop, prosciutto cotto et basilico."
Bronzi,Pizza capricciosa,14.0,"Pom. San marzano, fior di latte dop, prosciutto, funghi, olives et basilico."
Bronzi,Pizza pistacchiosa,15.0,"Fior di latte dop, mozzarella, pistacchio, basilico et stracciatella."
Bronzi,Pizza don pietro,14.5,"Pom. fior di latte dop, peperoni, melanzane, olives et basilico."
Bronzi,Pizza calabrese,14.0,"Fior di latte dop, nduja, provola affumicata et basilico."
Bronzi,Pizza cosentina,13.5,"Pomodoro san marzano, fior di latte dop, salame picante, olive taggiasche."
Bronzi,Pizza salsiccia e friaril,14.5,"Fior di latte dop, friaril, salsiccia et basilico."
Bronzi,Pizza primavera,17.5,"Pom pachino, fior di latte dop, culatello, rucola, scaglie di parmigiano et basilico."
Bronzi,Pizza bronzi,18.5,"Fior di latte dop, guanciale, pecorino romano, scaglie di tartufo et basilico."
Le Pizzburg,Calzone : Pizza Fermée,8.0,"Tomates, mozzarella, jambon et champignons"
Pitza Service Gent,Menu deal,14.95,"1 medium pizza, 6 nuggets, 1 frisdrank"
Pitza Service Gent,Pizza Medium Bolognese,0.0,
Pitza Service Gent,Splitza,14.0,"Enkel in medium of large, 1 toppizza met 2 verschillende topsmaken"
Pitza Service Gent,Splitza crispy crust,14.75,"Enkel medium of large, 1 toppizza met 2 verschillende topsmaken"
Pitza Service Gent,Splitza cheezy crust,16.0,"Enkel medium of large, 1 toppizza met 2 verschillende topsmaken"
Pitza Service Gent,Pizza Medium Cheesy Mix,0.0,
Pitza Service Gent,Summer deal,15.95,1 medium pizza + ben&jerrys + frisdrank
Pitza Service Gent,Pizza Medium Vegetarian,0.0,
Pitza Service Gent,Family deal,28.95,2 medium pizzas + 6 chicken wings + 1 fles cola/fanta
Pitza Service Gent,Pizza Medium Four Saisons,0.0,
Pitza Service Gent,Pizza Medium Hot Lover,0.0,
Pitza Service Gent,Pizza Medium Brooklyn Style,0.0,
Pitza Service Gent,Pizza Medium King Salmone,0.0,
Pitza Service Gent,Pizza Medium Royale,0.0,
Pitza Service Gent,Pizza Medium Mega Fish,0.0,
Pitza Service Gent,Pizza Medium Hot Salsa,0.0,
Pitza Service Gent,Pizza Medium Doner Kebab,0.0,
Pitza Service Gent,Pizza Medium Hawai,0.0,
Pitza Service Gent,Calzone kebab,9.95,"Dubbelgevouwen pizza met kaas, tomatensaus, döner kebab vlees, paprika, uien, potje looksaus"
Pitza Service Gent,Pizza Medium The Champ,0.0,
Pitza Service Gent,Pizza Medium Chicken,0.0,
Pitza Service Gent,Pizza Medium Hot Chick'n,0.0,
Pitza Service Gent,Pizza Medium BBQ Chick'n,0.0,
Pitza Service Gent,Pizza Medium Curry up,0.0,
Pitza Service Gent,Pizza Medium Pizza Pitza,0.0,
Pitza Service Gent,Pizza Medium Meat Feast,0.0,
Pitza Service Gent,Calzone chicken,9.95,"Dubbelgevouwe pizza met kaas, tomatensaus, vers gekruide kip, paprika, uien, potje currysaus"
Pitza Service Gent,Pizza pitza crispy crust,10.7,"Kaas, tomatensaus, shoarmavlees, paprika, look en een potje looksaus"
Pitza Service Gent,Pizza pitza cheezy crust,14.5,"Kaas, tomatensaus, shoarmavlees, paprika, potje looksaus"
Pitza Service Gent,Pizza pitza,9.95,"Kaas, tomatensaus, shoarmavlees, paprika, potje looksaus"
Pitza Service Gent,Pizza d'anvers crispy crust,10.7,"Kaas, tomatensaus, shoarma, feta, ui, paprika, champignons en een potje looksaus"
Pitza Service Gent,Pizza d'anvers cheezy crust,14.5,"Kaas, tomatensaus, shoarma, feta, ui, paprika, champignons + looksaus"
Pitza Service Gent,Pizza Napolizza,0.0,
Pitza Service Gent,Pizza d'anvers,9.95,"Kaas, tomatensaus, shoarma, feta, ui, paprika, champignons + looksaus"
Pitza Service Gent,Pizza Artizza,0.0,
Pitza Service Gent,Pizza Napolizza,0.0,
Pitza Service Gent,Pizza Artizza,0.0,
Pitza Service Gent,Calzone,9.95,"Dubbelgevouwen pizza, ham, kaas, salami, paprika, champignons, bolognese"
Pitza Service Gent,Pizza napolizza,10.7,"Tomatensaus, mozzarella, anjovis, kappertjes, olijven en oregano"
Pitza Service Gent,Pizza napoliza,14.5,"Tomatensaus, mozzarella, anjovis, kappertjes, olijven en oregano"
Pitza Service Gent,Pizza artizza,10.7,"Kaas, tomatensaus, champignons, salami, olijven en artisjokken"
Pitza Service Gent,Pizza artizza,14.5,"Kaas, tomatensaus, champignons, salami, olijven en artisjokken"
Pitza Service Gent,Pizza napolizza,9.95,"Tomatensaus, mozzarella, anjovis, kappertjes, olijven en oregano"
Pitza Service Gent,Pizza artizza,9.95,"Kaas, tomatensaus, champignons, salami, olijven en artisjokken"
Muradim,Turkse pizza,3.5,
Caulifornication,PIZZA YOGHURT & FRESH FRUIT,13.8,
Caulifornication,PIZZA CAESAR,16.1,
Caulifornication,"PIZZA NUTELLA, BANANA & BIKINIBODY GRANOLA",13.8,
Caulifornication,PIZZA CHICKEN & GUAC,16.1,
Caulifornication,PIZZA VITELLO,16.1,
Caulifornication,PIZZA CARPACCIO,16.1,
Caulifornication,THE MEGAN MARKLE,18.4,"“Like the queen of pizza, but better”

* Red bell pepper-crust
* Tomatensaus
* Snoeptomaten
* Burrata
* Basilicum"
Caulifornication,PIZZA AVOCADO,18.4,
Karine Dendermonde,Basis (pizza large),13.9,"Tomatensaus, mozzarella."
Karine Dendermonde,Basis (pizza small),10.9,
Karine Dendermonde,Basis (pizza medium),11.9,"Tomatensaus, mozzarella."
Karine Dendermonde,Salame (pizza medium),14.9,Dubbele portie gewone salami.
Karine Dendermonde,Salame (pizza small),12.9,
Karine Dendermonde,Salame (pizza large),17.9,Dubbele portie gewone salami.
Karine Dendermonde,Boromeo (pizza large),17.9,Dubbele portie ham.
Karine Dendermonde,Boromeo (pizza medium),14.9,Dubbele portie ham.
Karine Dendermonde,Boromeo (pizza small),12.9,
Karine Dendermonde,Napolitana (pizza small),12.9,
Karine Dendermonde,Napolitana (pizza medium),14.9,"Kappertjes, ansjovis."
Karine Dendermonde,Napolitana (pizza large),17.9,"Kappertjes, ansjovis."
Karine Dendermonde,Funghi (pizza small),12.9,
Karine Dendermonde,Funghi (pizza medium),14.9,Dubbele portie champignons.
Karine Dendermonde,Funghi (pizza large),17.9,Dubbele portie champignons.
Karine Dendermonde,Pizzaiola (pizza small),12.9,
Karine Dendermonde,Pizzaiola (pizza medium),14.9,"Spinazie, ui, feta."
Karine Dendermonde,Pizzaiola (pizza large),17.9,"Spinazie, ui, feta."
Karine Dendermonde,Gorgonzola (pizza small),12.9,
Karine Dendermonde,Gorgonzola (pizza large),17.9,"Gorgonzola, ui, pikante paprika."
Karine Dendermonde,Gorgonzola (pizza medium),14.9,"Gorgonzola, ui, pikante paprika."
Karine Dendermonde,Capricciosa (pizza large),17.9,"Dubbele portie ham, champignons."
Karine Dendermonde,Capricciosa (pizza small),12.9,
Karine Dendermonde,Capricciosa (pizza medium),14.9,"Dubbele portie ham, champignons."
Karine Dendermonde,Americano (pizza medium),14.9,"Pikante salami, paprika."
Karine Dendermonde,Americano (pizza small),12.9,
Karine Dendermonde,Americano (pizza large),17.9,"Pikante salami, paprika."
Karine Dendermonde,Pepperoni (pizza small),12.9,
Karine Dendermonde,Pepperoni (pizza medium),14.9,"Dubbele portie ham, groene pepers."
Karine Dendermonde,Pepperoni (pizza large),17.9,"Dubbele portie ham, groene pepers."
Karine Dendermonde,Hawaï (pizza medium),14.9,"Dubbele portie ham, ananas."
Karine Dendermonde,Hawaï (pizza large),17.9,"Dubbele portie ham, ananas."
Karine Dendermonde,Hawaï (pizza small),12.9,
Karine Dendermonde,Camberetti (pizza large),17.9,"Pitavlees, ui, paprika."
Karine Dendermonde,Camberetti (pizza small),12.9,
Karine Dendermonde,Camberetti (pizza medium),14.9,"Pitavlees, ui, paprika."
Karine Dendermonde,Bolognese (pizza medium),14.9,Bolognesesaus.
Karine Dendermonde,Bolognese (pizza small),12.9,
Karine Dendermonde,Bolognese (pizza large),17.9,Bolognesesaus.
Karine Dendermonde,Pollo (pizza medium),14.9,"Kip, paprika, ui."
Karine Dendermonde,Pollo (pizza small),12.9,
Karine Dendermonde,Pollo (pizza large),17.9,"Kip, paprika, ui."
Karine Dendermonde,Vegetariana (pizza large),17.9,"Champignons, paprika, olijven, ui, artisjokken, olijven, maïs."
Karine Dendermonde,Vegetariana (pizza small),12.9,
Karine Dendermonde,Vegetariana (pizza medium),14.9,"Champignons, paprika, olijven, ui, artisjokken, olijven, maïs."
Karine Dendermonde,Capri (pizza small),12.9,
Karine Dendermonde,Capri (pizza large),17.9,"Salami, ui, feta, pikant."
Karine Dendermonde,Capri(pizza medium),14.9,"Salami, ui, feta, pikant."
Karine Dendermonde,Tonno (pizza large),17.9,"Tonijn, ui, olijven."
Karine Dendermonde,Tonno (pizza small),12.9,
Karine Dendermonde,Tonno (pizza medium),14.9,"Tonijn, ui, olijven."
Karine Dendermonde,Pizza pita (pizza small),12.9,
Karine Dendermonde,Pizza pita (pizza large),17.9,"Pitavlees, kip, ui, look."
Karine Dendermonde,Pizza pita (pizza medium),14.9,"Pitavlees, kip, ui, look."
Karine Dendermonde,Sirena (pizza large),17.9,"Scampi, paprika, ei, look, salami."
Karine Dendermonde,Sirena (pizza medium),14.9,"Scampi, paprika, ei, look, salami."
Karine Dendermonde,Sirena (pizza small),12.9,
Karine Dendermonde,Fantasia (pizza medium),14.9,"Dubbele portie kip, ananas."
Karine Dendermonde,Fantasia (pizza large),17.9,"Dubbele portie kip, ananas."
Karine Dendermonde,Fantasia (pizza small),12.9,
Karine Dendermonde,Cagliari (pizza medium),14.9,"Dubbele portie salami, champignons."
Karine Dendermonde,Cagliari (pizza large),17.9,"Dubbele portie salami, champignons."
Karine Dendermonde,Cagliari (pizza small),12.9,
Karine Dendermonde,Encarna (pizza large),17.9,Dubbele portie ham.
Karine Dendermonde,Encarna (pizza medium),14.9,Dubbele portie ham.
Karine Dendermonde,Encarna (pizza small),12.9,
Karine Dendermonde,Quattro fromaggi (pizza large),17.9,Vier soorten kaas.
Karine Dendermonde,Quattro fromaggi (pizza medium),14.9,Vier soorten kaas.
Karine Dendermonde,Quattro fromaggi (pizza small),12.9,
Karine Dendermonde,Quattro stragiona (pizza small),12.9,
Karine Dendermonde,Quattro stragiona (pizza medium),14.9,"Ham, salami, paprika, champignons."
Karine Dendermonde,Quattro stragiona (pizza large),17.9,"Ham, salami, paprika, champignons."
Karine Dendermonde,Newyorker (pizza medium),14.9,"Ham, salami, pitavlees, ui, paprika."
Karine Dendermonde,Newyorker (pizza large),17.9,"Ham, salami, pitavlees, ui, paprika."
Karine Dendermonde,Newyorker (pizza small),12.9,
Karine Dendermonde,Bbq chicken (pizza large),17.9,"Barbecue saus, gegrilde kip, ui, paprika, mozzarella."
Karine Dendermonde,Bbq chicken (pizza medium),14.9,"Barbecue saus, gegrilde kip, ui, paprika, mozzarella."
Karine Dendermonde,Bbq chicken (pizza small),12.9,
Karine Dendermonde,Kip grill (pizza large),17.9,Dubbele portie gegrilde kip.
Karine Dendermonde,Kip grill (pizza medium),14.9,Dubbele portie gegrilde kip.
Karine Dendermonde,Kip grill (pizza small),12.9,
Karine Dendermonde,Kebap (pizza large),17.9,Dubbele portie pitavlees.
Karine Dendermonde,Kebap (pizza small),12.9,
Karine Dendermonde,Kebap (pizza medium),14.9,Dubbele portie pitavlees.
Karine Dendermonde,Calzone (pizza small),12.9,
Karine Dendermonde,Calzone (pizza large),17.9,"Ham, champignons, salami, paprika, bolognesesaus."
Karine Dendermonde,Calzone (pizza medium),14.9,"Ham, champignons, salami, paprika, bolognesesaus."
Karine Dendermonde,Frutti del mare (pizza small),12.9,
Karine Dendermonde,Frutti del mare (pizza large),17.9,Zeevruchten.
Karine Dendermonde,Frutti del mare (pizza medium),14.9,Zeevruchten.
Karine Dendermonde,Marinara (pizza medium),14.9,"Tonijn, mosselen, garnalen, kappertjes."
Karine Dendermonde,Marinara (pizza small),12.9,
Karine Dendermonde,Marinara (pizza large),17.9,"Tonijn, mosselen, garnalen, kappertjes."
Karine Dendermonde,Speciale (pizza small),12.9,
Karine Dendermonde,Speciale (pizza medium),14.9,"Tonijn, scampi, ui, inktvis, paprika, look."
Karine Dendermonde,Speciale (pizza large),17.9,"Tonijn, scampi, ui, inktvis, paprika, look."
Karine Dendermonde,Special karine (pizza medium),14.9,"Pitavlees, kipvlees, bolognesesaus, jalapenos."
Karine Dendermonde,Special karine (pizza large),17.9,"Pitavlees, kipvlees, bolognesesaus, jalapenos."
Karine Dendermonde,Special karine (pizza small),12.9,
Karine Dendermonde,Special chef (pizza large),17.9,"Ham, salami, paprika, champignons, olijven, ui, bolognesesaus."
Karine Dendermonde,Special chef (pizza medium),14.9,"Ham, salami, paprika, champignons, olijven, ui, bolognesesaus."
Karine Dendermonde,Special chef (pizza small),12.9,
Karine Dendermonde,Italia (pizza small),12.9,
Karine Dendermonde,Italia (pizza medium),14.9,"Salami, ui, champignons, olijven, gorgonzola, gehakt."
Karine Dendermonde,Italia (pizza large),17.9,"Salami, ui, champignons, olijven, gorgonzola, gehakt."
Karine Dendermonde,Supreme (pizza large),17.9,"Ham, shoarma, champignons, jalapenos, olijven."
Karine Dendermonde,Supreme (pizza medium),14.9,"Ham, shoarma, champignons, jalapenos, olijven."
Karine Dendermonde,Supreme (pizza small),12.9,
Karine Dendermonde,Meat Lovers (pizza medium),14.9,"Ham, shoarma, champignons, ui."
Karine Dendermonde,Meat Lovers (pizza small),12.9,
Karine Dendermonde,Meat Lovers (pizza large),17.9,"Ham, shoarma, champignons, ui."
Karine Dendermonde,Alcapone (pizza large),17.9,"Pepperoni, shoarma, ui, jalapenos."
Karine Dendermonde,Alcapone (pizza small),12.9,
Karine Dendermonde,Alcapone (pizza medium),14.9,"Pepperoni, shoarma, ui, jalapenos."
Karine Dendermonde,Barbecue meatballs (pizza large),17.9,"Barbecuesaus, gehaktballetjes, ui, paprika."
Karine Dendermonde,Barbecue meatballs (pizza small),12.9,
Karine Dendermonde,Barbecue meatballs (pizza medium),14.9,"Barbecuesaus, gehaktballetjes, ui, paprika."
Karine Dendermonde,Hot barbecue (pizza large),17.9,"Barbecuesaus, shoarma, paprika, jalapenos."
Karine Dendermonde,Hot barbecue (pizza medium),14.9,"Barbecuesaus, shoarma, paprika, jalapenos."
Karine Dendermonde,Hot barbecue (pizza small),12.9,
Karine Dendermonde,Curry oriental (pizza medium),14.9,"Currysaus, kip, ui, ananas."
Karine Dendermonde,Curry oriental (pizza small),12.9,
Karine Dendermonde,Curry oriental (pizza large),17.9,"Currysaus, kip, ui, ananas."
Karine Dendermonde,Creamy chicken (pizza small),12.9,
Karine Dendermonde,Creamy chicken (pizza medium),14.9,"Roomsaus, kip, ui, champignons."
Karine Dendermonde,Creamy chicken (pizza large),17.9,"Roomsaus, kip, ui, champignons."
Karine Dendermonde,Megafish (pizza small),12.9,
Karine Dendermonde,Megafish (pizza large),17.9,"Tonijn, ansjovis, ui, champignons."
Karine Dendermonde,Megafish (pizza medium),14.9,"Tonijn, ansjovis, ui, champignons."
Karine Dendermonde,Scampi mampi (pizza large),17.9,"Scampi, tomaten, ui, look."
Karine Dendermonde,Scampi mampi (pizza medium),14.9,"Scampi, tomaten, ui, look."
Karine Dendermonde,Scampi mampi (pizza small),12.9,
Karine Dendermonde,Don salmon (pizza large),17.9,"Roomsaus, verse zalm, ui."
Karine Dendermonde,Don salmon (pizza small),12.9,
Karine Dendermonde,Don salmon (pizza medium),14.9,"Roomsaus, verse zalm, ui."
Karine Dendermonde,Scampi curry (pizza medium),14.9,"Scampi, curry, look, paprika."
Karine Dendermonde,Scampi curry (pizza large),17.9,"Scampi, curry, look, paprika."
Karine Dendermonde,Scampi curry (pizza small),12.9,
Tavolina,Combo for One,18.0,Buy 1 Pizza and get 1 Drink Free
Tavolina,Classic,16.5,"Classic Pizza Made with Tomato Sauce, Melty Mozzarella, Fresh Basil and Oregano"
Tavolina,Margherita Pizza,14.8,"Classic Pizza Made with Tomato Sauce, Melty Mozzarella, Fresh Basil and Oregano"
Tavolina,"Garlic Bread, Closed Pizza",8.5,
Tavolina,"Garlic Bread, Closed Pizza",8.5,
Tavolina,"Garlic Bread, Closed Pizza",8.5,
Tavolina,"Garlic Bread, Closed Pizza",8.5,
Tavolina,"Garlic Bread, Closed Pizza",8.5,
Tavolina,"Garlic Bread, Closed Pizza",8.5,
Tavolina,"Garlic Bread, Closed Pizza",8.5,
Tavolina,"Garlic Bread, Closed Pizza",8.5,
Tavolina,"Garlic Bread, Closed Pizza",8.5,
Tavolina,"Garlic Bread, Closed Pizza",8.5,
Tavolina,"Garlic Bread, Closed Pizza",8.5,
Tavolina,"Garlic Bread, Closed Pizza",8.5,
Tavolina,"Garlic Bread, Closed Pizza",8.5,
Tavolina,"Garlic Bread, Closed Pizza",8.5,
Tavolina,"Garlic Bread, Closed Pizza",8.5,
Tavolina,"Garlic Bread, Closed Pizza",8.5,
Tavolina,"Garlic Bread, Closed Pizza",8.5,
Tavolina,"Garlic Bread, Closed Pizza",8.5,
Tavolina,"Garlic Bread, Closed Pizza",8.5,
Tavolina,"Garlic Bread, Closed Pizza",8.5,
Tavolina,"Garlic Bread, Closed Pizza",8.5,
Tavolina,"Garlic Bread, Closed Pizza",8.5,
Tavolina,"Garlic Bread, Closed Pizza",8.5,
Tavolina,"Garlic Bread, Closed Pizza",8.5,
Tavolina,"Garlic Bread, Closed Pizza",8.5,
Tavolina,"Garlic Bread, Closed Pizza",8.5,
Tavolina,"Garlic Bread, Closed Pizza",8.5,
Tavolina,"Garlic Bread, Closed Pizza",8.5,
Tavolina,"Garlic Bread, Closed Pizza",8.5,
Tavolina,"Garlic Bread, Closed Pizza",8.5,
Tavolina,"Garlic Bread, Closed Pizza",8.5,
Tavolina,"Garlic Bread, Closed Pizza",8.5,
Tavolina,"Garlic Bread, Closed Pizza",8.5,
Tavolina,"Garlic Bread, Closed Pizza",8.5,
Tavolina,"Garlic Bread, Closed Pizza",8.5,
Tavolina,"Garlic Bread, Closed Pizza",8.5,
Tavolina,"Garlic Bread, Closed Pizza",8.5,
Tavolina,"Garlic Bread, Closed Pizza",8.5,
Tavolina,"Garlic Bread, Closed Pizza",8.5,
Tavolina,"Garlic Bread, Closed Pizza",8.5,
Tavolina,"Garlic Bread, Closed Pizza",8.5,
Tavolina,Duo Combo,44.0,"1 Pizza, 1 Pasta, 2 Drinks"
Tavolina,Parma,21.5,"Classic Italian Pizza made with Parma Ham, Arugula, Tomato, Mozzarella,, Cherry, Parmesan"
Tavolina,Baked Nutella Pizza,11.5,Italian oven-baked folded pizza filled with Nutella
Tavolina,Fiorentina,19.8,"Classic Italian pizza made Tomato, Mozzarella, Salami, Handful of Spinach, Cherry Tomato, Garlic"
Tavolina,Naples,18.0,"Classic Neapolitan Style pizza made with Tomato sauce, Mozzarella, Anchovies, Capres, Olives, Oregano"
Tavolina,Parmigiana,19.8,"Traditional Pizza topped with tomato sauce, eggplant slices mozzarella cheese, and plenty of grated Grana Padano cheese."
Tavolina,Hawaii,18.0,"The Classic! Combines pizza sauce, Mozzarella, cooked ham, and pineapple."
De Gulden Spoor,2+1,0.0,Bestel twee pizzas naar keuze en ontvang gratis een Margherita bij u bestelling.
B’artiste,Pizza / Teruelle ham / Burrata,18.0,
La Lanterna Trattoria,Pizza Vegetariana,14.0,"Tomaat, mozzarella, champignons, peperoni, olijven en artisjokken"
La Lanterna Trattoria,Pizza Tonno,13.5,"Tomaat, mozzarella, tonijn, olijven en ui"
La Lanterna Trattoria,Pizza Diavola,13.5,"Tomaat, mozzarella, pikante salami en olijven"
La Lanterna Trattoria,Pizza 4 Formaggi,15.0,"Tomaat, mozzarella, gorgonzola, parmezaan en taleggio"
Plant a Pizza,Cacio e Pepe,13.8,"Pizza bianco with homemade cashew Mozzarella, Gondino Parmesan, freshly grounded black pepper and fresh basil."
Plant a Pizza,Pizza Marinara,11.5,"Tomato sauce, garlic, herbs oil, oregano and fresh basil"
Plant a Pizza,Pizza Margherita,12.9,"Tomato sauce, homemade cashew Mozzarella, olive oil en fres basil."
Plant a Pizza,Pizza Dolce,13.9,100% bombastic: vanilla custard (soy) - roasted hazelnuts - brownie - hazelnuts & chocolate cream
Plant a Pizza,Pizza Funghi,14.9,"Tomato sauce, homemade cashew Mozzarella, portobello mushroom, garlic, herbs oil and fresh basil."
Plant a Pizza,Pizza Mediterranean,14.9,"Tomato sauce, homemade cashew Mozzarella, olives mix, marinated artichokes, oregano and fresh basil."
Plant a Pizza,Pizza 4 Cheese Rossa,17.5,"Tomato sauce, homemade cashew Mozzarella, sweet blue the vegan butchers choice first snow omega Gondino Parmesan and fresh basil."
NACHTWINKEL VISION BD,Dr oekter pizza mozzarella,4.9,
NACHTWINKEL VISION BD,Dr oekter pizza speciale,4.9,330g
NACHTWINKEL VISION BD,Dr oekter pizza salami,4.9,
NACHTWINKEL VISION BD,Dr oekter pizza polo,4.9,
Pizzeria L'AMI 2,Pizza regina,16.0,"Tomates, mozzarella, jambon et champignons."
Pizzeria L'AMI 2,Pizza margherita,8.0,Tomates et mozzarella.
Pizzeria L'AMI 2,Pizza prosciutto,9.0,"Tomates, mozzarella et jambon."
Pizzeria L'AMI 2,Pizza l'ami,13.0,"Tomates, mozzarella, jambon, champignons, salami, poivrons, et œufs."
Pizzeria L'AMI 2,Pizza del padrone,13.5,"Tomates fraîches, mozzarella, chorizo, lardons, gorgonzola et ail."
Pizzeria L'AMI 2,Pizza salami,9.0,"Tomates, mozzarella et salami."
Pizzeria L'AMI 2,Pizza funghi,9.0,"Tomates, mozzarella et champignons."
Pizzeria L'AMI 2,Pizza quattro stagionni,12.5,"Tomates, mozzarella, jambon, champignons, poivrons et artichauts."
Pizzeria L'AMI 2,Pizza romana,13.0,"Tomates, mozzarella, salami, jambon et champignons."
Pizzeria L'AMI 2,Pizza bolognaise,12.0,Sauce bolognaise et mozzarella
Pizzeria L'AMI 2,Pizza regina,16.0,"Tomates, mozzarella, jambon et champignons."
Pizzeria L'AMI 2,Pizza hawaï,11.0,"Tomates, mozzarella, jambon et ananas."
Pizzeria L'AMI 2,Pizza napoli,12.0,"Tomates, mozzarella, anchois et câpres."
Pizzeria L'AMI 2,Pizza calzone,11.0,"Tomates, mozzarella, jambon et œufs."
Pizzeria L'AMI 2,Pizza romana,13.0,"Tomate, mozzarella, salami, jambon et champignons."
Pizzeria L'AMI 2,Pizza végétariana,19.0,"Tomates, mozzarella et aubergines."
Pizzeria L'AMI 2,Pizza melanzane,11.0,"Tomates, mozzarella et aubergines."
Pizzeria L'AMI 2,Pizza tonno,12.5,"Tomates, mozzarella, thon, oignons et ail."
Pizzeria L'AMI 2,Pizza capricciosa,12.0,"Tomates, mozzarella, jambon, champignons, artichauts et œufs."
Pizzeria L'AMI 2,Pizza quattro stagionni,12.5,"Tomates, mozzarella, jambon, champignons, poivrons et artichauts."
Pizzeria L'AMI 2,Pizza 4 fromages,12.0,"Tomates, mozzarella, gorgonzola, parmesan et taleggion."
Pizzeria L'AMI 2,Pizza pollo,12.0,"Tomates, mozzarella, poulet, poivrons et olives."
Pizzeria L'AMI 2,Pizza bella,13.0,"Tomates, mozzarella, jambon, champignons, artichauts, anchois et câpres."
Pizzeria L'AMI 2,Pizza l'ami,13.0,"Tomates, mozzarella, jambon, champignons, salami, poivrons, et œufs."
Pizzeria L'AMI 2,Pizza del padrone,13.5,"Tomates fraîches, mozzarella, chorizo, lardons, gorgonzola et ail."
Pizzeria L'AMI 2,Pizza frutti di marre,13.0,"Tomates, mozzarella, fruits de mer et ail."
Pizzeria L'AMI 2,Pizza prosciutto di parma e rucola,15.0,"Tomates, mozzarella, jambon de parme, roquette et parmesan."
Pizzeria L'AMI 2,Pizza scampi,15.0,"Tomates, mozzarella, scampis et ail."
Pizzeria L'AMI 2,Pizza salmone,15.0,"Tomates, mozzarella et saumon fumé."
l'Artista Mechelen,Pizza Calzone Funghi e Cotto con Pomodoro,16.5,"mozzarella, beenham, champignons en tomatensaus"
l'Artista Mechelen,Pizza Margherita,12.0,"tomatensaus, mozzarella, basilicum en extra vierge olijfolie"
l'Artista Mechelen,Pizza Funghi,13.0,"tomatensaus, mozzarella en bospaddenstoelen “trifolati”"
l'Artista Mechelen,Pizza Napoli,13.5,"Tomaat, mozzarella, kappertjes, ansjovis en olijven"
l'Artista Mechelen,Pizza Diavola,14.0,"tomatensaus, mozzarella en pikante salami"
l'Artista Mechelen,Pizza Prosciutto e Funghi,15.5,"tomatensaus, mozzarella, Italiaanse beenham en bospaddenstoelen “trifolati”"
l'Artista Mechelen,Pizza Quattro Stagioni,16.5,"tomatensaus, mozzarella, Italiaanse beenham, bospaddenstoelen “trifolati”, artisjokken en olijven"
l'Artista Mechelen,Pizza Parmiggiana,16.5,"tomatensaus, mozzarella, gefrituurde aubergines, basilicum en Grana Padano D.O.P"
l'Artista Mechelen,Pizza Parma,18.0,"tomatensaus, mozzarella, rucola Prosciutto di Parma D.O.P en Grana Padano D.O.P"
Bella Italia (OST),Pizza bambino met kaas (26 cm),7.0,
Bella Italia (OST),Pizza margerita,10.0,Mozzarella Kaas
Bella Italia (OST),Pizza salami,13.0,Salami
Bella Italia (OST),Pizza prosciutto,13.0,Ham
Bella Italia (OST),Pizza hawai,14.0,Ham en ananas
Bella Italia (OST),Pizza quattro formaggi,14.0,Vier soorten italiaans kaas
Bella Italia (OST),Pizza frutti di mare,17.5,Zee vruchten en tonijn
Bella Italia (OST),Pizza tonno,14.0,"Tonijn, ei en uien"
Bella Italia (OST),Pizza napoletana,15.0,"Ansjovis, olijven en uien"
Bella Italia (OST),Pizza gamberetti,16.0,Grote garnalen
Bella Italia (OST),Pizza kenzy,15.0,"Salami, ham, spek, uien en ei"
Bella Italia (OST),Pizza adam,14.5,"Ham, salami, champignons, uien en pikante peper"
Bella Italia (OST),Pizza quattro stagioni,14.5,"Ham, salami, champignons, paprika"
Bella Italia (OST),Pizza capriciosa,14.5,"Ham, champignons, olijven, artisjok"
Bella Italia (OST),Pizza bolognese,14.0,Bolognesesaus en uien
Bella Italia (OST),Pizza spinaci,14.0,Spinaci en vers mozzarella
Bella Italia (OST),Pizza al Pollo,16.0,"Gegrilde kipfilet met champions, Paprika en uien."
Traminot,Mia Pizza,13.0,"Sauce tomate, mozzarella + 3 ingrédients au choix"
TAKÉ,Okonomiyaki ( Japanese Pizza ) 🍃,14.0,"Flour with plant-based meat, cabbage, lettuce carrots, spring onions, ginger, Teriyaki sauce, vegan mayonaise, and dried seaweed"
Uniq Kebab,Turkse pizza ,4.0,
Uniq Kebab,Turkse pizza deluxe ,6.0,
Uniq Kebab,Turkse pizza deluxe mix,7.0,
Sforno,Pizzaiolo,18.0,"Tomatensaus, mozzarella fior di latte,uienringen,salsiccia,peperoni(paprika)."
Sforno,pikante olie op pizza,0.5,
Sforno,Romana,18.0,"pizza bianca.  mozzarella fior di latte, pancetta, salsiccia, ui"
Sforno,Fascinosa (pizza bianca),18.0,"Mozzarelle fior di latte, prosciutto cotto, artisjok, funghi porcini."
Sforno,pizza Belga - pizza bianca,18.0,"mozzarella fior di latte, gebakken aardappelen, roosmarijn en prosciutto cotto."
Sforno,pizza pollo,19.0,"tomatensaus, mozarella, rode ui, salami picante, kip."
Sforno,pizza frutti di mare,19.5,"tomatensaus, mozarella, zeevruchten"
Panos Deurne,Pizzabaguette Tomaat-Mozzarella,4.5,"Tomaat, mozzarella, oregano, rucola"
Panos Deurne,Pizzabaguette Salami,4.5,"Salami, verse ui, mozzarella, oregano"
Panos Deurne,Pizzabaguette 3 kazen,4.5,"Maredsous, Gorgonzola, mozzarella, oregano"
De Prediker,Pizza Margherita,14.0,Tomato sauce – Mozarella - Basilicum
De Prediker,Pizza Vegetarian,16.0,"Tomato sauce – Mozarella – Spinach – Olives – Paprika –
Mushroom - Oregano"
De Prediker,Pizza Scampi,18.0,Tomato sauce – Mozarella – Scampi – Onions – Olives - Oregano
De Prediker,Pizza Tonijn,16.0,Tomato sauce – Mozarella – Tuna – Onions - Oregano
De Prediker,Pizza Hawa,17.0,"Tomato sauce – Mozarella – Chicken – Ananas - Oregano
"
De Prediker,Pizza v/h Huis ( 4 kazen – 4 cheeses ) ,16.0,Tomato sauce – 4 kazen – Olives - Basilicum
De Prediker,Pizza Kip ,17.0,Tomato sauce – Mozarella – Mushrooms – Onions - Oregano
De Prediker,Pizza ham,17.0,Tomato sauce – Mozarella – Ham – Mushrooms - Oregano
White Rose nacht winkel,DR.Oetker pizza carborana,7.5,
White Rose nacht winkel,DR.Oetker pizza prosciutto,7.5,
White Rose nacht winkel,DR.Oetker pizza prosciutto,7.5,
White Rose nacht winkel,DR.Oetker pizza quatro fromaggi,7.5,
White Rose nacht winkel,DR.Oetker pizza quatro fromaggi,7.5,
White Rose nacht winkel,DR.Oetker pizza mozzarella,7.5,
White Rose nacht winkel,DR.Oetker pizza mozzarella,7.5,
White Rose nacht winkel,DR.Oetker pizza tonno,7.5,
White Rose nacht winkel,DR.Oetker pizza tonno,7.5,
White Rose nacht winkel,DR.Oetker pizza bolognese formaggi,7.5,
White Rose nacht winkel,DR.Oetker pizza bolognese formaggi,7.5,
White Rose nacht winkel,DR.Oetker pizza spinacie crema,7.5,
White Rose nacht winkel,DR.Oetker pizza spinacie crema,7.5,
White Rose nacht winkel,DR.Oetker pizza funghi,7.5,
White Rose nacht winkel,DR.Oetker pizza funghi,7.5,
White Rose nacht winkel,DR.Oetker pizza salame,7.5,
White Rose nacht winkel,DR.Oetker pizza salame,7.5,
White Rose nacht winkel,DR.OETKER PIZZA VEGETALE PICCANTE,7.5,
White Rose nacht winkel,DR.OETKER PIZZA VEGETALE PICCANTE,7.5,
Pizza & Pasta Poppy's,Pizza Poppy’s,14.5,"tomaat, kaas, paprika, ui, maïs, olijven, champignons, courgettes, aubergines"
Pizza & Pasta Poppy's,Pizza Poppy’s,2.0,"tomaat, kaas, paprika, ui, maïs, olijven, champignons, courgettes, aubergines"
Pizza & Pasta Poppy's,Pizza Poppy’s Special,16.5,"tomaat, kaas, paprika, ui, maïs, olijven, champignons, courgettes, aubergines, ham"
Pizza & Pasta Poppy's,Italiaanse Merlot,19.0,Rode wijn die goed past bij pizza & pasta. De wijnen worden steeds per fles van 75cl geleverd
Pizza & Pasta Poppy's,Pizza Poppy’s Special,2.0,"tomaat, kaas, paprika, ui, maïs, olijven, champignons, courgettes, aubergines, ham"
Pizza & Pasta Poppy's,Pizza Poppy’s Salami,2.0,"tomaat, kaas, paprika, ui, maïs, olijven, champignons, courgettes, aubergines, salami"
Pizza & Pasta Poppy's,Pizza Poppy’s Salami,17.0,"tomaat, kaas, paprika, ui, maïs, olijven, champignons, courgettes, aubergines, salami"
Pizza & Pasta Poppy's,Pizza Poppy’s 4 seizoenen,19.0,"tomaat, kaas, paprika, ui, maïs, olijven, champignons, courgettes, aubergines, geitenkaas"
Pizza & Pasta Poppy's,Pizza Poppy’s 4 seizoenen,2.0,"tomaat, kaas, paprika, ui, maïs, olijven, champignons, courgettes, aubergines, geitenkaas"
Pizza & Pasta Poppy's,Pizza Poppy’s Geitenkaas,2.0,"tomaat, kaas, paprika, ui, maïs, olijven, champignons, courgettes, aubergines, salami"
Pizza & Pasta Poppy's,Pizza Poppy’s Geitenkaas,19.0,"tomaat, kaas, paprika, ui, maïs, olijven, champignons, courgettes, aubergines, salami"
Pizza & Pasta Poppy's,Pizza Poppy’s fish,20.0,"tomaat, kaas, paprika, ui, maïs, olijven, champignons, courgettes, aubergines, zeevruchten"
Pizza & Pasta Poppy's,Pizza Poppy’s fish,2.0,"tomaat, kaas, paprika, ui, maïs, olijven, champignons, courgettes, aubergines, zeevruchten"
Pizza & Pasta Poppy's,Pizza Poppy’s Scampi’s,20.5,"tomaat, kaas, paprika, ui, maïs, olijven, champignons, courgettes, aubergines, scampi’s"
Pizza & Pasta Poppy's,Pizza Poppy’s Scampi’s,2.0,"tomaat, kaas, paprika, ui, maïs, olijven, champignons, courgettes, aubergines, scampi’s"
Pizza & Pasta Poppy's,Pizza Poppy’s Fish Special,21.5,"tomaat, kaas, paprika, ui, maïs, olijven, champignons, courgettes, aubergines, gemengde vis"
Pizza & Pasta Poppy's,Pizza Poppy’s Fish Special,2.0,"tomaat, kaas, paprika, ui, maïs, olijven, champignons, courgettes, aubergines, gemengde vis"
Pizza & Pasta Poppy's,Pizza Poppy’s Chicken,2.0,"tomaat, kaas, paprika, ui, maïs, olijven, champignons, Courgettes, aubergines, kip"
Pizza & Pasta Poppy's,Pizza Poppy’s Chicken,18.5,"tomaat, kaas, paprika, ui, maïs, olijven, champignons, Courgettes, aubergines, kip"
Pizza & Pasta Poppy's,Pizza Poppy’s Chicken Veggie,20.5,"omaat, kaas, paprika, ui, maïs, olijven, champignons, courgettes, aubergines, vegetarische kip"
Pizza & Pasta Poppy's,Pizza Poppy’s Chicken Veggie,2.0,"omaat, kaas, paprika, ui, maïs, olijven, champignons, courgettes, aubergines, vegetarische kip"
Pizza & Pasta Poppy's,Pizza Poppy’s BBQ Chicken,19.5,"tomaat, kaas, paprika, ui, maïs, olijven, champignons, courgettes, aubergines, gemarineerde kip"
Pizza & Pasta Poppy's,Pizza Poppy’s BBQ Chicken,2.0,"tomaat, kaas, paprika, ui, maïs, olijven, champignons, courgettes, aubergines, gemarineerde kip"
Pizza & Pasta Poppy's,Pizza Poppy’s BBQ Chicken Veggie,21.5,"tomaat, kaas, paprika, ui, maïs, olijven, champignons courgettes, aubergines, gemarineerde vegetarische kip"
Pizza & Pasta Poppy's,Pizza Poppy’s BBQ Chicken Veggie,2.0,"tomaat, kaas, paprika, ui, maïs, olijven, champignons courgettes, aubergines, gemarineerde vegetarische kip"
Pizza & Pasta Poppy's,Pizza Poppy’s Hamburger,18.5,"tomaat, kaas, paprika, ui, maïs, olijven, champignons, courgettes, aubergines, gehakt"
Pizza & Pasta Poppy's,Pizza Poppy’s Hamburger,0.0,"tomaat, kaas, paprika, ui, maïs, olijven, champignons, courgettes, aubergines, gehakt"
Pizza & Pasta Poppy's,Pizza Poppy’s Hamburger Veggie,20.5,"tomaat, kaas, paprika, ui, maïs, olijven, champignons, courgettes, aubergines, vegetarisch gehakt(quorn)"
Pizza & Pasta Poppy's,Pizza Poppy’s Hamburger Veggie,0.0,"tomaat, kaas, paprika, ui, maïs, olijven, champignons, courgettes, aubergines, vegetarisch gehakt(quorn)"
Pizza & Pasta Poppy's,Pizza Margherita,2.0,"tomaat, kaas"
Pizza & Pasta Poppy's,Pizza Margherita,9.0,"tomaat, kaas"
Pizza & Pasta Poppy's,Pizza Margherita Special,11.0,"tomaat, kaas, ham"
Pizza & Pasta Poppy's,Pizza Margherita Special,2.0,"tomaat, kaas, ham"
Pizza & Pasta Poppy's,Pizza Funghi,10.0,"tomaat, kaas, champignons"
Pizza & Pasta Poppy's,Pizza Funghi,2.0,"tomaat, kaas, champignons"
Pizza & Pasta Poppy's,Pizza Funghi Special,2.0,"tomaat, kaas, champignons, ham"
Pizza & Pasta Poppy's,Pizza Funghi Special,12.5,"tomaat, kaas, champignons, ham"
Pizza & Pasta Poppy's,Pizza Salami,13.0,"tomaat, kaas, salami"
Pizza & Pasta Poppy's,Pizza Salami,2.0,"tomaat, kaas, salami"
Pizza & Pasta Poppy's,Pizza Hamburger,2.0,"tomaat, kaas, paprika, ui, gehakt"
Pizza & Pasta Poppy's,Pizza Hamburger,14.5,"tomaat, kaas, paprika, ui, gehakt"
Pizza & Pasta Poppy's,Pizza Hamburger Veggie,2.0,"tomaat, kaas, paprika, ui, vegetarisch gehakt"
Pizza & Pasta Poppy's,Pizza Hamburger Veggie,15.5,"tomaat, kaas, paprika, ui, vegetarisch gehakt"
Pizza & Pasta Poppy's,Pizza Hawaï,2.0,"tomaat, kaas, maïs, ananas, ham"
Pizza & Pasta Poppy's,Pizza Hawaï,15.0,"tomaat, kaas, maïs, ananas, ham"
Pizza & Pasta Poppy's,Pizza Tropical,2.0,"tomaat, kaas, maïs, ananas, ham, kip"
Pizza & Pasta Poppy's,Pizza Tropical,16.5,"tomaat, kaas, maïs, ananas, ham, kip"
Pizza & Pasta Poppy's,Pizza 4 Kazen,16.0,"tomaat, kaas, 4 kazen"
Pizza & Pasta Poppy's,Pizza 4 Kazen,2.0,"tomaat, kaas, 4 kazen"
Pizza & Pasta Poppy's,Pizza 4 seizoenen,2.0,"tomaat, kaas, paprika, ui, maïs, champignons, salami, ham"
Pizza & Pasta Poppy's,Pizza 4 seizoenen,15.5,"tomaat, kaas, paprika, ui, maïs, champignons, salami, ham"
Pizza & Pasta Poppy's,Pizza Mexicano,16.0,"tomaat, kaas, paprika, ui, kappertjes, zwarte olijven, sambal, merguez pikant"
Pizza & Pasta Poppy's,Pizza Mexicano,2.0,"tomaat, kaas, paprika, ui, kappertjes, zwarte olijven, sambal, merguez pikant"
Pizza & Pasta Poppy's,Pizza Mexicano Veggie,2.0,"tomaat, kaas, paprika, ui, kappertjes, zwarte olijven, sambal, vegetarische pikante worst"
Pizza & Pasta Poppy's,Pizza Mexicano Veggie,18.0,"tomaat, kaas, paprika, ui, kappertjes, zwarte olijven, sambal, vegetarische pikante worst"
Pizza & Pasta Poppy's,Pizza Polo,2.0,"tomaat, kaas, maïs, ananas, kip"
Pizza & Pasta Poppy's,Pizza Polo,16.0,"tomaat, kaas, maïs, ananas, kip"
Pizza & Pasta Poppy's,Pizza Polo Veggie,2.0,"tomaat, kaas, maïs, ananas, vegetarische kip"
Pizza & Pasta Poppy's,Pizza Polo Veggie,17.0,"tomaat, kaas, maïs, ananas, vegetarische kip"
Pizza & Pasta Poppy's,Pizza Spicy BBQ Chicken,16.0,"tomaat, kaas, paprika, maïs, gemarineerde kip"
Pizza & Pasta Poppy's,Pizza Spicy BBQ Chicken,2.0,"tomaat, kaas, paprika, maïs, gemarineerde kip"
Pizza & Pasta Poppy's,Pizza Spicy BBQ Chicken Veggie,2.0,"tomaat, kaas, paprika, maïs, gemarineerde vegetarische kip"
Pizza & Pasta Poppy's,Pizza Spicy BBQ Chicken Veggie,18.0,"tomaat, kaas, paprika, maïs, gemarineerde vegetarische kip"
Pizza & Pasta Poppy's,Pizza Tonijn,2.0,"tomaat, kaas, ui, tonijn"
Pizza & Pasta Poppy's,Pizza Tonijn,14.0,"tomaat, kaas, ui, tonijn"
Pizza & Pasta Poppy's,Pizza Ansjovis,2.0,"tomaat, kaas, paprika, ui, kappertjes, ansjovis"
Pizza & Pasta Poppy's,Pizza Ansjovis,14.5,"tomaat, kaas, paprika, ui, kappertjes, ansjovis"
Pizza & Pasta Poppy's,Pizza Zeevruchten,16.0,"tomaat, kaas, gemengde zeevruchten"
Pizza & Pasta Poppy's,Pizza Zeevruchten,2.0,"tomaat, kaas, gemengde zeevruchten"
Pizza & Pasta Poppy's,Pizza Scampi’s,2.0,"tomaat, kaas, paprika, scampi’s"
Pizza & Pasta Poppy's,Pizza Scampi’s,17.0,"tomaat, kaas, paprika, scampi’s"
Pizza & Pasta Poppy's,Pizza Gemengde vis,19.5,"tomaat, kaas, paprika, zeevruchten, scampi’s"
Pizza & Pasta Poppy's,Pizza Gemengde vis,2.0,"tomaat, kaas, paprika, zeevruchten, scampi’s"
Ristorante Pizzeria La Sardegna,Calzone,0.0,"dichtgevouwen pizza met tomatensaus, mozzarella, ham, champignons, artisjok, olijven
/folded pizza with tomato sauce, mozzarella, ham, mushrooms, artichoke, olives"
Ristorante Pizzeria La Sardegna,Calzone,15.0,"dichtgevouwen pizza met tomatensaus, mozzarella, ham, champignons, artisjok, olijven
/folded pizza with tomato sauce, mozzarella, ham, mushrooms, artichoke, olives"
Ristorante Pizzeria La Sardegna,Pizza al Pollo,0.0,"Tomatensaus, mozzarella, kipfilet, aubergine, paprika, ui
/Tomato sauce, mozzarella, chicken, eggplant, bell pepper, onion"
Ristorante Pizzeria La Sardegna,Pizza al Pollo,15.0,"Tomatensaus, mozzarella, kipfilet, aubergine, paprika, ui
/Tomato sauce, mozzarella, chicken, eggplant, bell pepper, onion"
Carrefour Express Kemmelberg,Carrefour Bio Basilicum in pot,1.15,"Basilicum, of koningskruid, is onmisbaar in alle tomatengerechten. Het past uitstekend bij alle zuiderse gerechten zoals pastas en pizzas. Basilicum is ook erg lekker bij vis-en vleesgerechten en is het belangrijkste ingrediënt in de typische pesto. De blaadjes niet fijnhakken maar scheuren of knippen en pas op het einde van de bereiding toevoegen."
Carrefour Express Kemmelberg,Dr. Oetker Pizza Ristorante Mozzarella Gluten Free 370 g,8.19,"Lactose free*
*Lactosegehalte < 0.01 g / 100 g"
Carrefour Express Kemmelberg,Dr. Oetker La Margherita Classica 265 g,4.25,"Top je pizza heerlijk af met:
ham
parmezaan
rucola"
Carrefour Express Kemmelberg,Dr. Oetker Pizza Ristorante Pollo 355 g,4.59,Dr. Oetker Pizza Ristorante Pollo 355 g
Carrefour Express Kemmelberg,Dr. Oetker Pizza Ristorante Funghi 365 g,4.69,Dr. Oetker Pizza Ristorante Funghi 365 g
Mamma Roma ,Heat my pizza up,0.0,
Mamma Roma ,Patate al Tartufo SHARING,32.0,OUR SIGNATURE PIZZA!   Patate / Tartufo / Mozarella
Mamma Roma ,I want my pizza cold,0.0,
Mamma Roma ,Patate al Tartufo,6.5,OUR SIGNATURE PIZZA!   Patate / Tartufo / Mozarella
Mamma Roma ,Patate al Tartufo,0.0,OUR SIGNATURE PIZZA!   Patate / Tartufo / Mozarella
Pizza Hut,Duo menu,19.9,4 lookbroodjes of 4 chicken wings (normal) + 1 medium pizza naar keuze + 2 frisdranken 33cl
Pizza Hut,Quattro menu,32.9,"1 Cheezy Bread of 8 lookbroodjes of 8 chicken wings + 2 medium pizzas naar keuze + 1,5L Pepsi/Pepsi Max/7up"
Pizza Hut,The BOX,27.0,"1 Pizza Pan Large (of Medium Classic of Cheezy Crust (+1,80€)) + American Potatoes + 8 Chicken Croqs + 2 lookbroodjes + 4 Chicken Wings "
Pizza Hut,Pepper Pizza,18.0,"Dubbele portie rundvlees, tomatenblokjes, rode ui, pepersaus, tomatensaus, mozzarella

"
Pizza Hut,Falafel pizza,19.5,"Falafelballetjes, basilicumdressing, tomatenblokjes, peterselie, tomatensaus, violife vegan kaas"
Pizza Hut,Falafel pizza,24.5,"Falafelballetjes, basilicumdressing, tomatenblokjes, peterselie, tomatensaus, violife vegan kaas"
Pizza Hut,Pepper Pizza,18.0,
Pizza Hut,"Yes, I want chessy crust with my large pizza please",6.6,
Osteria45,Pizza Bufala,13.5,Tomaat en buffelmozzarella.
Pizza Pausa,Pizza margherita,11.0,Tomaat - Basilicum - Mozzarella Fior de Latte
Pizza Pausa,Pizza prosciutto,16.0,Tomaat - Italiaanse gerookte ham - Mozzarella Fior de Latte - Rucola
Pizza Pausa,Pizza salami,13.0,Tomaat - Pepperoni - Mozzarella Fior de Latte
Pizza Pausa,Pizza nonna,13.0,Tomaat - Champignons - Gekookte ham - Mozzarella Fior de Latte
Pizza Pausa,Pizza hawaï,13.0,Tomaat - Ham - Ananas - Mozzarella Fior de Latte
Pizza Pausa,Pizza Quattro Formaggi,14.0,Tomaat - Gorgonzola - Gruyère - Parmesan - Mozzarella Fior de Latte
Pizza Pausa,Pizza Burrata,15.0,Tomaat - Burrata - Mozzarella Fior de Latte - Rucola
Pizza Pausa,Pizza Verdura,15.0,Tomaat - Paprika - Aubergine - Champignons - Mozzarella Fior de Latte - Rucola
Carrefour Express Neder Over Heembeek,Dr. Oetker Pizza Ristorante Quattro Formaggi 340 g,4.15,Dr. Oetker Pizza Ristorante Quattro Formaggi 340 g
Carrefour Express Neder Over Heembeek,Heinz Tomato frito 350g (tomaten saus),1.11,"Heinz Tomato Frito is op traditionele wijze bereid, door de knoflook en ui 2.5 uur in olie te laten sudderen en daarna te mengen met zongerijpte tomaten voor een onweerstaanbare rijke smaak. Heinz Tomato Frito vormt een heerlijke tomatenbasis voor veel verschillende gerechten zoals in een pasta, lasagne, curry of op een pizzabodem."
Carrefour Express Neder Over Heembeek,Carrefour Classic' Pizzadeeg Dun en Rond 260 g,1.35,Carrefour Classic Pizzadeeg Dun en Rond 260 g
Carrefour Express Neder Over Heembeek,Carrefour Bio Basilicum in pot,1.15,"Basilicum, of koningskruid, is onmisbaar in alle tomatengerechten. Het past uitstekend bij alle zuiderse gerechten zoals pastas en pizzas. Basilicum is ook erg lekker bij vis-en vleesgerechten en is het belangrijkste ingrediënt in de typische pesto. De blaadjes niet fijnhakken maar scheuren of knippen en pas op het einde van de bereiding toevoegen."
Carrefour Express Neder Over Heembeek,Bruggeman Bakkersgist 42 g,0.25,"Ideaal voor uw brood, wafels, pizzas..."
Carrefour Express Neder Over Heembeek,Carrefour Bio Pizza Margherita Gebakken op Houtvuur 310 g,2.59,"Deze pizza is vervaardigd in Italië met ingrediënten afkomstig uit de biologische landbouw. De pizza is gemaakt met een deeg met extra olijfolie van eerste persing (2.5%), overdekt met een tomatensaus en mozzarella, vervolgens gebakken op houtvuur wat een unieke krokante en lekkere smaak geeft."
Carrefour Express Neder Over Heembeek,Dr. Oetker Casa di Mama Pizza Speciale 415 g,6.75,Dr. Oetker Casa di Mama Pizza Speciale 415 g
Carrefour Express Neder Over Heembeek,Dr. Oetker Pizza Ristorante Mozzarella 355 g,3.89,Dr. Oetker Pizza Ristorante Mozzarella 355 g
Carrefour Express Neder Over Heembeek,Dr. Oetker Pizza Ristorante Barbecue 340 g,6.25,Dr. Oetker Pizza Ristorante Barbecue 340 g
Carrefour Express Neder Over Heembeek,Dr. Oetker Pizza Ristorante Speciale 345 g,3.99,Dr. Oetker Pizza Ristorante Speciale 345 g
Carrefour Express Neder Over Heembeek,Dr. Oetker Pizza Ristorante Tonno 355 g,4.39,"Dr. Oetker gebruikt alleen Skipjack Tuna (Katsuwonus pelamis), deze diersoort wordt niet met uitsterven bedreigd."
Carrefour Express Neder Over Heembeek,Dr. Oetker Pizza Ristorante Salame 320 g,4.59,Dr. Oetker Pizza Ristorante Salame 320 g
Carrefour Express Neder Over Heembeek,Dr. Oetker Pizza Ristorante Prosciutto 340 g,4.59,Dr. Oetker Pizza Ristorante Prosciutto 340 g
Carrefour Express Neder Over Heembeek,Dr. Oetker Pizza Ristorante Bolognese e Formaggi 375 g,5.15,Dr. Oetker Pizza Ristorante Bolognese e Formaggi 375 g
Carrefour Express Neder Over Heembeek,Dr. Oetker La Margherita Classica 265 g,4.25,"Top je pizza heerlijk af met:
ham
parmezaan
rucola"
Carrefour Express Neder Over Heembeek,Dr. Oetker Pizza Ristorante Hawaii 355 g,3.95,Dr. Oetker Pizza Ristorante Hawaii 355 g
Carrefour Express Neder Over Heembeek,Dr. Oetker Pizza Ristorante Spinaci 390 g,3.79,Dr. Oetker Pizza Ristorante Spinaci 390 g
Carrefour Express Neder Over Heembeek,Carrefour Pizza Mozzarella Dunne Bodem 340 g,2.05,"De pizzas met dunne bodem van Carrefour verleiden u met hun krokante bodem. Heerlijk om alleen of met het gezin van te genieten als voor- of hoofdgerecht.
 
Deze pizza Mozzarella is sappig gegarneerd met:
Heerlijke sneetjes mozzarella
Lekkere kerstomaten"
Carrefour Express Neder Over Heembeek,Dr. Oetker Pizza Ristorante Pollo 355 g,4.59,Dr. Oetker Pizza Ristorante Pollo 355 g
Carrefour Express Neder Over Heembeek,Carrefour Extra 4 Stagioni 400 g,2.59,"De pizza 4 Stagioni is op steen gebakken. Hierdoor is het deeg krokant aan de buitenkant en mais binnenin. Ideaal als voor- of hoofdgerecht voor een etentje met familie of vrienden.

De pizza 4 Stagioni is een unieke combinatie van: 
Lekkere spinazie
Uienringen
Paprikas om het geheel pittiger te maken
In fijne plakjes gesneden Parijse champignons."
Carrefour Express Neder Over Heembeek,Dr. Oetker Pizza Ristorante Funghi 365 g,4.69,Dr. Oetker Pizza Ristorante Funghi 365 g
Civiltá del Bere,Schiacciata,4.5,Pizzabrood met rozemarijn en grof zout
Café Luca,pizza Margherita,10.5,Pizza met tomaten en mozzerella
Café Luca,Pizza Napoli,12.0,"Pizza met tomatensaus, mozzarella, kappertjes en ansjovis"
Café Luca,Pizza Capricciosa,15.5,"pizza met tomatensaus, ham, champignons, mozzarella en artisjokken"
Café Luca,Pizza Quattro Stagioni,16.0,"Pizza met tomatensaus, mozzarella, ham, champignons, olijven en artisjokken"
Café Luca,Pizza Bresaola,17.0,"Pizza met tomatensaus, mozzarella, bresaola (kalfsvlees), parmezaanse kaas"
Café Luca,Pizza Crudaiola,13.5,"Pizza met verse tomaten, mozzarella, olijven en rucola"
Café Luca,Pizza Quatro Fromaggi,16.0,"Pizza met tomatensaus en een assortiment van kaas (mozzarella, brie, gorganzola, parmizaanse kaas)"
Café Luca,Pizza Parma,15.5,"Pizza met tomatensaus, mozzarella, parmaham, rucolla en parmezaanse kaas"
Café Luca,Pizza Salmone,17.0,"Pizza (wit) met mozzarella, rode ui, zwarte peper en zalm"
Café Luca,Pizza Calabrese,15.0,"Pizza met tomatensaus, mozzarella, olijven, ajuin en pikante salami"
Café Luca,Pizza Frutti di Mare,18.0,"Pizza met tomatensaus, mozzarella en  verse zeevruchten (scampi, mosselen, vongole)"
Café Luca,Pizza Genovese,15.5,"Pizza met tomatensaus, mozzarella, pesto en courgettes"
Café Luca,Pizza Vegetariana,15.0,"Pizza met tomatensaus, mozzarella, paprika, courget en aubergine groenten"
Café Luca,pizza Carpaccio,18.0,"Pizza (wit) met rundsvlees, rucola, zwarte peper, olijfolie en parmezaanse kaas"
Café Luca,Pizza Hawai,15.0,"Pizza met tomatensaus, mozzarella, ham en ananas"
Café Luca,Pizza Luca,16.0,"Pizza met tomatensaus, mozzarella, gorgonzola en pikante salami"
Café Luca,Pizza Mare e Monti,17.0,"Pizza met tomatensaus, mozzarella, scampi, ham, champignons en olijven"
Café Luca,Pizza Calzone,16.0,"Pizza met tomatensaus, mozzarella, ham, champignons gevuld en dubbelgevouwen"
Café Luca,pizza tonijn,16.0,pizza met tomatensaus mozzarella en tonijn
YUUUM Bonaparte,BIFI Pizza XXL 75g,3.1,
Carrefour Express Anselmo,Dr. Oetker Pizza Ristorante Quattro Formaggi 340 g,4.25,Dr. Oetker Pizza Ristorante Quattro Formaggi 340 g
Carrefour Express Anselmo,HERTA Pizzadeeg Dun Rond 260 g,4.19,"Herta® Fijn en Rond Pizzadeeg, de klassieke ronde pizza wordt bereid met echt bakkersgist waardoor deze tijdens het koken zachtjes kan rijzen. Voeg gewoon uw favoriete verse ingrediënten toe aan het deeg voor een smakelijke, dunne en knapperige pizza in slechts enkele minuten! Trakteer uzelf!"
Carrefour Express Anselmo,Carrefour Classic' Pizzadeeg Dun en Rond 260 g,1.35,Carrefour Classic Pizzadeeg Dun en Rond 260 g
Carrefour Express Anselmo,Heinz Tomato frito 350g (tomaten saus),1.11,"Heinz Tomato Frito is op traditionele wijze bereid, door de knoflook en ui 2.5 uur in olie te laten sudderen en daarna te mengen met zongerijpte tomaten voor een onweerstaanbare rijke smaak. Heinz Tomato Frito vormt een heerlijke tomatenbasis voor veel verschillende gerechten zoals in een pasta, lasagne, curry of op een pizzabodem."
Carrefour Express Anselmo,Carrefour Bio Basilicum in pot,1.15,"Basilicum, of koningskruid, is onmisbaar in alle tomatengerechten. Het past uitstekend bij alle zuiderse gerechten zoals pastas en pizzas. Basilicum is ook erg lekker bij vis-en vleesgerechten en is het belangrijkste ingrediënt in de typische pesto. De blaadjes niet fijnhakken maar scheuren of knippen en pas op het einde van de bereiding toevoegen."
Carrefour Express Anselmo,Carrefour Bio Pizza Margherita Gebakken op Houtvuur 310 g,2.59,"Deze pizza is vervaardigd in Italië met ingrediënten afkomstig uit de biologische landbouw. De pizza is gemaakt met een deeg met extra olijfolie van eerste persing (2.5%), overdekt met een tomatensaus en mozzarella, vervolgens gebakken op houtvuur wat een unieke krokante en lekkere smaak geeft."
Carrefour Express Anselmo,Dr. Oetker Pizza Ristorante Hawaii 355 g,4.25,Dr. Oetker Pizza Ristorante Hawaii 355 g
Carrefour Express Anselmo,Carrefour Extra 4 Stagioni 400 g,2.59,"De pizza 4 Stagioni is op steen gebakken. Hierdoor is het deeg krokant aan de buitenkant en mais binnenin. Ideaal als voor- of hoofdgerecht voor een etentje met familie of vrienden.

De pizza 4 Stagioni is een unieke combinatie van: 
Lekkere spinazie
Uienringen
Paprikas om het geheel pittiger te maken
In fijne plakjes gesneden Parijse champignons."
Carrefour Express Anselmo,Dr. Oetker La Margherita Classica 265 g,4.25,"Top je pizza heerlijk af met:
ham
parmezaan
rucola"
Carrefour Express Anselmo,Dr. Oetker Pizza Ristorante Spinaci 390 g,3.79,Dr. Oetker Pizza Ristorante Spinaci 390 g
Carrefour Express Anselmo,Come a Casa Pizza Bolognese 350 g,3.59,Come a Casa Pizza Bolognese 350 g
Carlito's Piazza,Escalope Pizzaiola,24.0,
Pizza Hut,Duo menu,19.9,4 lookbroodjes of 4 chicken wings (normal) + 1 medium pizza naar keuze + 2 frisdranken 33cl
Pizza Hut,Quattro menu,32.9,"1 Cheezy Bread of 8 lookbroodjes of 8 chicken wings + 2 medium pizzas naar keuze + 1,5L Pepsi/Pepsi Max/7up"
Pizza Hut,The BOX,27.0,"1 Pizza Pan Large (of Medium Classic of Cheezy Crust (+1,80€)) + American Potatoes + 8 Chicken Croqs + 2 lookbroodjes + 4 Chicken Wings "
Pizza Hut,Pepper Pizza,18.0,"Dubbele portie rundvlees, tomatenblokjes, rode ui, pepersaus, tomatensaus, mozzarella

"
Pizza Hut,Falafel pizza,19.5,"Falafelballetjes, basilicumdressing, tomatenblokjes, peterselie, tomatensaus, violife vegan kaas"
Pizza Hut,Falafel pizza,24.5,"Falafelballetjes, basilicumdressing, tomatenblokjes, peterselie, tomatensaus, violife vegan kaas"
Pizza Hut,Pepper Pizza,18.0,
Pizza Hut,"Yes, I want chessy crust with my large pizza please",6.6,
V pizza,Blueberry cheesecake pizza,15.0,
V pizza,Pizza margherita ,12.5,
V pizza,Pizza vesuvio,14.5,
V pizza,Pizza capricciosah,15.0,
V pizza,Pizza shiitake & herbs,13.5,
V pizza,Pizza spicy salami,15.5,
V pizza,Pizza greek-ish chicken,15.5,
V pizza,Pizza n’duja,16.5,
V pizza,Pizza burrata,17.0,
V pizza,Pizza my favorite beet,16.0,
Pizza Service,Basis pizza small,10.95,
Pizza Service,Classic pizza bodem,0.0,
Pizza Service,Classic pizza bodem,0.0,
Pizza Service,Pizza menu 1,14.95,"1 medium pizza + 1 voorgerecht + 1 frisdrank, 1 bon per bestelling, per dag en niet verenigbaar met andere kortingen"
Pizza Service,Classic pizza bodem,0.0,
Pizza Service,Pizza menu 2,20.95,"1 large pizza + 1 voorgerecht + 2 blikjes frisdrank naar keuze, 1 bon per bestelling, per dag en niet verenigbaar met andere kortingen"
Pizza Service,Thin crust pizza bodem,0.0,
Pizza Service,Thin crust pizza bodem,0.0,
Pizza Service,Thin crust pizza bodem,0.0,
Pizza Service,Basis pizza medium,11.95,
Pizza Service,Basis pizza large,15.95,
Pizza Service,Pizza menu 3,26.95,"2 medium pizzas + 1 voorgerecht + 2 blikjes frisdrank naar keuze, 1 bon per bestelling, per dag en niet verenigbaar met andere kortingen"
Pizza Service,Pizza pitza,10.95,"Shoarmavlees, paprika met potje looksaus."
Pizza Service,Pizza pitza,16.95,"Kip en paprika, met potje currysaus."
Pizza Service,Pizza pitza,0.0,
Pizza Service,Pizza pitza,12.95,Shoarmavlees en paprika met potje looksaus.
Pizza Service,Pizza pitza,0.0,
Pizza Service,Calzone,16.95,"Dubbelgevouwen pizza met bolognesesaus, ham, salami, paprika en champignons."
Pizza Service,Calzone,12.95,"Dubbelgevouwen pizza met bolognesesaus, ham, salami, paprika en champignons."
Pizza Service,Calzone,10.95,"Dubbelgevouwen pizza met bolognesesaus, ham, salami, paprika en champignons."
Il Girasole - Evere,Calzone classico (closed pizza),13.5,"Tomato, mozzarella, ham, mushrooms"
Il Girasole - Evere,Couper la pizza,0.0,
Il Girasole - Evere,Calzone napoletano (closed pizza),14.0,"Tomato, mozzarella, hot salami, ricotta cheese"
Il Girasole - Evere,Calzone verde (closed pizza),14.5,"Tomato, mozzarella, spinach, ricotta cheese, parmesan cheese"
Il Girasole - Evere,Calzone contadino (closed pizza),15.0,"Tomato, mozzarella cheese, mushrooms, onions, goat cheese, egg"
L'Ilot To Go,"Bagel pizza, peperoni, tomaat, mozzarella",4.0,
ARTIGIANO Cucina Italiana,Pizza tonno,14.5,Tonijn en ui
ARTIGIANO Cucina Italiana,Mare e monti,21.0,"Witte pizza met scampi, paddenstoelen en truffelcrème"
Cuore Di Puglia,Pizza Margherita,13.5,"Tomatensaus, mozzarella."
Cuore Di Puglia,Pizza Margherita,10.5,"Tomatensaus, mozzarella."
Cuore Di Puglia,Pizza Bruschetta,13.5,Verse tomaatjes in olijfolie met basilicum en look.
Cuore Di Puglia,Pizza Napoli,14.5,"Tomatensaus, mozzarella, ansjovis, kappertjes."
Cuore Di Puglia,Pizza Caprese,14.0,"Verse mozzarella, verse tomaatjes en basilicum."
Cuore Di Puglia,Pizza Prosciutto,11.0,"Tomatensaus, mozzarella, ham."
Cuore Di Puglia,Pizza Salame,15.5,"Tomatensaus, mozzarella, salami."
Cuore Di Puglia,Pizza Stracciatella,18.5,Romige mozzarella met verse tomaatjes en basilicum.
Cuore Di Puglia,Pizza Funghi,11.0,"Tomatensaus, mozzarella, champignons."
Cuore Di Puglia,Pizza Salame,11.0,"Tomatensaus, mozzarella, salami."
Cuore Di Puglia,Pizza Tirolese,20.0,"Mozzarella, spek, ricotta, champignons."
Cuore Di Puglia,Pizza Prosciutto,15.5,"Tomatensaus, mozzarella, ham."
Cuore Di Puglia,Pizza Vegetariana,17.5,"Tomatensaus, mozzarella, verschillende verse groentjes."
Cuore Di Puglia,Pizza Pesto,20.0,"Mozzarella, pesto, parmaham, rucola."
Cuore Di Puglia,Pizza Hawai,17.5,"Tomatensaus, mozzarella, ham, ananas."
Cuore Di Puglia,Pizza Affumicata,20.0,"Gerookte scammorza, spinazie, Parmezaanse kaas."
Cuore Di Puglia,Pizza Bianca Rossa,20.0,"Mozzarella, verse kerstomaatjes, pancetta, taleggio, rucola."
Cuore Di Puglia,Pizza Bufalina,18.0,"Tomatensaus, buffelmozzarella, tomaatjes, rucola."
Cuore Di Puglia,Pizza Mortadella,20.0,"Stracciatella, mortadella, pistacchio, rucola."
Cuore Di Puglia,Pizza Pancetta,17.5,"Tomatensaus, Italiaans spek."
Cuore Di Puglia,Pizza Calzone,18.0,"Gesloten pizza met tomatensaus, mozzarella, ham."
Cuore Di Puglia,Pizza Capricciosa,18.0,"Tomatensaus, mozzarella, ham, champignons."
Cuore Di Puglia,Pizza Salmone,19.0,"Tomatensaus, mozzarella, zalm, rode ui."
Cuore Di Puglia,Pizza 4 Formaggi,18.5,"Tomatensaus, 4 verschillende kazen."
Cuore Di Puglia,Pizza Calabrese,18.5,"Tomatensaus, mozzarella, pikante salami, paprika."
Cuore Di Puglia,Pizza 4 Stagioni,18.5,"Tomatensaus, mozzarella, ham, artisjokken, champignons, olijven."
Cuore Di Puglia,Pizza Tonno,18.5,"Tomatensaus, mozzarella, tonijn, rode ui."
Cuore Di Puglia,Pizza Frutti Di Mare,19.5,"Tomatensaus, mozzarella, zeevruchten."
Cuore Di Puglia,Pizza Carpaccio,20.5,"Tomatensaus, mozzarella, rucola, rundscarpaccio, Parmezaanse kaas."
Cuore Di Puglia,Pizza Parma,20.0,"Tomatensaus, mozzarella, parmaham."
Cuore Di Puglia,Pizza Bresaola,20.0,"Tomatensaus, mozzarella, bresaola, rucola."
Cuore Di Puglia,Pizza Cuore Di Puglia,21.0,"Tomatensaus, parmaham, gorgonzola."
Cuore Di Puglia,Pizza Carpaccio & Burrata,21.5,"Tomatensaus, rundscarpaccio, burrata."
Steakhouse pizzaria Amsterdam,Pizza,0.0,
Steakhouse pizzaria Amsterdam,Pizza half/half ,9.99,Kun je niet kiezen? kies dan twee smaken
Steakhouse pizzaria Amsterdam,Pizza all round ,10.99,Kies je eigen ingrediënten
Ada Pizza,Turkse pizza met special & gehakt ,8.0,"Gebakken champignons, ui, paprika"
Ada Pizza,"Turkse pizza met special, gehakt & ei ",8.5,"Gebakken champignons, ui, paprika"
Ada Pizza,Turkse pizza met kaas ,7.0,
Ada Pizza,"Turkse pizza met special, gehakt & kaas ",8.5,"Gebakken champignons, ui, paprika"
Ada Pizza,Pizza kebap ,9.0,"Tomatensaus, kaas, kebap"
Ada Pizza,Pizza shoarma ,9.5,"Tomatensaus, kaas, shoarma"
Ada Pizza,Pizza cocktail ,10.5,"Tomatensaus, kaas, kebap, kip, ui, champignons"
Ada Pizza,Pizza ada ,12.0,"Tomatensaus, kaas, kip, kebap, ui, champignons, paprika en olijven"
Ada Pizza,Pizza mardin ,9.5,"Tomatensaus, kaas, speciaal gekruid gehakt"
Casa del Popolo,Pizza Margherita,12.0,"Tomaat, mozzarella en basilicum"
Casa del Popolo,Pizza Prosciutto,13.0,"Parmaham, tomaat , mozzarella en basilicum"
Casa del Popolo,Pizza Veggie,13.0,"Tomaat, mozzarella, artisjok, olijven en gedroogde tomaten"
Casa del Popolo,Pizza al Salmone,14.0,"Mozzarella, zalm, rucola"
Casa del Popolo,Pizza al Salame,13.0,"Tomaat, Mozzarella, salami"
Casa del Popolo,Pizza al Pesto,13.0,Tomaat en mozzarella en pesto saus
Casa del Popolo,Pizza al Tartufo,13.0,"Tomaat, mozzarella champignons en truffelsaus"
Casa del Popolo,Pizza Capricciosa,14.0,"Tomaat, mozzarella, hesp, champignons"
Casa del Popolo,pizza prosciutto,14.0,"tomaat, mozarella, parma ham"
Grill&service,Pizza pepperoni,9.0,Salami en jalapenos.
Grill&service,Pizza Margherita,9.0,"Tomatensaus, kaas."
Grill&service,Pizza funghi,9.0,Champignons.
Grill&service,Pizza quattro stagioni,9.0,"Salami, ham, paprika, champignons."
Grill&service,Pizza quattro formaggi,9.0,"Gorgonzola, feta, jonge kaas."
Grill&service,Pizza BBB chicken,9.0,"Kip, ajuin, paprika, maïs, barbecuesaus."
Grill&service,Pizza pollo,9.0,"Kip, ajuin, paprika."
Grill&service,Pizza döner kebab,9.0,"Kebab, ui paprika."
Grill&service,Pizza Hawaï,9.0,Ham en ananas.
Grill&service,Pizza hot barbecue chicken,9.0,"Kip, ui, paprika, jalapenos en barbecuesaus."
Pizza Italia (Dendermonde),Kindermenu pizza,9.9,"bambino margherita, dessert, drankje (+1.60) en speelgoedje"
Pizza Italia (Dendermonde),Pizza niet snijden,0.0,
Pizza Italia (Dendermonde),Pizza wel snijden,0.0,
Pizza Italia (Dendermonde),Hot pizza sauce,0.0,
Pizza Italia (Dendermonde),Margherita,7.5,"basispizza : mozzarella en tomatensaus, kruiden (ligt op iedere pizza)"
Pizza Italia (Dendermonde),Margherita,11.3,"basispizza : mozzarella en tomatensaus, kruiden (ligt op iedere pizza)"
Pizza Italia (Dendermonde),Margherita,11.3,"basispizza : mozzarella en tomatensaus, kruiden (ligt op iedere pizza)"
Pizza Italia (Dendermonde),Margherita,4.6,"basispizza : mozzarella en tomatensaus, kruiden (ligt op iedere pizza)"
Pizza Italia (Dendermonde),Q. Formaggi,5.8,"pizzakaas, emmenthal, parmesan en gorgonzolla"
Pizza Italia (Dendermonde),Q. Formaggi,10.5,"pizzakaas, emmenthal, parmesan en gorgonzolla"
Pizza Italia (Dendermonde),Q. Formaggi,16.2,"pizzakaas, emmenthal, parmesan en gorgonzolla"
Pizza Italia (Dendermonde),Q. Formaggi,16.2,"pizzakaas, emmenthal, parmesan en gorgonzolla"
Pizza Italia (Dendermonde),Pizzakaas,1.0,
Pizza Italia (Dendermonde),Pizzakaas,1.7,
Chez Giovanni,Pizza Carpaccio,23.0,"Sauce tomate 100% italienne, carpaccio de bœuf, mozzarella di bufala, tomates cerises, copeaux de Parmigiano-Reggiano, roquette fraiche."
Chez Giovanni,Pizza Parmigiana,21.0,"Sauce tomate 100% italienne, aubergine, scarmoza fumée, ail, copeaux de Parmigiano-Reggiano, feuilles de roquette fraiche."
Chez Giovanni,Pizza Burratina,22.0,"Sauce tomate 100% italienne, burrata, tomates cerises, feuilles de Basilic et de roquette fraiche."
Chez Giovanni,Pizza Scampis Tartufata,23.0,"Pizza blanche, tartufata, mozzarella di bufala, scampis, champignons des bois"
Chez Giovanni,Pizza Polpo,22.0,"Sauce tomate 100% italienne, mozzarella di bufala, poulpe, ail, feuilles de roquette fraiche."
Chez Giovanni,Pizza Saint-Jacques,25.0,"Pizza blanche, crème à la truffe, mozzarella di bufala, champignons des bois et champignons de Paris, noix de Saint-Jacques."
Chez Giovanni,Pizza Burrata et légumes grillés,23.0,"Sauce tomate 100% italienne, mozzarella di bufala,
courgette, aubergine, tomates cerises, burrata, feuilles de basilic fraiche."
Chez Giovanni,Pizza du chef,13.0,Selon les saisons et lhumeur du chef...
Chez Giovanni,Pizza tito,15.0,"Salami, jambon, pancetta, jambon de parme et œufs."
Pizzeria Acqua e Farina,Pizza Fungi,12.0,"Tomate, mozzarella et champignons"
Pizzeria Acqua e Farina,Pizza proscuitto,12.0,"Tomate, mozarella et jambon"
Pizzeria Acqua e Farina,Pizza Napoletana,12.5,"Tomate, mozzarella, anchois, olives, câpres et origan. "
Pizzeria Acqua e Farina,Pizza Calabrese,12.5,"Tomate, mozzarella, salami piquant et poivrons"
Pizzeria Acqua e Farina,Pizza Rucola et Parma,16.0,"Tomate, mozzarella, legumes frais, jambon de parme, roquette et parmesan"
Pizzeria Acqua e Farina,Pizza Occhio Magico,12.0,"Tomate, mozzarella, oignons et oeufs"
Pizzeria Acqua e Farina,Pizza vegetariana,16.0,"Tomate, mozzarella, légumes frais et parmesan"
Pizzeria Acqua e Farina,Pizza capricciosa,16.0,"Tomate, mozzarella, anchois, champignons et olives"
Pizzeria Acqua e Farina,Pizza Hawaï,12.0,"Tomate, mozzarella, jambon et origan"
Pizzeria Acqua e Farina,Pizza 4 fromaggi,14.0,"Tomate, mozzarella, parmesan, taleggio et gorgonzola"
Pizzeria Acqua e Farina,Pizza 4 Stagioni,15.0,"Tomate, mozzarella, jambon cuit, artichauts, olives et champignons"
Pizzeria Acqua e Farina,Pizza Parmiginana,12.5,"Tomate, mozzarella, aubergines, parmesan et basilic"
Pizzeria Acqua e Farina,Pizza bufalina,15.5,"Tomate, mozzarella fraîche et basilic"
Pizzeria Acqua e Farina,Pizza patatosa,14.5,"Tomate, mozzarella, pomme de terre, ricotta, ail et romarin. "
Pizzeria Acqua e Farina,Pizza marinara,10.0,"Tomate, ail et persil"
Pizzeria Acqua e Farina,Pizza Napoletana,13.0,
Pizzeria Acqua e Farina,Pizza Calzone Farcito (pizza fermée),14.5,"Tomate, mozzarella, champignons, artichauts et jambon"
Pizzeria Acqua e Farina,Pizza Tonno e Cipolla,14.5,"Tomate, mozzarella, thon, oignons et origan"
Pizzeria Acqua e Farina,Pizza Adriatica,14.5,
Pizzeria Acqua e Farina,Pizza Frutti di Mare,17.0,"Tomate, mozzarella et fruits de mer"
Pizzeria Acqua e Farina,Pizza Salmone Affumicato,14.5,"Crème fraîche, mozzarella et saumon"
Pizzeria Acqua e Farina,Pizza Carbonara,13.0,"Tomate, mozzarella, oeufs et lardons"
Pizzeria Acqua e Farina,Pizza Calzone liscio (pizza fermée),12.5,"Tomate, mozzarella et jambon cuit"
Pizzeria Acqua e Farina,Pizza Place de Mai,16.0,"Tomate, mozzarella, salami, gorgonzola et copeaux de parmesan"
Pizzeria Acqua e Farina,Pizza brianzola,15.5,"Tomate, mozzarella, saucisse, pancetta et oignons"
Pizzeria Acqua e Farina,Pizza calamari,15.5,"Tomate, mozzarella, calamars et ail"
Pizzeria Acqua e Farina,Pizza rustica,15.5,"Tomate, mozzarella, gorgonzola, thon, courgettes et poivrons"
Pizzeria Acqua e Farina,Pizza Calzone Mare,17.0,"Tomate, mozzarella et fruits de mer"
Pizzeria Acqua e Farina,Pizza Palermo,13.0,"Tomate, mozzarella, thon, câpres, olives et poivrons"
Pizzeria Acqua e Farina,Pizza Regina,14.5,"Tomate, mozzarella, jambon et champignons"
Pizzeria Acqua e Farina,Pizza vesuvio,17.0,"Tomate, mozzarella, salami doux, saucisse et ricotta"
Pizzeria Acqua e Farina,Pizza Bresaola,17.0,
Carrefour Express Aalst,HERTA Pizzadeeg Dun Rond 260 g,4.25,"Herta® Fijn en Rond Pizzadeeg, de klassieke ronde pizza wordt bereid met echt bakkersgist waardoor deze tijdens het koken zachtjes kan rijzen. Voeg gewoon uw favoriete verse ingrediënten toe aan het deeg voor een smakelijke, dunne en knapperige pizza in slechts enkele minuten! Trakteer uzelf!"
Carrefour Express Aalst,Dr. Oetker Pizza Ristorante Quattro Formaggi 340 g,4.15,Dr. Oetker Pizza Ristorante Quattro Formaggi 340 g
Carrefour Express Aalst,Bruggeman Bakkersgist 42 g,0.25,"Ideaal voor uw brood, wafels, pizzas..."
Carrefour Express Aalst,Carrefour Bio Basilicum in pot,1.15,"Basilicum, of koningskruid, is onmisbaar in alle tomatengerechten. Het past uitstekend bij alle zuiderse gerechten zoals pastas en pizzas. Basilicum is ook erg lekker bij vis-en vleesgerechten en is het belangrijkste ingrediënt in de typische pesto. De blaadjes niet fijnhakken maar scheuren of knippen en pas op het einde van de bereiding toevoegen."
Carrefour Express Aalst,Dr. Oetker Pizza Ristorante Mozzarella 355 g,3.89,Dr. Oetker Pizza Ristorante Mozzarella 355 g
Carrefour Express Aalst,Dr. Oetker Pizza Ristorante Barbecue 340 g,6.25,Dr. Oetker Pizza Ristorante Barbecue 340 g
Carrefour Express Aalst,Dr. Oetker Pizza Ristorante Speciale 345 g,3.99,Dr. Oetker Pizza Ristorante Speciale 345 g
Carrefour Express Aalst,Dr. Oetker Pizza Ristorante Bolognese e Formaggi 375 g,5.15,Dr. Oetker Pizza Ristorante Bolognese e Formaggi 375 g
Carrefour Express Aalst,Dr. Oetker La Margherita Classica 265 g,4.25,"Top je pizza heerlijk af met:
ham
parmezaan
rucola"
Carrefour Express Aalst,Dr. Oetker Pizza Ristorante Hawaii 355 g,3.95,Dr. Oetker Pizza Ristorante Hawaii 355 g
Carrefour Express Aalst,Dr. Oetker Pizza Ristorante Spinaci 390 g,3.79,Dr. Oetker Pizza Ristorante Spinaci 390 g
Carrefour Express Aalst,Carrefour Pizza Mozzarella Dunne Bodem 340 g,2.05,"De pizzas met dunne bodem van Carrefour verleiden u met hun krokante bodem. Heerlijk om alleen of met het gezin van te genieten als voor- of hoofdgerecht.
 
Deze pizza Mozzarella is sappig gegarneerd met:
Heerlijke sneetjes mozzarella
Lekkere kerstomaten"
Librairie Laeken,Pizza Dr Oetker 4 Fromages,6.7,
Librairie Laeken,Pizza Dr Oetker Mozzarella,6.5,
Librairie Laeken,Pizza Dr Oetker Pollo,6.7,
Librairie Laeken,Pizza Dr Oetker Tonno,6.7,
Librairie Laeken,Pizza Dr Oetker Speciale,6.7,
Librairie Laeken,Pizza Dr Oetker Salami,6.7,
Pizza Roma Ghent,Margerita,9.95,"Pizzasaus, pizzakaas, mozzarella, oregano"
Pizza Roma Ghent,Exotic,10.95,"Pizzasaus, pizzakaas, kip, ananas, oregano"
Pizza Roma Ghent,Funghi,10.95,"Pizzasaus, pizzakaas, dubbel verse champignons,
oregano"
Pizza Roma Ghent,Prosciutto,10.95,"Pizzasaus, pizzakaas, dubbel ham, oregano"
Pizza Roma Ghent,Peperoni Lovers,10.95,"Pizzasaus, pizza kaas, dubbel peperoni, jalapeños"
Pizza Roma Ghent,Capricciosa,11.95,"Pizzasaus, pizzakaas, ham, champignons, dubbel kaas,
oregano"
Pizza Roma Ghent,Four Cheeses,11.95,"Pizzasaus, pizzakaas, gorgonzola, mozzarella, feta, extra
kaas"
Pizza Roma Ghent,Four Seasons,11.95,"Pizzasaus, pizzakaas, ham, salami, champignon, paprika"
Pizza Roma Ghent,King,11.95,"Pizzasaus, pizzakaas, ajuin, champignon, gegrilde kip,
jalapeños, potje saus naar keuze"
Pizza Roma Ghent,Hawaii,11.95,"Pizzasaus, pizzakaas, ham, kip, ananas"
Pizza Roma Ghent,Hot Pizzaah,11.95,"Pizzasaus, pizzakaas, chorizo (pikante salami), ajuin,
gehakt, jalapeños"
Pizza Roma Ghent,Calzone,11.95,"Dubbelgevouwen pizza, pizzakaas, ham, salami,
champignon, paprika, bolognesesaus"
Pizza Roma Ghent,Calzone Chicken,11.95,"Dubbelgevouwen pizza, pizzakaas, gekruide kip,
champignon, paprika, feta, pizzasaus + dipsaus"
Pizza Roma Ghent,Calzone Kebab,11.95,"Dubbelgevouwen pizza, pizzakaas, döner kebab-vlees,
ui, tomaten, mais"
Pizza Roma Ghent,Döner Kebab,11.95,"Pizzasaus, pizzakaas, ajuin, döner kebab-vlees, look,
potje looksaus"
Pizza Roma Ghent,Pizza Pitta,11.95,"Pizzasaus, pizzakaas, speciaal pittavlees (shoarma),
oregano, potje looksaus"
Pizza Roma Ghent,Spinazie,11.95,"Pizzasaus, pizzakaas, extra spinazie, room, potje
looksaus"
Pizza Roma Ghent,pizzakaas,1.2,
Pizza Roma Ghent,pizzakaas,1.2,
Pizza Roma Ghent,Cream Dream,11.95,"Pizzakaas, spek reepjes, room, ajuin, look"
Pizza Roma Ghent,pizzakaas,1.0,
Pizza Roma Ghent,Tabasco Pizza,11.95,"Pizzakaas, chorizo (pikante salami), ajuin, champignon,
paprika, tabasco"
Pizza Roma Ghent,Bolognese De Luxe,11.95,"Bolognesesaus, pizzakaas, ajuin, look, extra gehakt"
Pizza Roma Ghent,Vegetariano,12.95,"Pizzasaus, pizzakaas, ajuin, champignon, paprika,
tomaten, olijven, artisjokken"
Pizza Roma Ghent,Zeevruchten,12.95,"Pizzasaus, pizzakaas, tonijn, mosselen, calamari,
garnalen"
Pizza Roma Ghent,Quattro Stella,12.95,"Pizzakaas, roomsaus, gerookte zalm, kappertjes, ui"
Pizza Roma Ghent,Barbecue,12.95,"Pizzasaus, pizzakaas, ham, salami, kip, spek, gehakt,
potje BBQ-saus"
Pizza Roma Ghent,Chicken Barbecue,12.95,"Chicken BBQ-saus, pizzakaas, ajuin, paprika, gegrilde
kip, potje looksaus"
Pizza Roma Ghent,Double Tasty (50/50),12.95,1 pizza - 2 smaken naar keuze
Pizza Roma Ghent,Curry Chicken,12.95,"Room, gegrilde kip, ajuin, heerlijke currysaus, pizzakaas"
Pizza Roma Ghent,Burger Pizza,12.95,"Burgersaus, pizzakaas, rode ajuin, tomaten,
hamburgervlees"
Vivo Brugge,Pizza Bambino,7.0,"Tomatensaus, mozzarella, pepperoni."
pizza overpoort,Pizza pollo,11.0,"Tomatensaus, kaas, kip, mozzarella"
pizza overpoort,Pizza pollo 33 cm,14.0,"Tomatensaus, kaas, kip, mozzarella"
pizza overpoort,Pizza overpoort 33 cm,15.0,"Tomatensaus, kaas, pepperoni, gehakt, pepers, kebapvlees, extra kaas"
pizza overpoort,Pizza overpoort,13.0,"Tomatensaus, kaas, pepperoni, gehakt, pepers, kebapvlees, extra kaas"
pizza overpoort,Hot pizza,14.0,"Tomatensaus, kaas, pepperoni, ui, p. pepers, gehakt, mozzarella"
pizza overpoort,Hot pizza 33 cm,16.0,"Tomatensaus, kaas, pepperoni, ui, p. pepers, gehakt, mozzarella"
pizza overpoort,Pizza milano,16.0,"Tomatensaus, kaas, ui, champignons, paprika, olijven, look, kip, pepers, mozzarella"
pizza overpoort,Pizza mix 33 cm,17.0,"Tomatensaus, kaas, ham, salami, gehakt, ui, champignons, paprika"
pizza overpoort,Pizza mix,15.0,"Tomatensaus, kaas, ham, salami, gehakt, ui, champignons, paprika"
pizza overpoort,Pizza milano 33 cm,18.0,"Tomatensaus, kaas, ui, champignons, paprika, olijven, look, kip, pepers, mozzarella"
Kapsalon ,Kapsalon BBQ Chicken,8.5,De populairste pizza nu ook in Kapsalon.
Kapsalon ,Kapsalon Hawai,8.5,Fan van de pizza? Dan wordt je zot van deze kapsalon!
PizzaMatic Kortrijk,Pizza Kebab,13.0,"Crèmebodem, Rode ui, Kersttomaat, Kip(Halal)"
Sid's,Pizzabaguette,4.9,
Pizza Hut,Duo menu,19.9,4 lookbroodjes of 4 chicken wings (normal) + 1 medium pizza naar keuze + 2 frisdranken 33cl
Pizza Hut,Quattro menu,32.9,"1 Cheezy Bread of 8 lookbroodjes of 8 chicken wings + 2 medium pizzas naar keuze + 1,5L Pepsi/Pepsi Max/7up"
Pizza Hut,The BOX,27.0,"1 Pizza Pan Large (of Medium Classic of Cheezy Crust (+1,80€)) + American Potatoes + 8 Chicken Croqs + 2 lookbroodjes + 4 Chicken Wings "
Pizza Hut,Pepper Pizza,18.0,"Dubbele portie rundvlees, tomatenblokjes, rode ui, pepersaus, tomatensaus, mozzarella

"
Pizza Hut,Falafel pizza,19.5,"Falafelballetjes, basilicumdressing, tomatenblokjes, peterselie, tomatensaus, violife vegan kaas"
Pizza Hut,Falafel pizza,24.5,"Falafelballetjes, basilicumdressing, tomatenblokjes, peterselie, tomatensaus, violife vegan kaas"
Pizza Hut,Pepper Pizza,18.0,
Pizza Hut,"Yes, I want chessy crust with my large pizza please",6.6,
Pizza Mia Ghent,Pizzasaus ,0.0,
Pizza Mia Ghent,Margarita (large) ,11.5,"Pizzasaus, kaas en mozzarella"
Pizza Mia Ghent,Funghi (large) ,13.0,"Pizzasaus, kaas en champignons"
Pizza Mia Ghent,Spinaci (large) ,13.5,"Pizzasaus, fetakaas en spinazie"
Pizza Mia Ghent,Pollo (large) ,13.5,"Pizzasaus, kaas, gegrilde kip, paprika en ui"
Pizza Mia Ghent,Exotic (large) ,13.5,"Pizzasaus, gegrilde kip, ananas"
Pizza Mia Ghent,Pita (large),13.5,"Pizzasaus, kaas, vers gesneden pita vlees en een potje looksaus"
Pizza Mia Ghent,Merguez (large),14.5,"Pizzasaus, kaas, merguez, ui en paprika"
Pizza Mia Ghent,Merguez à la mia (large),14.5,"Pizzasaus, kaas, pikante salami, pikante pepers, paprika, ui merguez"
Pizza Mia Ghent,Hot hot pizza (large) ,14.5,"Pizzasaus, kaas, pikante salami, pikante pepers"
Pizza Mia Ghent,Stagioni (large) ,14.5,"Pizzasaus, kaas, ham, salami, champignon, paprika"
Pizza Mia Ghent,Quattro carne (large),14.5,"Pizzasaus, kaas, ham, salami, kip, gehakt, champignons, paprika"
Pizza Mia Ghent,Quattro formaggio (large) ,14.5,"Pizzasaus, kaas, mozzarella, gorgonzola, feta en jonge kaas"
Pizza Mia Ghent,Tonno (large) ,14.5,"Pizzasaus, kaas, tonijn, uien, look, olijven en potje looksaus"
Pizza Mia Ghent,Alice (large) ,14.5,"Pizzasaus, kaas, kappertjes en ansjovis"
Pizza Mia Ghent,Scampi (large) ,14.5,"Pizzasaus, kaas, ui, look, en scampis"
Pizza Mia Ghent,Frutti di mare (large) ,15.0,"Pizzasaus, kaas, garnalen, scampis, calamares, tonijn"
Pizza Mia Ghent,Vegetariano (large) ,15.0,"Pizzasaus, ui, kaas, champignons, paprika, olijven, mozzarella"
Pizza Mia Ghent,Mia (large),15.0,"Pizzasaus of barbecuesaus, ui, kaas, salami, gegrilde kip, paprika, champignons, feta, gehaktballen, mozzarella, Choice of: barbecuesaus or pizzasaus."
Pizza Mia Ghent,Calzone (large) ,14.5,"Dubbelgevouwen pizza, kaas, ham, salami, bolognesesaus, paprika en champignons"
Pizza Mia Ghent,Margarita (medium) ,7.5,"Pizzasaus, kaas en mozzarella"
Pizza Mia Ghent,Funghi (medium) ,8.5,"Pizzasaus, kaas en champignons"
Pizza Mia Ghent,Spinaci (medium) ,9.0,"Pizzasaus, fetakaas en spinazie"
Pizza Mia Ghent,Pollo (medium) ,9.0,"Pizzasaus, kaas, gegrilde kip, paprika en ui"
Pizza Mia Ghent,Exotic (medium) ,9.0,"Pizzasaus, gegrilde kip, ananas"
Pizza Mia Ghent,Pita (medium) ,9.0,"Pizzasaus, kaas, vers gesneden pita vlees en een potje looksaus"
Pizza Mia Ghent,Merguez (medium),9.0,"Pizzasaus, kaas, merguez, ui en paprika"
Pizza Mia Ghent,Merguez à la mia (medium),9.5,"Pizzasaus, kaas, pikante salami, pikante pepers, paprika, ui merguez"
Pizza Mia Ghent,Hot hot pizza (medium) ,9.5,"Pizzasaus, kaas, pikante salami, pikante pepers"
Pizza Mia Ghent,Stagioni (medium) ,9.5,"Pizzasaus, kaas, ham, salami, champignon, paprika"
Pizza Mia Ghent,Quattro carne (medium) ,9.5,"Pizzasaus, kaas, ham, salami, kip, gehakt, champignons, paprika"
Pizza Mia Ghent,Quattro formaggio (medium) ,9.5,"Pizzasaus, kaas, mozzarella, gorgonzola, feta en jonge kaas"
Pizza Mia Ghent,Tonno (medium) ,9.5,"Pizzasaus, kaas, tonijn, uien, look, olijven en potje looksaus"
Pizza Mia Ghent,Alice (medium) ,9.5,"Pizzasaus, kaas, kappertjes en ansjovis"
Pizza Mia Ghent,Scampi (medium) ,10.0,"Pizzasaus, kaas, ui, look, en scampis"
Pizza Mia Ghent,Frutti di mare (medium) ,10.5,"Pizzasaus, kaas, garnalen, scampis, calamares, tonijn"
Pizza Mia Ghent,Vegetariano (medium) ,9.5,"Pizzasaus, ui, kaas, champignons, paprika, olijven, mozzarella"
Pizza Mia Ghent,Mia (medium) ,11.0,"Pizzasaus of barbecuesaus, ui, kaas, salami, gegrilde kip, paprika, champignons, feta, gehaktballen, mozzarella"
Pizza Mia Ghent,Calzone (medium) ,9.5,"Dubbelgevouwen pizza, kaas, ham, salami, bolognesesaus, paprika en champignons"
Pizza Mia Ghent,Menu 1,14.0,"1 voorgerecht, 1 medium pizza, 1 drank naar keuze + dessert naar keuze"
Pizza Mia Ghent,Menu 2 met 2 blikjes drank,21.0,"1 voorgerecht, 1 large pizza, 2 blikjes + 2 desserten naar keuze"
Pizza Mia Ghent,Menu 2 met 1 fles drank,21.0,"1 voorgerecht, 1 large pizza, 1 fles drank + 2 desserten naar keuze"
TheCandyWorld,"Herr's Deep Dish Pizza 198,5g / 7oz",5.19,
TheCandyWorld,Lays Iconic Pizza Hut Margherita 150 Gr,4.55,
TheCandyWorld,Pringles USA Pizza 158 Gr,5.19,
Lilla Hasselt,Pizza bolognese,10.0,Vers deeg vers groenten vers vis en vlees 😋
Lilla Hasselt,Pizza margharita,9.0,
Lilla Hasselt,"Pizza cipolla , tomaat , kaas , ui",10.0,
Lilla Hasselt,"Pizza fungi : tomaat,kaas,champignons",10.0,
Lilla Hasselt,"Pizza peperoni :tomaat,kaas,paprika",10.0,
Lilla Hasselt,"Pizza salami :tomaat,kaas,salami",10.0,
Lilla Hasselt,"Pizza rustica : tomaten,kaas, salami , ham",10.0,
Lilla Hasselt,"Pizza prociutto :tomaten,kaas,ham",10.0,
Lilla Hasselt,"Pizza  quattro stagioni :tomaten,kaas, salami,ham,Parika,champignons",11.0,
Lilla Hasselt,"Pizza Quattro formaggi:tomaten,kaas,vier kazen",12.0,
Lilla Hasselt,"Pizza kipdoner : tomaten,kaas,kipdoner,",11.0,
Lilla Hasselt,"Pizza bbq chiken :tomaten,kaas,kipdoner",12.0,
Lilla Hasselt,"Pizza choarma :tomaat,kaas,shoarma",11.0,
Lilla Hasselt,"Pizza gorgonzolo :tomaat,kaas, gorgonzolo",11.0,
Lilla Hasselt,"Pizza zeevruchten :tomaat,kaas,zeevruchten",12.0,
Lilla Hasselt,"Pizza tonno:tomaat, kaas,tonijn",10.0,
Lilla Hasselt,"Pizza scampi : tomaat,kaas,scampi",11.0,
Lilla Hasselt,"Pizza bolgonese : tomaat,kaas,gehakt",10.0,
Lilla Hasselt,"Pizza Napolitana :tomaat,kaas,anjovis ,olijven",9.5,
Lilla Hasselt,"Pizza sicilana : tomaat,kaas,artisjok, olijven",9.5,
Lilla Hasselt,"Pizza van t huis :tomaat,kaas,ham,salami,kipdoner, shoarma,paprika,champignons,olijven,artisjok,ui",13.5,
Pittoresk,Calzone,13.5,"(gesloten pizza met mozerella, hesp, champignons)"
Pizarro Antwerpen,Vegan Pizza,16.0,"tomato, vegan cheese, mix of vegetables"
Pokérrito Antwerpen,Poke Pizza,0.0,
Pokérrito Antwerpen,Poke Pizza (one slice),9.9,"Filled with rice (white, brown or pink)"
Carrefour Express Hoogstraat,Dr. Oetker Pizza Ristorante Quattro Formaggi 340 g,4.15,Dr. Oetker Pizza Ristorante Quattro Formaggi 340 g
Carrefour Express Hoogstraat,Dr. Oetker Pizza Ristorante Mozzarella 355 g,3.89,Dr. Oetker Pizza Ristorante Mozzarella 355 g
Carrefour Express Hoogstraat,Carrefour Bio Basilicum in pot,1.15,"Basilicum, of koningskruid, is onmisbaar in alle tomatengerechten. Het past uitstekend bij alle zuiderse gerechten zoals pastas en pizzas. Basilicum is ook erg lekker bij vis-en vleesgerechten en is het belangrijkste ingrediënt in de typische pesto. De blaadjes niet fijnhakken maar scheuren of knippen en pas op het einde van de bereiding toevoegen."
Carrefour Express Hoogstraat,Dr. Oetker Pizza Ristorante Barbecue 340 g,6.25,Dr. Oetker Pizza Ristorante Barbecue 340 g
Carrefour Express Hoogstraat,Dr. Oetker Pizza Ristorante Speciale 345 g,3.99,Dr. Oetker Pizza Ristorante Speciale 345 g
Carrefour Express Hoogstraat,Dr. Oetker Pizza Ristorante Tonno 355 g,4.39,"Dr. Oetker gebruikt alleen Skipjack Tuna (Katsuwonus pelamis), deze diersoort wordt niet met uitsterven bedreigd."
Carrefour Express Hoogstraat,Dr. Oetker Pizza Ristorante Salame 320 g,4.59,Dr. Oetker Pizza Ristorante Salame 320 g
Carrefour Express Hoogstraat,Dr. Oetker Pizza Ristorante Prosciutto 340 g,4.59,Dr. Oetker Pizza Ristorante Prosciutto 340 g
Carrefour Express Hoogstraat,Dr. Oetker Pizza Ristorante Bolognese e Formaggi 375 g,5.15,Dr. Oetker Pizza Ristorante Bolognese e Formaggi 375 g
Carrefour Express Hoogstraat,Dr. Oetker La Margherita Classica 265 g,4.25,"Top je pizza heerlijk af met:
ham
parmezaan
rucola"
Carrefour Express Hoogstraat,Dr. Oetker Pizza Ristorante Hawaii 355 g,3.95,Dr. Oetker Pizza Ristorante Hawaii 355 g
Carrefour Express Hoogstraat,Dr. Oetker Pizza Ristorante Spinaci 390 g,3.79,Dr. Oetker Pizza Ristorante Spinaci 390 g
Carrefour Express Hoogstraat,Dr. Oetker Pizza Ristorante Funghi 365 g,4.69,Dr. Oetker Pizza Ristorante Funghi 365 g
Carrefour Express Rector de Somer,Dr. Oetker Pizza Ristorante Quattro Formaggi 340 g,4.15,Dr. Oetker Pizza Ristorante Quattro Formaggi 340 g
Carrefour Express Rector de Somer,Carrefour Bio Pizza Margherita Gebakken op Houtvuur 310 g,2.59,"Deze pizza is vervaardigd in Italië met ingrediënten afkomstig uit de biologische landbouw. De pizza is gemaakt met een deeg met extra olijfolie van eerste persing (2.5%), overdekt met een tomatensaus en mozzarella, vervolgens gebakken op houtvuur wat een unieke krokante en lekkere smaak geeft."
Carrefour Express Rector de Somer,Dr. Oetker Pizza Ristorante Tonno 355 g,4.39,"Dr. Oetker gebruikt alleen Skipjack Tuna (Katsuwonus pelamis), deze diersoort wordt niet met uitsterven bedreigd."
Carrefour Express Rector de Somer,Dr. Oetker Pizza Ristorante Salame 320 g,4.59,Dr. Oetker Pizza Ristorante Salame 320 g
Carrefour Express Rector de Somer,Dr. Oetker Pizza Ristorante Prosciutto 340 g,4.59,Dr. Oetker Pizza Ristorante Prosciutto 340 g
Carrefour Express Rector de Somer,Dr. Oetker La Margherita Classica 265 g,4.25,"Top je pizza heerlijk af met:
ham
parmezaan
rucola"
Carrefour Express Rector de Somer,Dr. Oetker Pizza Ristorante Hawaii 355 g,3.95,Dr. Oetker Pizza Ristorante Hawaii 355 g
Carrefour Express Rector de Somer,Carrefour Pizza Mozzarella Dunne Bodem 340 g,2.05,"De pizzas met dunne bodem van Carrefour verleiden u met hun krokante bodem. Heerlijk om alleen of met het gezin van te genieten als voor- of hoofdgerecht.
 
Deze pizza Mozzarella is sappig gegarneerd met:
Heerlijke sneetjes mozzarella
Lekkere kerstomaten"
Carrefour Express Rector de Somer,Dr. Oetker Pizza Ristorante Pollo 355 g,4.59,Dr. Oetker Pizza Ristorante Pollo 355 g
La PizzAria,Combo for One,18.0,Buy 1 Pizza and get 1 Drink Free
La PizzAria,Classic,16.5,"Classic Pizza Made with Tomato Sauce, Melty Mozzarella, Fresh Basil and Oregano"
La PizzAria,Margherita Pizza,14.8,"Classic Pizza Made with Tomato Sauce, Melty Mozzarella, Fresh Basil and Oregano"
La PizzAria,"Garlic Bread, Closed Pizza",8.5,
La PizzAria,"Garlic Bread, Closed Pizza",8.5,
La PizzAria,"Garlic Bread, Closed Pizza",8.5,
La PizzAria,"Garlic Bread, Closed Pizza",8.5,
La PizzAria,"Garlic Bread, Closed Pizza",8.5,
La PizzAria,"Garlic Bread, Closed Pizza",8.5,
La PizzAria,"Garlic Bread, Closed Pizza",8.5,
La PizzAria,"Garlic Bread, Closed Pizza",8.5,
La PizzAria,"Garlic Bread, Closed Pizza",8.5,
La PizzAria,"Garlic Bread, Closed Pizza",8.5,
La PizzAria,"Garlic Bread, Closed Pizza",8.5,
La PizzAria,"Garlic Bread, Closed Pizza",8.5,
La PizzAria,"Garlic Bread, Closed Pizza",8.5,
La PizzAria,"Garlic Bread, Closed Pizza",8.5,
La PizzAria,"Garlic Bread, Closed Pizza",8.5,
La PizzAria,"Garlic Bread, Closed Pizza",8.5,
La PizzAria,"Garlic Bread, Closed Pizza",8.5,
La PizzAria,"Garlic Bread, Closed Pizza",8.5,
La PizzAria,"Garlic Bread, Closed Pizza",8.5,
La PizzAria,"Garlic Bread, Closed Pizza",8.5,
La PizzAria,"Garlic Bread, Closed Pizza",8.5,
La PizzAria,"Garlic Bread, Closed Pizza",8.5,
La PizzAria,"Garlic Bread, Closed Pizza",8.5,
La PizzAria,"Garlic Bread, Closed Pizza",8.5,
La PizzAria,"Garlic Bread, Closed Pizza",8.5,
La PizzAria,"Garlic Bread, Closed Pizza",8.5,
La PizzAria,"Garlic Bread, Closed Pizza",8.5,
La PizzAria,"Garlic Bread, Closed Pizza",8.5,
La PizzAria,"Garlic Bread, Closed Pizza",8.5,
La PizzAria,"Garlic Bread, Closed Pizza",8.5,
La PizzAria,"Garlic Bread, Closed Pizza",8.5,
La PizzAria,"Garlic Bread, Closed Pizza",8.5,
La PizzAria,"Garlic Bread, Closed Pizza",8.5,
La PizzAria,"Garlic Bread, Closed Pizza",8.5,
La PizzAria,"Garlic Bread, Closed Pizza",8.5,
La PizzAria,"Garlic Bread, Closed Pizza",8.5,
La PizzAria,"Garlic Bread, Closed Pizza",8.5,
La PizzAria,"Garlic Bread, Closed Pizza",8.5,
La PizzAria,"Garlic Bread, Closed Pizza",8.5,
La PizzAria,"Garlic Bread, Closed Pizza",8.5,
La PizzAria,"Garlic Bread, Closed Pizza",8.5,
La PizzAria,La PizzAria,20.5,"Cream Base, Mozzarella, Red Onions, Pork, Cherry Tomato, Basil"
La PizzAria,Duo Combo,44.0,"1 Pizzas , 1 Pasta and 2 Drink"
La PizzAria,Big Family Combo,50.0,Buy 3 Tradional Pizza get 3 Drinks free
La PizzAria,Parma,21.5,"Classic Italian Pizza made with Parma Ham, Arugula, Tomato, Mozzarella,, Cherry, Parmesan"
La PizzAria,Baked Nutella Pizza,11.5,Italian oven-baked folded pizza filled with Nutella
La PizzAria,Fiorentina,19.8,"Classic Italian pizza made Tomato, Mozzarella, Salami, Handful of Spinach, Cherry Tomato, Garlic"
La PizzAria,Naples,18.0,"Classic Neapolitan Style pizza made with Tomato sauce, Mozzarella, Anchovies, Capres, Olives, Oregano"
La PizzAria,Hawaii,18.0,"The Classic! Combines pizza sauce, Mozzarella, cooked ham, and pineapple."
La PizzAria,Parmigiana,19.8,"Traditional Pizza topped with tomato sauce, eggplant slices mozzarella cheese, and plenty of grated Grana Padano cheese."
Pasta e Pane,Pizza margherita,10.0,"Tomatensaus, basilicum, mozzarella"
Pasta e Pane,Pizza diavola,13.0,"Tomatensaus, pikante salami, oregano, mozzarella"
Pasta e Pane,Pizza regina,13.0,"Tomatensaus, champignons, hesp, oregano, mozzarella"
Pasta e Pane,Pizza carbonara,14.0,"Tomatensaus, spek, ei, parmezaan, mozzarella"
Pasta e Pane,Pizza quattro formaggi,15.0,"Tomatensaus, 4 kazen, oregano"
Pasta e Pane,Pizza vegetariana,15.0,"Tomatensaus, gegrilde groenten, oregano, mozzarella"
Pasta e Pane,Pizza napoletana,13.0,"Tomatensaus, anjovis, kappertjes, oregano, mozzarella"
Pasta e Pane,Pizza emiliana,17.0,"Tomatensaus, parmaham, rucola, grana padano, oregano, mozzarella"
Pasta e Pane,Pizza della casa,17.0,"Tomatensaus, eekhoorntjesbrood, parmaham, oregano, mozzarella"
Pasta e Pane,Pizza scampi,17.0,"Tomatensaus, scampi, mozzarella"
Carrefour Express Kraainem,Carrefour Cocktail de Fruits de Mer 500 g,6.49,"Ce cocktail de calmars, moules et crevettes est idéal pour confectionner des plats savoureux : risotto, pâtes, pizza ou paella de la mer. Ou peut-être pour agrémenter vos Spaghetti dune délicieuse sauce aux fruits de mer..."
Carrefour Express Kraainem,Dr. Oetker Pizza Ristorante Quattro Formaggi 340 g,4.15,Dr. Oetker Pizza Ristorante Quattro Formaggi 340 g
Carrefour Express Kraainem,Carrefour Classic' Pâte à Pizza Fine et Ronde 260 g,1.35,Carrefour Classic Pâte à Pizza Fine et Ronde 260 g
Carrefour Express Kraainem,Carrefour Bio Basilic en pot,1.15,"Incontournable dans tous les plats à base de tomates, le basilic accompagne idéalement toutes les spécialités méridionales comme les pâtes et les pizzas. Le basilic est également dans les plats à base de poisson et de viande et constitue le principal ingrédient du pesto classique. Ne pas hacher finement mais les déchirer ou les découper et les ajouter seulement en fin de préparation."
Carrefour Express Kraainem,Bruggeman Levure de Boulangerie 42 g,0.25,"Idéale pour vos pains, brioches, pizzas..."
Carrefour Express Kraainem,Carrefour Bio Pizza Margherita Cuite au Feu de Bois 310 g,2.59,"Cette pizza est fabriquée en Italie, à partir dingrédients issus de lagriculture biologique. Elaborée à partir dune pâte à lhuile dolive vierge extra (2.5%), elle est nappée de sauce tomate et de mozzarella, puis cuite au feu de bois, ce qui lui donne son croustillant et son goût unique si attachant."
Carrefour Express Kraainem,Dr. Oetker Pizza Ristorante Barbecue 340 g,6.25,Dr. Oetker Pizza Ristorante Barbecue 340 g
Carrefour Express Kraainem,Dr. Oetker Pizza Ristorante Speciale 345 g,3.99,Dr. Oetker Pizza Ristorante Speciale 345 g
Carrefour Express Kraainem,Dr. Oetker Pizza Ristorante Tonno 355 g,4.39,"Dr. Oetker utilise uniquement du thon rose (Katsuwonus pelamis), dont les stocks ne sont pas en danger."
Carrefour Express Kraainem,Dr. Oetker Pizza Ristorante Salame 320 g,4.59,Dr. Oetker Pizza Ristorante Salame 320 g
Carrefour Express Kraainem,Dr. Oetker Pizza Ristorante Prosciutto 340 g,4.59,Dr. Oetker Pizza Ristorante Prosciutto 340 g
Carrefour Express Kraainem,Dr. Oetker Pizza Ristorante Bolognese e Formaggi 375 g,5.15,Dr. Oetker Pizza Ristorante Bolognese e Formaggi 375 g
Carrefour Express Kraainem,Dr. Oetker La Margherita Classica 265 g,4.25,"Garnissez votre pizza de:
jambon
roquette
parmesan"
Carrefour Express Kraainem,Dr. Oetker Pizza Ristorante Hawaii 355 g,3.95,Dr. Oetker Pizza Ristorante Hawaii 355 g
Carrefour Express Kraainem,Dr. Oetker Pizza Ristorante Spinaci 390 g,3.79,Dr. Oetker Pizza Ristorante Spinaci 390 g
Carrefour Express Kraainem,Carrefour Pizza Mozzarella Pâte Fine 340 g,2.05,"Les pizzas ""pâte Fine"" Carrefour vous séduiront avec leur pâte croustillante. Cette pizza se déguste seule ou se partage en famille, en entrée ou en plat.

Cette pizza Mozzarella est garnie de :
Délicieuses tranches de mozzarella
Savoureuses tomates cerise"
Carrefour Express Kraainem,Dr. Oetker Pizza Ristorante Pollo 355 g,4.59,Dr. Oetker Pizza Ristorante Pollo 355 g
Carrefour Express Kraainem,Carrefour Extra 4 Stagioni 400 g,2.59,"La pizza 4 Stagioni est cuite sur pierre pour vous offrir une pâte croustillante à lextérieur et moelleuse à lintérieur. Elle accompagnera vos repas en famille ou entre amis et peut se déguster en entrée ou en plat.  

La pizza 4 Stagioni, cest un mariage unique de :
Savoureux épinards
Oignons frits
Poivrons pour relever lensemble
Champignons de Paris finement coupés en tranches"
Carrefour Express Kraainem,Dr. Oetker Pizza Ristorante Funghi 365 g,4.69,Dr. Oetker Pizza Ristorante Funghi 365 g
YUUUM Mechelen,Dr Oetker Pizza La Margherita 265g,3.4,
YUUUM Mechelen,BIFI Pizza XXL 75g,3.1,
Ada Eethuis,Turkse pizza met special & gehakt ,8.0,"Gebakken champignons, ui, paprika"
Ada Eethuis,"Turkse pizza met special, gehakt & ei ",8.5,"Gebakken champignons, ui, paprika"
Ada Eethuis,Turkse pizza met kaas ,7.0,
Ada Eethuis,"Turkse pizza met special, gehakt & kaas ",8.5,"Gebakken champignons, ui, paprika"
Ada Eethuis,Pizza kebap ,9.0,"Tomatensaus, kaas, kebap"
Ada Eethuis,Pizza shoarma ,9.5,"Tomatensaus, kaas, shoarma"
Ada Eethuis,Pizza cocktail ,10.5,"Tomatensaus, kaas, kebap, kip, ui, champignons"
Ada Eethuis,Pizza ada ,12.0,"Tomatensaus, kaas, kip, kebap, ui, champignons, paprika en olijven"
Ada Eethuis,Pizza mardin ,9.5,"Tomatensaus, kaas, speciaal gekruid gehakt"
Pizza Hut ,Duo menu,19.9,4 lookbroodjes of 4 chicken wings (normal) + 1 medium pizza naar keuze + 2 frisdranken 33cl
Pizza Hut ,Quattro menu,32.9,"1 Cheezy Bread of 8 lookbroodjes of 8 chicken wings + 2 medium pizzas naar keuze + 1,5L Pepsi/Pepsi Max/7up"
Pizza Hut ,The BOX,27.0,"1 Pizza Pan Large (of Medium Classic of Cheezy Crust (+1,80€)) + American Potatoes + 8 Chicken Croqs + 2 lookbroodjes + 4 Chicken Wings "
Pizza Hut ,Pepper Pizza,18.0,"Dubbele portie rundvlees, tomatenblokjes, rode ui, pepersaus, tomatensaus, mozzarella

"
Pizza Hut ,Falafel pizza,19.5,"Falafelballetjes, basilicumdressing, tomatenblokjes, peterselie, tomatensaus, violife vegan kaas"
Pizza Hut ,Falafel pizza,24.5,"Falafelballetjes, basilicumdressing, tomatenblokjes, peterselie, tomatensaus, violife vegan kaas"
Pizza Hut ,Pepper Pizza,18.0,
Pizza Hut ,"Yes, I want chessy crust with my large pizza please",6.6,
Brass Monkey STN,Prosciutto,6.0,"Pizza broodje met tomatensaus, mozzarella, prosciutto, champignons, olijfolie en oregano"
Brass Monkey STN,Vegetariana,6.0,"Pizza broodje met tomatensaus, mozzarella, courgette, olijfolie en oregano"
❌ Sapori d'Italia Antwerpen❌,Pizzaiolo,17.0,"Basis, ham, zachte en pikante salami, gorgonzola"
❌ Sapori d'Italia Antwerpen❌,Pizza Salami,15.0,Zachte salami of pikante salami
❌ Sapori d'Italia Antwerpen❌,Marinara,12.0,Dichtgevouwen pizza gevuld met basis en ham
Boulangerie Gavilan,Pizzaguette tomates mozza pesto,5.2,
Boulangerie Gavilan,Pizzaguette chèvre amandes miel,6.5,
Pizza Hut,Duo Menu,19.9,4 pains à lail ou 4 chicken wings (normal) + 1 pizza médium au choix + 2 boissons fraîches 33cl
Pizza Hut,Quattro Menu,32.9,"1 Cheezy Bread ou 8 pains à lail ou 8 chicken wings + 2 pizzas médium au choix + 1,5L Pepsi/Pepsi Max/7up
 "
Pizza Hut,The BOX,27.0,"1 Pizza Large Pan (ou Medium Classic ou Cheezy Crust (+1,80€)) + American Potatoes + 8 Chicken Croqs + 2 Pains à lail + 4 Chicken Wings "
Pizza Hut,Pepper Pizza,18.0,"Viande de boeuf (double portion), tomates en dés, oignons rouges, sauce au poivre, sauce tomate, mozzarella



"
Pizza Hut,Falafel pizza,19.5,"Boulettes de falafel, coulis de basilic, tomates en dés, persil, sauce tomate, fromage vegan Violife"
Pizza Hut,"Yes, I want cheesy crust with my large pizza please",6.4,
Pizza Hut,Pepper Pizza,18.0,
Délice du Liban,Safiha (1 pièce) ,1.5,"Mini pizza à la viande dagneau, tomate, pignons de Pin "
Pizzeria Fiorine,Pizza burrata,17.5,"Ham, zongedroogde tomaatjes, pijnboompitten, burrata et rucola."
Pizzeria Fiorine,Pizza van de maad,17.5,"Aardappelschijfjes, spek, raclettekaas, kaassaus, nootmuskaat"
IL Fuoco,Pizza margherita,16.0,"POMODORO SAN MARZANO, MOZZARELLA FIOR DI LATTE , VERSE BASILICUM , KERSTOMAATJES . 
Afgewerkt met basilicum ,oregano ,kerstomaatjes"
IL Fuoco,Pizza napoletana,18.0,"POMODORO SAN MARZANO, MOZZARELLA FIOR DI LATTE , OLIJVEN ,KAPPERTJES ,ANSJOVIS .
Afgewerkt met basilicum ,oregano ,kerstomaatjes"
IL Fuoco,Focaccia al rosmarino,5.0,"is een italiaans plat brood vergelijkbaar met pizzadeeg.
Afgewerkt met basilicum en kerstomaatjes en knoflook en rosmarijn"
IL Fuoco,Pizza regina,18.5,"POMODORO SAN MARZANO, MOZZARELLA FIOR DI LATTE , HAM , CHAMPIGNONS .
Afgewerkt met basilicum, oregano, kerstomaatjes"
IL Fuoco,Pizza capricciosa,20.0,"POMODORO SAN MARZANO, MOZZARELLA FIOR DI LATTE , CHAMPIGNONS , LOOK , PARMAHAM , ANSJOVIS .Afgewerkt met basilicum, oregano, kerstomaatjes"
IL Fuoco,focaccia formaggio,7.0,"is een italiaans plat brood vergelijkbaar met pizzadeeg.
Afgewerkt met basilicum en kerstomaatjes en knoflook en mozzarella"
IL Fuoco,Pizza frutti del mare,20.5,"POMODORO SAN MARZANO, MOZZARELLA FIOR DI LATTE , MIX ZEEVRUCHTEN , LOOK.
Afgewerkt met basilicum, oregano, kerstomaatjes"
IL Fuoco,Focaccia bruges,9.0,"is een italiaans plat brood vergelijkbaar met pizzadeeg.
Afgewerkt met basilicum en kerstomaatjes en knoflook en mozzarella
gorgonzola."
IL Fuoco,Focaccia charcuterie,11.0,"is een italiaans plat brood vergelijkbaar met pizzadeeg.
Afgewerkt met basilicum en kerstomaatjes en knoflook en mozzarella , charcuterie Italiano."
IL Fuoco,Pizza scampi,20.0,"POMODORO SAN MARZANO, MOZZARELLA FIOR DI LATTE , SCAMPI , LOOK , PETERSELIE .
Afgewerkt met basilicum, oregano, kerstomaatjes"
IL Fuoco,Pizza salami,17.0,"POMODORO SAN MARZANO, MOZZARELLA FIOR DI LATTE , SALAMI MILANO.
Afgewerkt met basilicum, oregano, kerstomaatjes"
IL Fuoco,Pizza piccantino,17.0,"POMODORO SAN MARZANO, MOZZARELLA FIOR DI LATTE , PIKANTE SALAMI . 
Afgewerkt met basilicum, oregano, kerstomaatjes"
IL Fuoco,Pizza funghi,16.5,"POMODORO SAN MARZANO, MOZZARELLA FIOR DI LATTE , CHAMPIGNONS .
Afgewerkt met basilicum, oregano, kerstomaatjes"
IL Fuoco,Pizza prosciutto,17.0,"OMODORO SAN MARZANO, MOZZARELLA FIOR DI LATTE , HAM .
Afgewerkt met basilicum, oregano, kerstomaatjes"
IL Fuoco,Pizza 5 fromages,19.5,"POMODORO SAN MARZANO, MOZZARELLA FIOR DI LATTE , 5 SOORTEN ITALIAANS KAAS.
 Afgewerkt met basilicum, oregano, kerstomaatjes"
IL Fuoco,Pizza 4 stagioni,19.5,"POMODORO SAN MARZANO, MOZZARELLA FIOR DI LATTE , HAM , OLIJVEN , CHAMPIGNONS , ARTISJOK , SALAMI MILANO.
Afgewerkt met basilicum, oregano, kerstomaatjes"
IL Fuoco,Pizza verde campagna,20.0,"POMODORO SAN MARZANO, MOZZARELLA FIOR DI LATTE , ARTISJOK , ANSJOVIS , LOOK , PARMAHAM .
Afgewerkt met basilicum, oregano, kerstomaatjes"
IL Fuoco,Pizza calzone,18.5,"GESLOTEN PIZZA MET POMODORO SAN MARZANO, MOZZARELLA FIOR DI LATTE , HAM , SALAMI MILANO ,PAPRIKA , UI , OLIJVEN , CHAMPIGNON. 
Afgewerkt met basilicum, oregano, kerstomaatjes"
IL Fuoco,Pizza caprese,17.5,"BUFFELMOZZARELLA , BASILICUM , KERSTOMAATJES , OREGANO ."
IL Fuoco,Pizza caprese Parma,19.5,"BUFFELMOZZARELLA , BASILICUM , PARMAHAM , KERSTOMAATJES. 
Afgewerkt met basilicum, oregano, kerstomaatjes"
IL Fuoco,Pizza Olena,19.0,"POMODORO SAN MARZANO, MOZZARELLA FIOR DI LATTE , PAPRIKA , SALAMI MILANO , SALSICCIA ."
IL Fuoco,Pizza della casa,21.5,"POMODORO SAN MARZANO, MOZZARELLA FIOR DI LATTE , MIX ZEEVRUCHTEN , TONIJN , SCAMPIS , LOOK , VERSE PETERSELIE.
Afgewerkt met basilicum, oregano, kerstomaatjes"
IL Fuoco,Pizza Tonno E Cippola Rossa,19.5,"POMODORO SAN MARZANO, MOZZARELLA FIOR DI LATTE , TONIJN , RODE UI , OLIJVEN , VERSE PETERSELIE ."
IL Fuoco,Pizza veneziana,19.5,"POMODORO SAN MARZANO, MOZZARELLA FIOR DI LATTE , HAM , GORGONZOLA , EI .
Afgewerkt met basilicum, oregano, kerstomaatjes"
IL Fuoco,Pizza Hawaï,18.5,"POMODORO SAN MARZANO, MOZZARELLA FIOR DI LATTE , HAM , ANANAS , KIP .
Afgewerkt met basilicum, oregano, kerstomaatjes"
IL Fuoco,Pizza rucola,18.0,"POMODORO SAN MARZANO, MOZZARELLA FIOR DI LATTE , RUCOLA , PARMEZAANSE KAAS , BALSAMICO .
Afgewerkt met basilicum, oregano, kerstomaatjes"
IL Fuoco,Pizza BBQ,19.0,"POMODORO SAN MARZANO, MOZZARELLA FIOR DI LATTE , GEHAKT , RODE UI , PAPRIKA , BBQSAUS.
 Afgewerkt met basilicum, oregano, kerstomaatjes"
IL Fuoco,Pizza bolognaise,18.0,"POMODORO SAN MARZANO, MOZZARELLA FIOR DI LATTE , BOLOGNAISE .
Afgewerkt met basilicum, oregano, kerstomaatjes"
IL Fuoco,Pizza carbonara,20.0,"MOZZARELLA FIOR DI LATTE , SPEK , PANCETTA ,  CARBONARASAUS , EI .
Afgewerkt met basilicum, oregano, kerstomaatjes"
IL Fuoco,Pizza carpaccio,20.0,"MOZZARELLA FIOR DI LATTE , CARPACCIO VLEES , PARMEZAANSE KAAS , RUCOLA , BALSAMICO , TRUFFEL OLIE. 
Afgewerkt met basilicum, oregano, kerstomaatjes"
IL Fuoco,Pizza 3 carne,20.0,"POMODORO SAN MARZANO, MOZZARELLA FIOR DI LATTE , HAM , SALAMI MILANO , PAMAHAM .
Afgewerkt met basilicum, oregano, kerstomaatjes"
IL Fuoco,Pizza verdura,19.5,"POMODORO SAN MARZANO, MOZZARELLA FIOR DI LATTE , GEGRILDE GROENTENA.
Afgewerkt met basilicum, oregano, kerstomaatjes"
IL Fuoco,Pizza paysanne,19.5,"POMODORO SAN MARZANO, MOZZARELLA FIOR DI LATTE , SPEK , HAM , UI , EI .
Afgewerkt met basilicum, oregano, kerstomaatjes"
IL Fuoco,Pizza Parma Amore,20.5,"BUFFELMOZZARELLA , RUCOLA , OLIJFOLIE , PARMAHAM , PARMEZAANSE KAAS , TRUFFELOLIE .
Afgewerkt met basilicum, oregano, kerstomaatjes"
IL Fuoco,Pizza bruges,20.5,"POMODORO SAN MARZANO, MOZZARELLA FIOR DI LATTE , CHAMPIGNONS , RODE UI , KIP , PAPRIKA , SALSICCIA TOSCANA .
Afgewerkt met basilicum, oregano, kerstomaatjes"
IL Fuoco,Pizza Pollo BBQ,19.0,"POMODORO SAN MARZANO, MOZZARELLA FIOR DI LATTE , KIP , RODE UI , PAPRIKA .
Afgewerkt met basilicum, oregano, kerstomaatjes"
IL Fuoco,COVID-19,28.0,Prijswinnende ! pizza fantasia van de chef
Il Mediterraneo,Entrecôte Pizzaiola,23.0,
Il Mediterraneo,Pizza Contadina,13.0,"Tomates, mozzarella, poivron, saucisse, oignons"
Il Mediterraneo,Pizza aux Scampis,15.0,
Il Mediterraneo,Pizza aux Aubergines,13.0,
Il Mediterraneo,Pizza Végétarienne,13.0,
Luigi's,Pizza Marinara,12.0,"DOP tomato, oregano, garlic, basil."
Luigi's,Pizza Margherita,14.0,"DOP tomato, Fior di Latte, Parmesan and basil."
Luigi's,Pizza Napoli,16.0,"DOP tomato, Fior di Latte, anchovies, Taggiasca olives, basil and oregano."
Luigi's,Pizza Diavola,17.5,"DOP tomato, Fior di Latte, Parmesan, spicy flatbread, Nduja en basil."
Luigi's,Pizza Parma,18.0,"Pomodoro DOP, Fior di Latte, prosciutto di Parma, rucola, scaglie di Parmigiano."
Luigi's,Pizza Zucca en Pancetta,18.5,"Pumpkin, Fior di Latte, Smoked Scamorza, bacon, pepper and basil."
Luigi's,Pizza Mortadella,19.0,"Fior di Latte, Parmesan, mortadella, Ricotta, Pistachio cream and basil."
Luigi's,Pizza Funghi,16.0,"Fior di Latte, Parmesan, mixed mushrooms and basil."
Carrefour Express Vilvoorde Ensor,Carrefour Zeevruchtencocktail 500 g,6.49,"Deze cocktail van pijlinktvis, mosselen en garnalen is ideaal voor de bereiding van heerlijke gerechten: risotto, pasta, pizza of paella met zeevruchten. Of misschien wil u wat meer pit brengen in uw spaghetti met een lekkere zeevruchtensaus..."
Carrefour Express Vilvoorde Ensor,Dr. Oetker Pizza Ristorante Quattro Formaggi 340 g,4.15,Dr. Oetker Pizza Ristorante Quattro Formaggi 340 g
Carrefour Express Vilvoorde Ensor,Carrefour Classic' Pizzadeeg Dun en Rond 260 g,1.35,Carrefour Classic Pizzadeeg Dun en Rond 260 g
Carrefour Express Vilvoorde Ensor,Carrefour Bio Basilicum in pot,1.15,"Basilicum, of koningskruid, is onmisbaar in alle tomatengerechten. Het past uitstekend bij alle zuiderse gerechten zoals pastas en pizzas. Basilicum is ook erg lekker bij vis-en vleesgerechten en is het belangrijkste ingrediënt in de typische pesto. De blaadjes niet fijnhakken maar scheuren of knippen en pas op het einde van de bereiding toevoegen."
Carrefour Express Vilvoorde Ensor,Bruggeman Bakkersgist 42 g,0.25,"Ideaal voor uw brood, wafels, pizzas..."
Carrefour Express Vilvoorde Ensor,Dr. Oetker Casa di Mama Pizza Speciale 415 g,6.75,Dr. Oetker Casa di Mama Pizza Speciale 415 g
Carrefour Express Vilvoorde Ensor,Dr. Oetker Pizza Ristorante Mozzarella 355 g,3.89,Dr. Oetker Pizza Ristorante Mozzarella 355 g
Carrefour Express Vilvoorde Ensor,Come a Casa Pizza Bolognese 350 g,4.09,Come a Casa Pizza Bolognese 350 g
Carrefour Express Vilvoorde Ensor,Dr. Oetker Pizza Ristorante Speciale 345 g,3.99,Dr. Oetker Pizza Ristorante Speciale 345 g
Carrefour Express Vilvoorde Ensor,Dr. Oetker Pizza Ristorante Tonno 355 g,4.39,"Dr. Oetker gebruikt alleen Skipjack Tuna (Katsuwonus pelamis), deze diersoort wordt niet met uitsterven bedreigd."
Carrefour Express Vilvoorde Ensor,2 Pizza's Kazen op Steen Gebakken 2 x 350 g,3.25,2 Pizzas Kazen op Steen Gebakken 2 x 350 g
Carrefour Express Vilvoorde Ensor,Dr. Oetker Pizza Ristorante Salame 320 g,4.59,Dr. Oetker Pizza Ristorante Salame 320 g
Carrefour Express Vilvoorde Ensor,Dr. Oetker Pizza Ristorante Prosciutto 340 g,4.59,Dr. Oetker Pizza Ristorante Prosciutto 340 g
Carrefour Express Vilvoorde Ensor,Dr. Oetker Pizza Ristorante Bolognese e Formaggi 375 g,5.15,Dr. Oetker Pizza Ristorante Bolognese e Formaggi 375 g
Carrefour Express Vilvoorde Ensor,Dr. Oetker La Margherita Classica 265 g,4.25,"Top je pizza heerlijk af met:
ham
parmezaan
rucola"
Carrefour Express Vilvoorde Ensor,Dr. Oetker Pizza Ristorante Hawaii 355 g,3.95,Dr. Oetker Pizza Ristorante Hawaii 355 g
Carrefour Express Vilvoorde Ensor,Dr. Oetker Pizza Ristorante Spinaci 390 g,3.79,Dr. Oetker Pizza Ristorante Spinaci 390 g
Carrefour Express Vilvoorde Ensor,Carrefour Pizza Mozzarella Dunne Bodem 340 g,2.05,"De pizzas met dunne bodem van Carrefour verleiden u met hun krokante bodem. Heerlijk om alleen of met het gezin van te genieten als voor- of hoofdgerecht.
 
Deze pizza Mozzarella is sappig gegarneerd met:
Heerlijke sneetjes mozzarella
Lekkere kerstomaten"
Carrefour Express Vilvoorde Ensor,Dr. Oetker Pizza Ristorante Pollo 355 g,4.59,Dr. Oetker Pizza Ristorante Pollo 355 g
Carrefour Express Vilvoorde Ensor,Dr. Oetker Pizza Ristorante Funghi 365 g,4.69,Dr. Oetker Pizza Ristorante Funghi 365 g
Sancho's Snacks & More,Pizza Tuna,17.9,"tomatensaus, tonijn, rucola, olijven, ui en zongedroogde tomaat."
That's Amore,Calzone,12.0,"Dubbelgevouwen pizza met tomatensaus, Fior di Latte mozzarella, champignons & hesp"
Les Deux Petits Diables,Pizza Carpaccio,16.0,"Mozzarella, tomates, carpaccio de boeuf, artichauts grillés, roquette, copeaux de parmesan, huile de truffe"
Les Deux Petits Diables,Pizza Parma,16.5,"Mozzarella, tomates, jambon de Parme, aubergines siciliennes grillées, tomates cerises confites, roquette et copeaux de parmesan"
Les Deux Petits Diables,Pizza Végétarienne,15.5,"Mozzarella, tomates, courgettes, aubergines grillées, artichauts, roquette"
Les Deux Petits Diables,Pizza aux Scampi et Fruits de Mer,16.5,"Mozzarella, tomates, scampi, calamars, fruits de mer, courgettes grillées"
Les Deux Petits Diables,Pizza 4 fromages,17.0,"Mozzarella, tomates, taleggio, gorgonzola, parmesan"
Les Deux Petits Diables,Pizza 2 petits diables,16.5,"Tomates, mozzarella, filets de boeuf grillés, courgettes grillées, copeaux de parmesan, Roquette"
Pizza Palace Gent,Pizza margherita,9.95,"Pizzasaus, mozzarella & oregano."
Pizza Palace Gent,Pizza margherita,11.95,"Pizzasaus, mozzarella & oregano."
Pizza Palace Gent,Pizza margherita,14.95,"Pizzasaus, mozzarella & oregano."
Pizza Palace Gent,Pizza bolognese,9.95,"Bolognesaus, look, ui, olijven, mozzarella."
Pizza Palace Gent,Pizza bolognese,11.95,"Bolognesaus, look, ui, olijven, mozzarella."
Pizza Palace Gent,Pizza bolognese,14.95,"Bolognesaus, look, ui, olijven, mozzarella."
Pizza Palace Gent,Pizza quattro formaggi,9.95,"Pizzasaus, mozzarella, feta, gorgonzola, extra kaas."
Pizza Palace Gent,Pizza quattro formaggi,11.95,"Pizzasaus, mozzarella, feta, gorgonzola, extra kaas."
Pizza Palace Gent,Pizza quattro formaggi,14.95,"Pizzasaus, mozzarella, feta, gorgonzola, extra kaas."
Pizza Palace Gent,Pizza barbecue,9.95,"Pizzasaus, mozzarella, gehakt, salami, ham, kip, spek."
Pizza Palace Gent,Pizza barbecue,11.95,"Pizzasaus, mozzarella, gehakt, salami, ham, kip, spek."
Pizza Palace Gent,Pizza barbecue,14.95,"Pizzasaus, mozzarella, gehakt, salami, ham, kip, spek."
Pizza Palace Gent,Pizza barbecue chicken,9.95,"Barbecuesaus, mozzarella, gekruiden kip, paprika."
Pizza Palace Gent,Pizza barbecue chicken,11.95,"Barbecuesaus, mozzarella, gekruiden kip, paprika."
Pizza Palace Gent,Pizza barbecue chicken,14.95,"Barbecuesaus, mozzarella, gekruiden kip, paprika."
Pizza Palace Gent,Pizza barbecue meatballs,9.95,"Barbecuesaus, mozzarella, gekruiden gehaktballetjes, ui, paprika."
Pizza Palace Gent,Pizza barbecue meatballs,11.95,"Barbecuesaus, mozzarella, gekruiden gehaktballetjes, ui, paprika."
Pizza Palace Gent,Pizza barbecue meatballs,14.95,"Barbecuesaus, mozzarella, gekruiden gehaktballetjes, ui, paprika."
Pizza Palace Gent,Calzone barbecue,9.95,"Gevouwen pizza, barbecuesaus, mozzarella, kip, paprika, ui."
Pizza Palace Gent,Calzone barbecue,11.95,"Gevouwen pizza, barbecuesaus, mozzarella, kip, paprika, ui."
Pizza Palace Gent,Calzone barbecue,14.95,"Gevouwen pizza, barbecuesaus, mozzarella, kip, paprika, ui."
Pizza Palace Gent,Pizza quattro stagioni,9.95,"Pizzasaus, mozzarella, ham, salami, paprika, champignons."
Pizza Palace Gent,Pizza quattro stagioni,11.95,"Pizzasaus, mozzarella, ham, salami, paprika, champignons."
Pizza Palace Gent,Pizza quattro stagioni,14.95,"Pizzasaus, mozzarella, ham, salami, paprika, champignons."
Pizza Palace Gent,Pizza della casa,9.95,"Pizzasaus, mozzarella, kip, shoarma, look, olijven, ui."
Pizza Palace Gent,Pizza della casa,11.95,"Pizzasaus, mozzarella, kip, shoarma, look, olijven, ui."
Pizza Palace Gent,Pizza della casa,14.95,"Pizzasaus, mozzarella, kip, shoarma, look, olijven, ui."
Pizza Palace Gent,Pizza Hawaiian,9.95,"Pizzasaus, mozzarella, ham, kip, ananas."
Pizza Palace Gent,Pizza Hawaiian,11.95,"Pizzasaus, mozzarella, ham, kip, ananas."
Pizza Palace Gent,Pizza Hawaiian,14.95,"Pizzasaus, mozzarella, ham, kip, ananas."
Pizza Palace Gent,Pizza hot lovers,9.95,"Pizzasaus, mozzarella, jalapenos, paprika, ui, pepperoni."
Pizza Palace Gent,Pizza hot lovers,11.95,"Pizzasaus, mozzarella, jalapenos, paprika, ui, pepperoni."
Pizza Palace Gent,Pizza hot lovers,14.95,"Pizzasaus, mozzarella, jalapenos, paprika, ui, pepperoni."
Pizza Palace Gent,Pizza spicy chicken mix,9.95,"Pizzasaus, mozzarella, gekruiden kip, rode ui, jalapenos, champignons, samoeraisaus."
Pizza Palace Gent,Pizza spicy chicken mix,11.95,"Pizzasaus, mozzarella, gekruiden kip, rode ui, jalapenos, champignons, samoeraisaus."
Pizza Palace Gent,Pizza spicy chicken mix,14.95,"Pizzasaus, mozzarella, gekruiden kip, rode ui, jalapenos, champignons, samoeraisaus."
Pizza Palace Gent,Pizza triple meat,9.95,"Pizzasaus, mozzarella, shoarmavlees, ham, kip, champignons, ui."
Pizza Palace Gent,Pizza triple meat,11.95,"Pizzasaus, mozzarella, shoarmavlees, ham, kip, champignons, ui."
Pizza Palace Gent,Pizza triple meat,14.95,"Pizzasaus, mozzarella, shoarmavlees, ham, kip, champignons, ui."
Pizza Palace Gent,Pizza seafood delight,9.95,"Pizzasaus, mozzarella, tonijn, calamares, mosselen, garnalen, ui."
Pizza Palace Gent,Pizza seafood delight,11.95,"Pizzasaus, mozzarella, tonijn, calamares, mosselen, garnalen, ui."
Pizza Palace Gent,Pizza seafood delight,14.95,"Pizzasaus, mozzarella, tonijn, calamares, mosselen, garnalen, ui."
Pizza Palace Gent,Pizza sweet chicken,9.95,"Pizzasaus, mozzarella, ananas, paprika, kip, ui."
Pizza Palace Gent,Pizza sweet chicken,11.95,"Pizzasaus, mozzarella, ananas, paprika, kip, ui."
Pizza Palace Gent,Pizza sweet chicken,14.95,"Pizzasaus, mozzarella, ananas, paprika, kip, ui."
Pizza Palace Gent,Pizza shoarma,9.95,".Pizzasaus, mozzarella, shoarma, paprika, look."
Pizza Palace Gent,Pizza shoarma,11.95,".Pizzasaus, mozzarella, shoarma, paprika, look."
Pizza Palace Gent,Pizza shoarma,14.95,".Pizzasaus, mozzarella, shoarma, paprika, look."
Pizza Palace Gent,Pizza mozzarella and pesto,9.95,"Pizzasaus, mozzarella, schijfjes mozzarella, groene pesto, verse tomaten."
Pizza Palace Gent,Pizza mozzarella and pesto,11.95,"Pizzasaus, mozzarella, schijfjes mozzarella, groene pesto, verse tomaten."
Pizza Palace Gent,Pizza mozzarella and pesto,14.95,"Pizzasaus, mozzarella, schijfjes mozzarella, groene pesto, verse tomaten."
Pizza Palace Gent,Pizza vegetarian,9.95,"Pizzasaus, mozzarella champignons, paprika, ui, olijven, mais."
Pizza Palace Gent,Pizza vegetarian,11.95,"Pizzasaus, mozzarella champignons, paprika, ui, olijven, mais."
Pizza Palace Gent,Pizza vegetarian,14.95,"Pizzasaus, mozzarella champignons, paprika, ui, olijven, mais."
Pizza Palace Gent,Pizza supreme,9.95,"Pizzasaus, mozzarella, ham, champignons, ui, olijven, jalapenos."
Pizza Palace Gent,Pizza supreme,11.95,"Pizzasaus, mozzarella, ham, champignons, ui, olijven, jalapenos."
Pizza Palace Gent,Pizza supreme,14.95,"Pizzasaus, mozzarella, ham, champignons, ui, olijven, jalapenos."
Pizza Palace Gent,Calzone,9.95,"Gevouwen pizza, bolognese saus, mozzarella, champignons, ham, paprika, ui, salami."
Pizza Palace Gent,Calzone,11.95,"Gevouwen pizza, bolognese saus, mozzarella, champignons, ham, paprika, ui, salami."
Pizza Palace Gent,Calzone,14.95,"Gevouwen pizza, bolognese saus, mozzarella, champignons, ham, paprika, ui, salami."
Pizza Palace Gent,Pizza funghi,9.95,"Pizzasaus, mozzarella, dubbele portie champignons."
Pizza Palace Gent,Pizza funghi,11.95,"Pizzasaus, mozzarella, dubbele portie champignons."
Pizza Palace Gent,Pizza funghi,14.95,"Pizzasaus, mozzarella, dubbele portie champignons."
Pizza Palace Gent,Pizza prosciutto,9.95,"Pizzasaus, mozzarella, dubbele portie ham."
Pizza Palace Gent,Pizza prosciutto,11.95,"Pizzasaus, mozzarella, dubbele portie ham."
Pizza Palace Gent,Pizza prosciutto,14.95,"Pizzasaus, mozzarella, dubbele portie ham."
Pizza Palace Gent,Pizza salami,9.95,"Pizzasaus, mozzarella, dubbele portie salami."
Pizza Palace Gent,Pizza salami,11.95,"Pizzasaus, mozzarella, dubbele portie salami."
Pizza Palace Gent,Pizza salami,14.95,"Pizzasaus, mozzarella, dubbele portie salami."
Pizza Palace Gent,Pizza napoletana,9.95,"Pizzasaus, mozzarella, ansjovis, kappertjes, olijven."
Pizza Palace Gent,Pizza napoletana,11.95,"Pizzasaus, mozzarella, ansjovis, kappertjes, olijven."
Pizza Palace Gent,Pizza napoletana,14.95,"Pizzasaus, mozzarella, ansjovis, kappertjes, olijven."
Pizza Palace Gent,Pizza capricciosa,9.95,"Pizzasaus, mozzarella, ham, champignons."
Pizza Palace Gent,Pizza capricciosa,11.95,"Pizzasaus, mozzarella, ham, champignons."
Pizza Palace Gent,Pizza capricciosa,14.95,"Pizzasaus, mozzarella, ham, champignons."
Pizza Palace Gent,Pizza pepperoni,9.95,"Pizzasaus, mozzarella, pikante salami, jalapenos."
Pizza Palace Gent,Pizza pepperoni,11.95,"Pizzasaus, mozzarella, pikante salami, jalapenos."
Pizza Palace Gent,Pizza pepperoni,14.95,"Pizzasaus, mozzarella, pikante salami, jalapenos."
Pizza Palace Gent,Pizza chicken,9.95,"Pizzasaus, mozzarella, kip, paprika, ui, ananas."
Pizza Palace Gent,Pizza chicken,11.95,"Pizzasaus, mozzarella, kip, paprika, ui, ananas."
Pizza Palace Gent,Pizza chicken,14.95,"Pizzasaus, mozzarella, kip, paprika, ui, ananas."
Pizza Palace Gent,Pizza hot and spicy,9.95,"Pizzasaus, mozzarella, shoarma, ui, jalapenos, paprika."
Pizza Palace Gent,Pizza hot and spicy,11.95,"Pizzasaus, mozzarella, shoarma, ui, jalapenos, paprika."
Pizza Palace Gent,Pizza hot and spicy,14.95,"Pizzasaus, mozzarella, shoarma, ui, jalapenos, paprika."
Pizza Palace Gent,Pizza hot chicken,9.95,"Pizzasaus, mozzarella, kip, ui, jalapenos, paprika."
Pizza Palace Gent,Pizza hot chicken,11.95,"Pizzasaus, mozzarella, kip, ui, jalapenos, paprika."
Pizza Palace Gent,Pizza hot chicken,14.95,"Pizzasaus, mozzarella, kip, ui, jalapenos, paprika."
Pizza Palace Gent,Pizza Brooklyn,9.95,"Pizzasaus, mozzarella, dubbele portie salami, ui."
Pizza Palace Gent,Pizza Brooklyn,11.95,"Pizzasaus, mozzarella, dubbele portie salami, ui."
Pizza Palace Gent,Pizza Brooklyn,14.95,"Pizzasaus, mozzarella, dubbele portie salami, ui."
Pizza Palace Gent,Pizza d'Anvers,9.95,"Pizzasaus, mozzaralla, shoarmavlees, paprika, ui, champignons, feta."
Pizza Palace Gent,Pizza d'Anvers,11.95,"Pizzasaus, mozzaralla, shoarmavlees, paprika, ui, champignons, feta."
Pizza Palace Gent,Pizza d'Anvers,14.95,"Pizzasaus, mozzaralla, shoarmavlees, paprika, ui, champignons, feta."
Pizza Palace Gent,Pizza meat feast,9.95,"Pizzasaus, mozzaralla, shoarmavlees, doner kebab, ham, salami."
Pizza Palace Gent,Pizza meat feast,11.95,"Pizzasaus, mozzaralla, shoarmavlees, doner kebab, ham, salami."
Pizza Palace Gent,Pizza meat feast,14.95,"Pizzasaus, mozzaralla, shoarmavlees, doner kebab, ham, salami."
Pizza Palace Gent,Pizza royal scampi,9.95,"Pizzasaus, mozzarella, scampi, paprika, ui."
Pizza Palace Gent,Pizza royal scampi,11.95,"Pizzasaus, mozzarella, scampi, paprika, ui."
Pizza Palace Gent,Pizza royal scampi,14.95,"Pizzasaus, mozzarella, scampi, paprika, ui."
Pizza Palace Gent,Pizza meat lover,9.95,"Pizzasaus, mozzarella, shoarmavlees, ham, champignons, ui."
Pizza Palace Gent,Pizza meat lover,11.95,"Pizzasaus, mozzarella, shoarmavlees, ham, champignons, ui."
Pizza Palace Gent,Pizza meat lover,14.95,"Pizzasaus, mozzarella, shoarmavlees, ham, champignons, ui."
Pizza Palace Gent,Pizza curry lover,9.95,"Currysaus, mozzarella, champ, kip, ananas, ui."
Pizza Palace Gent,Pizza curry lover,11.95,"Currysaus, mozzarella, champ, kip, ananas, ui."
Pizza Palace Gent,Pizza curry lover,14.95,"Currysaus, mozzarella, champ, kip, ananas, ui."
Pizza Palace Gent,Pizza tonno,9.95,"Pizzasaus, mozzarella, tonijn, rode ui, olijven."
Pizza Palace Gent,Pizza tonno,11.95,"Pizzasaus, mozzarella, tonijn, rode ui, olijven."
Pizza Palace Gent,Pizza tonno,14.95,"Pizzasaus, mozzarella, tonijn, rode ui, olijven."
Pizza Palace Gent,Pizza extravaganza,9.95,"Pizzasaus, mozzarella, pepperoni, gegrlide ham, champignons, rode ui, paprika, shoarmavlees, olijven."
Pizza Palace Gent,Pizza extravaganza,11.95,"Pizzasaus, mozzarella, pepperoni, gegrlide ham, champignons, rode ui, paprika, shoarmavlees, olijven."
Pizza Palace Gent,Pizza extravaganza,14.95,"Pizzasaus, mozzarella, pepperoni, gegrlide ham, champignons, rode ui, paprika, shoarmavlees, olijven."
Pizza Palace Gent,Pizza Napoli,9.95,"Pizzasaus, mozzarella, ansjovis, paprika, salami."
Pizza Palace Gent,Pizza Napoli,11.95,"Pizzasaus, mozzarella, ansjovis, paprika, salami."
Pizza Palace Gent,Pizza Napoli,14.95,"Pizzasaus, mozzarella, ansjovis, paprika, salami."
Pizza Palace Gent,Pizza romana,9.95,"Pizzasaus, mozzarella, olijven, artisjok."
Pizza Palace Gent,Pizza romana,11.95,"Pizzasaus, mozzarella, olijven, artisjok."
Pizza Palace Gent,Pizza romana,14.95,"Pizzasaus, mozzarella, olijven, artisjok."
Pizza Palace Gent,Pizza siciliana,9.95,"Pizzasaus, mozzarella, ansjovis, ui, olijven."
Pizza Palace Gent,Pizza siciliana,11.95,"Pizzasaus, mozzarella, ansjovis, ui, olijven."
Pizza Palace Gent,Pizza siciliana,14.95,"Pizzasaus, mozzarella, ansjovis, ui, olijven."
Pizza Palace Gent,Pizza tomatello,9.95,"Pizzasaus, mozzarella, kerstomaat, ham, champignons, extra mozzarella, potje looksaus."
Pizza Palace Gent,Pizza tomatello,11.95,"Pizzasaus, mozzarella, kerstomaat, ham, champignons, extra mozzarella, potje looksaus."
Pizza Palace Gent,Pizza tomatello,14.95,"Pizzasaus, mozzarella, kerstomaat, ham, champignons, extra mozzarella, potje looksaus."
Pizza Palace Gent,Pizza Al Capone,9.95,"Pizzasaus, mozzarella, pepperoni, shoarma, ui, jalapenos."
Pizza Palace Gent,Pizza Al Capone,11.95,"Pizzasaus, mozzarella, pepperoni, shoarma, ui, jalapenos."
Pizza Palace Gent,Pizza Al Capone,14.95,"Pizzasaus, mozzarella, pepperoni, shoarma, ui, jalapenos."
Pizza Palace Gent,Pizza creamy cheese mix,9.95,"Roomsaus bodem, feta, gorgonzola, mozzarella, extra goudakaas."
Pizza Palace Gent,Pizza creamy cheese mix,11.95,"Roomsaus bodem, feta, gorgonzola, mozzarella, extra goudakaas."
Pizza Palace Gent,Pizza creamy cheese mix,14.95,"Roomsaus bodem, feta, gorgonzola, mozzarella, extra goudakaas."
Pizza Palace Gent,Pizza chicken garden,9.95,"Kip, paprika, champignons, ui, olijven, maïs, tomaat, mozzarella."
Pizza Palace Gent,Pizza chicken garden,11.95,"Kip, paprika, champignons, ui, olijven, maïs, tomaat, mozzarella."
Pizza Palace Gent,Pizza chicken garden,14.95,"Kip, paprika, champignons, ui, olijven, maïs, tomaat, mozzarella."
Pizza Palace Gent,Calzone oriental,9.95,"Gevouwen pizza met currysaus bodem, kip, paprika, ui, ananas, mozzarella."
Pizza Palace Gent,Calzone oriental,11.95,"Gevouwen pizza met currysaus bodem, kip, paprika, ui, ananas, mozzarella."
Pizza Palace Gent,Calzone oriental,14.95,"Gevouwen pizza met currysaus bodem, kip, paprika, ui, ananas, mozzarella."
Pizza Palace Gent,Pizza surprise,9.95,
Pizza Palace Gent,Pizza surprise,11.95,
Pizza Palace Gent,Pizza surprise,14.95,
Lunchhalte,Panini pizza,6.5,"Kaas, paprikatapenade, gegrilde groenten."
Pizza Sole Mio,Pizza mix (nieuw),21.2,"Kippenvlees, kebab vlees, tomaat, paprika en ajuin"
Pizza Sole Mio,Pizza mix (nieuw),10.6,"Kippenvlees, kebab vlees, tomaat, paprika en ajuin"
Pizza Sole Mio,Pizza mix (nieuw),8.6,"Kippenvlees, kebab vlees, tomaat, paprika en ajuin"
Pizza Sole Mio,Pizza leuven (nieuw),31.2,"Salami, ham, gegrilde kip, kalf gehakt en barbecuesaus"
Pizza Sole Mio,Pizza leuven (nieuw),15.6,"Salami, ham, gegrilde kip, kalf gehakt en barbecuesaus"
Pizza Sole Mio,Pizza sole mio ,8.6,"Tomatensaus, kaas, ham, champignons, paprika, uien, tonijn, olijven en ei"
Pizza Sole Mio,Pizza sole mio ,21.2,"Tomatensaus, kaas, ham, champignons, paprika, uien, tonijn, olijven en ei"
Pizza Sole Mio,Pizza sole mio ,10.6,"Tomatensaus, kaas, ham, champignons, paprika, uien, tonijn, olijven en ei"
Pizza Sole Mio,Pizza tonijn ,8.1,"Tomatensaus, kaas, tonijn en uien"
Pizza Sole Mio,Pizza tonijn ,19.2,"Tomatensaus, kaas, tonijn en uien"
Pizza Sole Mio,Pizza tonijn,9.6,"Tomatensaus, kaas, tonijn en uien"
Pizza Sole Mio,Pizza italia ,7.6,"Tomatensaus, kaas, ham, salami en champignons"
Pizza Sole Mio,Pizza italia ,18.2,"Tomatensaus, kaas, ham, salami en champignons"
Pizza Sole Mio,Pizza italia ,9.1,"Tomatensaus, kaas, ham, salami en champignons"
Pizza Sole Mio,Pizza hawaï ,7.6,"Tomatensaus, kaas, ananas, ham"
Pizza Sole Mio,Pizza hawaï ,18.2,"Tomatensaus, kaas, ananas, ham"
Pizza Sole Mio,Pizza hawaï,9.1,"Tomatensaus, kaas, ananas, ham"
Pizza Sole Mio,Pizza casa ,7.6,"Tomatensaus, kaas, salami, champignons en paprika"
Pizza Sole Mio,Pizza casa ,18.2,"Tomatensaus, kaas, salami, champignons en paprika"
Pizza Sole Mio,Pizza casa ,9.1,"Tomatensaus, kaas, salami, champignons en paprika"
Pizza Sole Mio,Pizza roma ,7.6,"Tomatensaus, kaas, ham, salami, champignons en artisjokken"
Pizza Sole Mio,Pizza roma ,18.2,"Tomatensaus, kaas, ham, salami, champignons en artisjokken"
Pizza Sole Mio,Pizza roma ,9.1,"Tomatensaus, kaas, ham, salami, champignons en artisjokken"
Pizza Sole Mio,Pizza mare ,8.6,"Tomatensaus, kaas, zeevruchten en look"
Pizza Sole Mio,Pizza mare ,21.2,"Tomatensaus, kaas, zeevruchten en look"
Pizza Sole Mio,Pizza mare ,10.6,"Tomatensaus, kaas, zeevruchten en look"
Pizza Sole Mio,Pizza bagok ,8.1,"Tomatensaus, kaas, ham, salami, champignons, paprika en ei"
Pizza Sole Mio,Pizza bagok ,19.2,"Tomatensaus, kaas, ham, salami, champignons, paprika en ei"
Pizza Sole Mio,Pizza bagok,9.6,"Tomatensaus, kaas, ham, salami, champignons, paprika en ei"
Pizza Sole Mio,Pizza margherita ,6.6,"Tomatensaus, kaas en oregano"
Pizza Sole Mio,Pizza margherita ,15.2,"Tomatensaus, kaas en oregano"
Pizza Sole Mio,Pizza margherita ,7.6,"Tomatensaus, kaas en oregano"
Pizza Sole Mio,Pizza salami ,7.1,"Tomatensaus, kaas en salami"
Pizza Sole Mio,Pizza salami ,17.2,"Tomatensaus, kaas en salami"
Pizza Sole Mio,Pizza salami ,8.6,"Tomatensaus, kaas en salami"
Pizza Sole Mio,Pizza van het huis ,8.1,"Tomatensaus, kaas, ham, salami , champignons, tonijn en uien"
Pizza Sole Mio,Pizza van het huis ,20.2,"Tomatensaus, kaas, ham, salami , champignons, tonijn en uien"
Pizza Sole Mio,Pizza van het huis,10.1,"Tomatensaus, kaas, ham, salami , champignons, tonijn en uien"
Pizza Sole Mio,Pizza bomba pikant ,7.6,"Tomatensaus, kaas, salami en peperoni"
Pizza Sole Mio,Pizza bomba pikant ,18.2,"Tomatensaus, kaas, salami en peperoni"
Pizza Sole Mio,Pizza bomba pikant,9.1,"Tomatensaus, kaas, salami en peperoni"
Pizza Sole Mio,Pizza brabant ,7.6,"Tomatensaus, kaas, ham, champignons en paprika"
Pizza Sole Mio,Pizza brabant ,18.2,"Tomatensaus, kaas, ham, champignons en paprika"
Pizza Sole Mio,Pizza brabant,9.1,"Tomatensaus, kaas, ham, champignons en paprika"
Pizza Sole Mio,Pizza spinazie ,7.6,"Tomatensaus, kaas, spinazie, gorgonzola en look"
Pizza Sole Mio,Pizza spinazie ,18.2,"Tomatensaus, kaas, spinazie, gorgonzola en look"
Pizza Sole Mio,Pizza spinazie,9.1,"Tomatensaus, kaas, spinazie, gorgonzola en look"
Pizza Sole Mio,Pizza capricciosa ,7.6,"Tomatensaus, kaas, ham, champignons, uien en look"
Pizza Sole Mio,Pizza calzone (gevuld) ,21.2,"Gevulde pizza, tomaten, kaas, ham, salami, champignons en bolognese"
Pizza Sole Mio,Pizza calzone (gevuld),10.6,"Gevulde pizza, tomaten, kaas, ham, salami, champignons en bolognese"
Pizza Sole Mio,Pizza vegetarisch ,7.6,"Tomatensaus, kaas, champignons, artisjokken en paprika"
Pizza Sole Mio,Pizza capricciosa ,18.2,"Tomatensaus, kaas, ham, champignons, uien en look"
Pizza Sole Mio,Pizza capricciosa ,9.1,"Tomatensaus, kaas, ham, champignons, uien en look"
Pizza Sole Mio,Pizza barbecue chicken ,10.1,"Barbecue saus, kaas, kip, paprika, uien en champignons"
Pizza Sole Mio,Pizza vegetarisch ,18.2,"Tomatensaus, kaas, champignons, artisjokken en paprika"
Pizza Sole Mio,Pizza vegetarisch ,9.1,"Tomatensaus, kaas, champignons, artisjokken en paprika"
Pizza Sole Mio,Pizza ansjovis ,8.1,"Tomatensaus, kaas, anjovisfilets, kappertjes en olijven"
Pizza Sole Mio,Pizza barbecue chicken ,22.2,"Barbecue saus, kaas, kip, paprika, uien en champignons"
Pizza Sole Mio,Pizza barbecue chicken ,11.1,"Barbecue saus, kaas, kip, paprika, uien en champignons"
Pizza Sole Mio,Pizza 4 kazen ,8.1,"Tomatensaus, kaas, gorgonzola, mozzarella, schapenkaas"
Pizza Sole Mio,Pizza ansjovis ,20.2,"Tomatensaus, kaas, ansjovisfilets, kappertjes en olijven"
Pizza Sole Mio,Pizza ansjovis,10.1,"Tomatensaus, kaas, ansjovisfilets, kappertjes en olijven"
Pizza Sole Mio,Pizza broccoli ,7.6,"Tomatensaus, kaas, ham, broccoli, tomaten, mozzarella, groene peper"
Pizza Sole Mio,Pizza 4 kazen ,19.2,"Tomatensaus, kaas, gorgonzola, mozzarella, schapenkaas"
Pizza Sole Mio,Pizza 4 kazen,9.6,"Tomatensaus, kaas, gorgonzola, mozzarella, schapenkaas"
Pizza Sole Mio,Pizza dino ,7.6,"Tomatensaus, kaas, salami en ham"
Pizza Sole Mio,Pizza broccoli ,19.2,"Tomatensaus, kaas, ham, broccoli, tomaten, mozzarella, groene peper"
Pizza Sole Mio,Pizza broccoli ,9.6,"Tomatensaus, kaas, ham, broccoli, tomaten, mozzarella, groene peper"
Pizza Sole Mio,Pizza cano ,8.1,"Tomatensaus, kaas, kippenvlees, uien, paprika en verse tomaten"
Pizza Sole Mio,Pizza dino ,18.2,"Tomatensaus, kaas, salami en ham"
Pizza Sole Mio,Pizza dino ,9.1,"Tomatensaus, kaas, salami en ham"
Pizza Sole Mio,Pizza hawai kip ,7.6,"Tomatensaus, kaas, kip en ananas"
Pizza Sole Mio,Pizza cano ,19.2,"Tomatensaus, kaas, kippenvlees, uien, paprika en verse tomaten"
Pizza Sole Mio,Pizza cano,9.6,"Tomatensaus, kaas, kippenvlees, uien, paprika en verse tomaten"
Pizza Sole Mio,Pizza milano ,8.1,"Kip filet, brocolli, paprika, ajuin en spinazie"
Pizza Sole Mio,Pizza hawaï kip ,18.2,"Tomatensaus, kaas, kip en ananas"
Pizza Sole Mio,Pizza hawaï kip,9.1,"Tomatensaus, kaas, kip en ananas"
Pizza Sole Mio,Pizza firenze ,7.6,"Tomatensaus, kaas, ham, mozzarella en groene peperoni"
Pizza Sole Mio,Pizza milano ,19.2,"Kip filet, brocolli, paprika, ajuin en spinazie"
Pizza Sole Mio,Pizza milano ,9.6,"Kip filet, brocolli, paprika, ajuin en spinazie"
Pizza Sole Mio,Pizza bologna ,7.6,"Bolognesesaus, kaas, gehakt en uien"
Pizza Sole Mio,Pizza firenze ,18.2,"Tomatensaus, kaas, ham, mozzarella en groene peperoni"
Pizza Sole Mio,Pizza firenze ,9.1,"Tomatensaus, kaas, ham, mozzarella en groene peperoni"
Pizza Sole Mio,Pizza atlantis ,9.1,"Tomatensaus, kaas, zeevruchten, tonijn, garnalen en look"
Pizza Sole Mio,Pizza bologna ,18.2,"Bolognesesaus, kaas, gehakt en uien"
Pizza Sole Mio,Pizza bologna ,9.1,"Bolognesesaus, kaas, gehakt en uien"
Pizza Sole Mio,Pizza mexicana ,7.6,"Tomatensaus, kaas, ham, paprika en mais"
Pizza Sole Mio,Pizza atlantis ,22.2,"Tomatensaus, kaas, zeevruchten, tonijn, garnalen en look"
Pizza Sole Mio,Pizza atlantis ,11.1,"Tomatensaus, kaas, zeevruchten, tonijn, garnalen en look"
Pizza Sole Mio,Pizza gyros ,8.1,"Tomatensaus, gyros, uien en verse tomaten"
Pizza Sole Mio,Pizza mexicana ,18.2,"Tomatensaus, kaas, ham, paprika en mais"
Pizza Sole Mio,Pizza mexicana ,9.1,"Tomatensaus, kaas, ham, paprika en mais"
Pizza Sole Mio,Pizza volare ,8.1,"Tomatensaus, kaas, pikante salami en spek"
Pizza Sole Mio,Pizza gyros ,19.2,"Tomatensaus, gyros, uien en verse tomaten"
Pizza Sole Mio,Pizza gyros ,9.6,"Tomatensaus, gyros, uien en verse tomaten"
Pizza Sole Mio,Pizza schapenkaas ,7.6,"Tomatensaus, kaas, ham, schapenkaas, uien en oregano"
Pizza Sole Mio,Pizza volare ,19.2,"Tomatensaus, kaas, pikante salami en spek"
Pizza Sole Mio,Pizza volare,9.6,"Tomatensaus, kaas, pikante salami en spek"
Pizza Sole Mio,Pizza speciaal ,8.1,"Tomatensaus, kaas, ham, salami, champignons, paprika en uien"
Pizza Sole Mio,Pizza schapenkaas ,18.2,"Tomatensaus, kaas, ham, schapenkaas, uien en oregano"
Pizza Sole Mio,Pizza schapenkaas,9.1,"Tomatensaus, kaas, ham, schapenkaas, uien en oregano"
Pizza Sole Mio,Pizza quatre stagione ,7.6,"Tomatensaus, kaas, champignons, paprika, artisjokken en verse tomaten"
Pizza Sole Mio,Pizza speciaal ,19.2,"Tomatensaus, kaas, ham, salami, champignons, paprika en uien"
Pizza Sole Mio,Pizza speciaal ,9.6,"Tomatensaus, kaas, ham, salami, champignons, paprika en uien"
Pizza Sole Mio,Pizza funghi ,7.1,"Tomatensaus, kaas en champignons"
Pizza Sole Mio,Pizza quatre stagione ,18.2,"Tomatensaus, kaas, champignons, paprika, artisjokken en verse tomaten"
Pizza Sole Mio,Pizza quatre stagione,9.1,"Tomatensaus, kaas, champignons, paprika, artisjokken en verse tomaten"
Pizza Sole Mio,Pizza spaghetti ,7.6,"Spaghetti, bolognese, gehakt en kaas"
Pizza Sole Mio,Pizza funghi ,17.2,"Tomatensaus, kaas en champignons"
Pizza Sole Mio,Pizza funghi ,8.6,"Tomatensaus, kaas en champignons"
Pizza Sole Mio,Pizza casanova ,8.1,"Tomatensaus, kaas, salami, ham, gyros, pikante pepers, uien en olijven"
Pizza Sole Mio,Pizza euro calzone ,21.2,"Tomatensaus, kaas, spaghetti en gyros"
Pizza Sole Mio,Pizza euro calzone ,10.6,"Tomatensaus, kaas, spaghetti en gyros"
Pizza Sole Mio,Pizza prosciutto ,7.1,"Tomatensaus, kaas, ham en oregano"
Pizza Sole Mio,Pizza spaghetti ,18.2,"Spaghetti, bolognese, gehakt en kaas"
Pizza Sole Mio,Pizza spaghetti ,9.1,"Spaghetti, bolognese, gehakt en kaas"
Pizza Sole Mio,Pizza groenten speciaal ,8.1,"Tomatensaus, aubergine, champignons, paprika, spinazie en broccoli"
Pizza Sole Mio,Pizza casanova ,19.2,"Tomatensaus, kaas, salami, ham, gyros, pikante pepers, uien en olijven"
Pizza Sole Mio,Pizza casanova ,9.6,"Tomatensaus, kaas, salami, ham, gyros, pikante pepers, uien en olijven"
Pizza Sole Mio,Pizza scampi ,8.6,"Tomatensaus, kaas, scampi , uien en look"
Pizza Sole Mio,Pizza familie (50cm) ,39.2,Samenstelling naar keuze
Pizza Sole Mio,Pizza familie (50cm),19.6,Samenstelling naar keuze
Pizza Sole Mio,Pizza kebap ,7.6,"Tomatensaus, kaas, kebapvlees, uien, tomaten en pikante paprikas"
Pizza Sole Mio,Pizza prosciutto ,17.2,"Tomatensaus, kaas, ham en oregano"
Pizza Sole Mio,Pizza prosciutto ,8.6,"Tomatensaus, kaas, ham en oregano"
Pizza Sole Mio,Pizza mozzarella ,7.1,"Tomatensaus, kaas, mozzarella en tomaten"
Pizza Sole Mio,Pizza groenten speciaal ,19.2,"Tomatensaus, aubergine, champignons, paprika, spinazie en broccoli"
Pizza Sole Mio,Pizza groenten speciaal,9.6,"Tomatensaus, aubergine, champignons, paprika, spinazie en broccoli"
Pizza Sole Mio,Pizza castro ,7.6,"Tomatensaus, kaas, ham en champignons"
Pizza Sole Mio,Pizza scampi ,23.2,"Tomatensaus, scampi, look en ajuin"
Pizza Sole Mio,Pizza scampi ,11.6,"Tomatensaus, scampi, look en ajuin"
Pizza Sole Mio,Pizza kebap ,18.2,"Tomaten, kebapvlees, ajuin, licht pikant"
Pizza Sole Mio,Pizza kebap ,9.1,"Tomaten, kebapvlees, ajuin, licht pikant"
Pizza Sole Mio,Pizza mozzarella ,17.2,"Tomatensaus, kaas, mozzarella en tomaten"
Pizza Sole Mio,Pizza mozzarella ,8.6,"Tomatensaus, kaas, mozzarella en tomaten"
Pizza Sole Mio,Pizza castro ,18.2,"Tomatensaus, kaas, ham en champignons"
Pizza Sole Mio,Pizza castro,9.1,"Tomatensaus, kaas, ham en champignons"
Parazaar,Naan pizza italiaans,9.0,
Pizzeria La Lanterna,mozzarella op de pizza,2.5,
Pizzeria La Lanterna,Peperoni pizza,11.5,"tomatensaus, kaas, pikante worst"
Pizzeria La Lanterna,Frutti di mare pizza,13.5,"tomatensaus, kaas en verse zeevruchten"
Pizzeria La Lanterna,Pizza Pollo e Scampi,14.5,"tomatensaus, kaas, vers gebakken kipfilet, knoflook en verse scampis"
Pizzeria La Lanterna,Carpaccio pizza,13.5,"tomatensaus, kaas, dun gesneden ossenhaas en parmezaanse kaasschijfjes"
Pizzeria La Lanterna,Prosciutto pizza,10.5,"tomatensaus, kas en ham"
Pizzeria La Lanterna,Quattro formaggi pizza,12.5,tomatensaus en 4 soorten kazen
Pizzeria La Lanterna,Gamberi e rucola pizza,14.5,"tomatensaus, kaas, knoflook verse scampis en rucola"
Pizzeria La Lanterna,Bressoala pizza,13.5,"tomatensaus, kaas, gerookte rundvlees, rucola en parmezaanse kaasschijfjes"
Pizzeria La Lanterna,Hott pizza,13.5,"tomatensaus, kaas, pikante worst, gehakt, uien en peperjes"
Pizzeria La Lanterna,Pizza Napolitana,11.5,"tomatensaus, kaas, ansjovis en kappertjes"
Pizzeria La Lanterna,Pizza Funghi,10.5,"tomatensaus, kaas en verse champignons"
Pizzeria La Lanterna,Pizza salami,11.5,"tomatensaus, kaas en salami"
Pizzeria La Lanterna,Capriciosa pizza,12.5,"tomatensaus, kaas, ham, verse champignons en ei"
Pizzeria La Lanterna,Caprese pizza,11.5,"tomatensaus, kaas, mozzarella, basilicum en olijven"
Pizzeria La Lanterna,Calzone,12.0,"dubbelgevouwen pizza met tomatensaus, kaas, verse champignons, paprika en ham"
Pizzeria La Lanterna,4 stagioni pizza,12.5,"tomatensaus, kaas, verse champignons, artisjokken, paprika en salami"
Pizzeria La Lanterna,Pizza Margherita,11.0,tomatensaus en kaas
Pizzeria La Lanterna,Pizza Vegetariana,12.5,"tomatensaus, kaas,artisjokken, champignons, paprika, prei en olijven"
Pizzeria La Lanterna,Pizza Al Tonno,12.5,"tomatensaus, kaas, tonijn en uien"
Pizzeria La Lanterna,Pizza Venezia,14.5,"tomatensaus, kaas, verse scampis en gerookte zalm"
Pizzeria La Lanterna,Pizza Scampi,13.5,"tomatensaus, kaas en verse scampis, knoflook en uien"
Pizzeria La Lanterna,Pizza Zalm,13.5,"tomatensaus, kaas en gerookte zalm en kappertjes"
Pizzeria La Lanterna,Romana pizza,11.0,"tomatensaus, kaas,prei,uien, spek en pepertjes"
Pizzeria La Lanterna,Pizza Inferno,11.0,"tomatensaus, kaas, ham, salami, kappertjes en pepertjes"
Pizzeria La Lanterna,Pizza Bolognese,12.5,"tomatensaus, kaas en bolognesesaus en parmezaanse kaasschijfjes"
Pizzeria La Lanterna,Pizza Meat Love,13.0,"tomatensaus, kaas, ham, salami, gehakt en knoflook"
Pizzeria La Lanterna,Pizza Pizzaiolo,14.5,"tomatensaus, kaas, ham, salami, uien, prei, garnalen en pepertjes"
Pizzeria La Lanterna,Tropicana pizza,12.0,"tomatensaus, kaas, gehakt, paprika en ananas"
Ristorante Pizzeria Nicoletta,Pizza NICOLETTA,19.5,"Met fior di latte, tomaat, rucola, olijven, kerstomaatjes en Burrata"
Ristorante Pizzeria Nicoletta,Pizza Burrata Piccante,19.5,"Pizza met Fior di latte, tomaat, kerstomaatjes, Burrata en pikante salami"
Ristorante Pizzeria Nicoletta,Fritto Misto,14.5,Assortiment van gefrituurde Italiaanse hapjes  (arancini al ragu / panzerotti pizzaiola)
Ristorante Pizzeria Nicoletta,Pizza met Nutella,14.5,
Ristorante Pizzeria Nicoletta,Pizza Cosentina,19.5,"Met fior di latte, Capocollo, artisjokken, olijven en Grana kaas"
Ristorante Pizzeria Nicoletta,Pizza al Salmone,19.5,"met fior di latte, rode ajuin , olijven en zalm"
Ristorante Pizzeria Nicoletta,Pizza Porchetta e N'duja,19.5,"Fior di latte, geroosterd varken, scamorza kaas en Nduja"
Ristorante Pizzeria Nicoletta,Calzone,18.5,"Dichtgevouwde pizza met fior di latte, ricotta, ham en salami"
Fusion Bites,Pizza Gent,10.5,"tomaat,kaas,spek,spiegelei,spinazie"
Pizza Hut,Duo menu,19.9,4 lookbroodjes of 4 chicken wings (normal) + 1 medium pizza naar keuze + 2 frisdranken 33cl
Pizza Hut,Quattro menu,32.9,"1 Cheezy Bread of 8 lookbroodjes of 8 chicken wings + 2 medium pizzas naar keuze + 1,5L Pepsi/Pepsi Max/7up"
Pizza Hut,The BOX,27.0,"1 Pizza Pan Large (of Medium Classic of Cheezy Crust (+1,80€)) + American Potatoes + 8 Chicken Croqs + 2 lookbroodjes + 4 Chicken Wings "
Pizza Hut,Pepper Pizza,18.0,"Dubbele portie rundvlees, tomatenblokjes, rode ui, pepersaus, tomatensaus, mozzarella

"
Pizza Hut,Falafel pizza,19.5,"Falafelballetjes, basilicumdressing, tomatenblokjes, peterselie, tomatensaus, violife vegan kaas"
Pizza Hut,Falafel pizza,24.5,"Falafelballetjes, basilicumdressing, tomatenblokjes, peterselie, tomatensaus, violife vegan kaas"
Pizza Hut,Pepper Pizza,18.0,
Pizza Hut,"Yes, I want chessy crust with my large pizza please",6.6,
Pizzeria La Cucina,Pizza du Chef,13.0,Selon les saisons et lhumeur du chef...
Pizzeria La Cucina,Pizza Bini,12.0,"Tomates, mozzarella, poivrons, oignons, olives et origan"
Peppermint Park,29 Pizza bleue,16.5,"Tomate, mozzarella, origan, fromage bleu, champignons et jambons."
Pizza Hut,Duo Menu,19.9,4 pains à lail ou 4 chicken wings (normal) + 1 pizza médium au choix + 2 boissons fraîches 33cl
Pizza Hut,Quattro Menu,32.9,"1 Cheezy Bread ou 8 pains à lail ou 8 chicken wings + 2 pizzas médium au choix + 1,5L Pepsi/Pepsi Max/7up
 "
Pizza Hut,The BOX,27.0,"1 Pizza Large Pan (ou Medium Classic ou Cheezy Crust (+1,80€)) + American Potatoes + 8 Chicken Croqs + 2 Pains à lail + 4 Chicken Wings "
Pizza Hut,Pepper Pizza,18.0,"Viande de boeuf (double portion), tomates en dés, oignons rouges, sauce au poivre, sauce tomate, mozzarella



"
Pizza Hut,Falafel pizza,19.5,"Boulettes de falafel, coulis de basilic, tomates en dés, persil, sauce tomate, fromage vegan Violife"
Pizza Hut,"Yes, I want cheesy crust with my large pizza please",6.4,
Pizza Hut,Pepper Pizza,18.0,
Food Concept,Menu deal 1,11.9,1 pizza + 1 voorgerecht + 1 drank
Food Concept,"3 Medium's toppizza's aan 24,90",24.9,"3 mediums toppizzas aan 24,90, niet cumuleerbaar, één maal per bestelling"
Food Concept,Margharita,9.15,Basispizza; tomatensaus en mozzarella
Food Concept,Margharita Large,14.15,"Basispizza, tomatensaus en mozzarella"
Food Concept,Medium basispizza margharita,9.15,Kies zelf je ingrediëntenminimum 2 garneringen per basispizza
Food Concept,Menu koppeldeal,21.9,2 pizzas + 2 voorgerechten + 2 dranken
Food Concept,"3 Large toppizza's aan 39,90",39.9,"3 large toppizzas aan 39,90, niet cumuleerbaar, één maal per bestelling"
Food Concept,Large basispizza margharita,14.15,Kies zelf je ingrediëntenminimum 2 garneringen per basispizza
Food Concept,Menu quattrodeal,43.9,4 pizzas medium + 4 voorgerechten + 4 dranken
Food Concept,Menu largedeal,21.9,"1 pizza large, 2 voorgerechten + 2 dranken"
Food Concept,Tripple medium pizza's,24.9,3 medium pizzas naar keuze
Food Concept,Tripple large pizza's,39.9,3 large pizzas naar keuze
Food Concept,duo pizza,0.0,
Food Concept,Duo Pizza,0.0,
Food Concept,Duo Pizza large,0.0,
Food Concept,Duo Pizza,9.9,Een helft salami en een helft gehakt
Food Concept,Duo Pizza Large,14.9,Een helft salami en een helft gehakt
Food Concept,Calzone,10.9,"Dichtgevouwen pizza met ham, salami, champignons, paprika, bolognesesaus en kaas"
Food Concept,Calzone Large,15.9,"Dichtgevouwen pizza met ham, salami, champignons, paprika, bolognesesaus en kaas"
Carrefour Express Burgstraat,Carrefour Zeevruchtencocktail 500 g,6.49,"Deze cocktail van pijlinktvis, mosselen en garnalen is ideaal voor de bereiding van heerlijke gerechten: risotto, pasta, pizza of paella met zeevruchten. Of misschien wil u wat meer pit brengen in uw spaghetti met een lekkere zeevruchtensaus..."
Carrefour Express Burgstraat,Dr. Oetker Pizza Ristorante Quattro Formaggi 340 g,4.15,Dr. Oetker Pizza Ristorante Quattro Formaggi 340 g
Carrefour Express Burgstraat,Carrefour Classic' Pizzadeeg Dun en Rond 260 g,1.35,Carrefour Classic Pizzadeeg Dun en Rond 260 g
Carrefour Express Burgstraat,Heinz Tomato frito 350g (tomaten saus),1.11,"Heinz Tomato Frito is op traditionele wijze bereid, door de knoflook en ui 2.5 uur in olie te laten sudderen en daarna te mengen met zongerijpte tomaten voor een onweerstaanbare rijke smaak. Heinz Tomato Frito vormt een heerlijke tomatenbasis voor veel verschillende gerechten zoals in een pasta, lasagne, curry of op een pizzabodem."
Carrefour Express Burgstraat,Carrefour Bio Basilicum in pot,1.15,"Basilicum, of koningskruid, is onmisbaar in alle tomatengerechten. Het past uitstekend bij alle zuiderse gerechten zoals pastas en pizzas. Basilicum is ook erg lekker bij vis-en vleesgerechten en is het belangrijkste ingrediënt in de typische pesto. De blaadjes niet fijnhakken maar scheuren of knippen en pas op het einde van de bereiding toevoegen."
Carrefour Express Burgstraat,Dr. Oetker Pizza Ristorante Mozzarella 355 g,3.89,Dr. Oetker Pizza Ristorante Mozzarella 355 g
Carrefour Express Burgstraat,Come a Casa Pizza Bolognese 350 g,4.09,Come a Casa Pizza Bolognese 350 g
Carrefour Express Burgstraat,Dr. Oetker Pizza Ristorante Barbecue 340 g,6.25,Dr. Oetker Pizza Ristorante Barbecue 340 g
Carrefour Express Burgstraat,Dr. Oetker Pizza Ristorante Tonno 355 g,4.39,"Dr. Oetker gebruikt alleen Skipjack Tuna (Katsuwonus pelamis), deze diersoort wordt niet met uitsterven bedreigd."
Carrefour Express Burgstraat,Dr. Oetker Pizza Ristorante Salame 320 g,4.59,Dr. Oetker Pizza Ristorante Salame 320 g
Carrefour Express Burgstraat,Dr. Oetker Pizza Ristorante Prosciutto 340 g,4.59,Dr. Oetker Pizza Ristorante Prosciutto 340 g
Carrefour Express Burgstraat,Dr. Oetker Pizza Ristorante Bolognese e Formaggi 375 g,5.15,Dr. Oetker Pizza Ristorante Bolognese e Formaggi 375 g
Carrefour Express Burgstraat,Dr. Oetker La Margherita Classica 265 g,4.25,"Top je pizza heerlijk af met:
ham
parmezaan
rucola"
Carrefour Express Burgstraat,Dr. Oetker Pizza Ristorante Hawaii 355 g,3.95,Dr. Oetker Pizza Ristorante Hawaii 355 g
Carrefour Express Burgstraat,Dr. Oetker Pizza Ristorante Spinaci 390 g,3.79,Dr. Oetker Pizza Ristorante Spinaci 390 g
Carrefour Express Burgstraat,Carrefour Pizza Mozzarella Dunne Bodem 340 g,2.05,"De pizzas met dunne bodem van Carrefour verleiden u met hun krokante bodem. Heerlijk om alleen of met het gezin van te genieten als voor- of hoofdgerecht.
 
Deze pizza Mozzarella is sappig gegarneerd met:
Heerlijke sneetjes mozzarella
Lekkere kerstomaten"
Carrefour Express Burgstraat,Dr. Oetker Pizza Ristorante Pollo 355 g,4.59,Dr. Oetker Pizza Ristorante Pollo 355 g
Carrefour Express Burgstraat,Carrefour Extra 4 Stagioni 400 g,2.59,"De pizza 4 Stagioni is op steen gebakken. Hierdoor is het deeg krokant aan de buitenkant en mais binnenin. Ideaal als voor- of hoofdgerecht voor een etentje met familie of vrienden.

De pizza 4 Stagioni is een unieke combinatie van: 
Lekkere spinazie
Uienringen
Paprikas om het geheel pittiger te maken
In fijne plakjes gesneden Parijse champignons."
Carrefour Express Burgstraat,Dr. Oetker Pizza Ristorante Funghi 365 g,4.69,Dr. Oetker Pizza Ristorante Funghi 365 g
Pizza Hut Roeselare,Duo menu,19.9,4 lookbroodjes of 4 chicken wings (normal) + 1 medium pizza naar keuze + 2 frisdranken 33cl
Pizza Hut Roeselare,Quattro menu,32.9,"1 Cheezy Bread of 8 lookbroodjes of 8 chicken wings + 2 medium pizzas naar keuze + 1,5L Pepsi/Pepsi Max/7up"
Pizza Hut Roeselare,The BOX,27.0,"1 Pizza Pan Large (of Medium Classic of Cheezy Crust (+1,80€)) + American Potatoes + 8 Chicken Croqs + 2 lookbroodjes + 4 Chicken Wings "
Pizza Hut Roeselare,Pepper Pizza,18.0,"Dubbele portie rundvlees, tomatenblokjes, rode ui, pepersaus, tomatensaus, mozzarella

"
Pizza Hut Roeselare,Falafel pizza,19.5,"Falafelballetjes, basilicumdressing, tomatenblokjes, peterselie, tomatensaus, violife vegan kaas"
Pizza Hut Roeselare,Falafel pizza,24.5,"Falafelballetjes, basilicumdressing, tomatenblokjes, peterselie, tomatensaus, violife vegan kaas"
Pizza Hut Roeselare,Pepper Pizza,18.0,
Pizza Hut Roeselare,"Yes, I want chessy crust with my large pizza please",6.6,
Aelia-pizza Capitolina,Pizza Chicken Spicy,9.5,"Tomatensaus, mozzarella, pittige kip, paprika, champignons, ui"
Da Toni,Pizzaïola,4.0,
Da Toni,Saumon,16.5,Pizza au saumon
Da Toni,Scampi,16.5,Pizza aux scampis
Quo Vadis,Calzone Verde,17.0,"Dubbelgevouwen pizza met kaas, tomatensaus, spinazie, geitenkaas"
Quo Vadis,Calzone,17.0,"dubbelgevouwen pizza, kaas, tomatensaus, ham, champignons"
Pizza Hut,Duo menu,19.9,4 lookbroodjes of 4 chicken wings (normal) + 1 medium pizza naar keuze + 2 frisdranken 33cl
Pizza Hut,Quattro menu,32.9,"1 Cheezy Bread of 8 lookbroodjes of 8 chicken wings + 2 medium pizzas naar keuze + 1,5L Pepsi/Pepsi Max/7up"
Pizza Hut,The BOX,27.0,"1 Pizza Pan Large (of Medium Classic of Cheezy Crust (+1,80€)) + American Potatoes + 8 Chicken Croqs + 2 lookbroodjes + 4 Chicken Wings "
Pizza Hut,Pepper Pizza,18.0,"Dubbele portie rundvlees, tomatenblokjes, rode ui, pepersaus, tomatensaus, mozzarella

"
Pizza Hut,Falafel pizza,19.5,"Falafelballetjes, basilicumdressing, tomatenblokjes, peterselie, tomatensaus, violife vegan kaas"
Pizza Hut,Falafel pizza,24.5,"Falafelballetjes, basilicumdressing, tomatenblokjes, peterselie, tomatensaus, violife vegan kaas"
Pizza Hut,Pepper Pizza,18.0,
Pizza Hut,"Yes, I want chessy crust with my large pizza please",6.6,
Carrefour express Rogier,Carrefour Cocktail de Fruits de Mer 500 g,6.49,"Ce cocktail de calmars, moules et crevettes est idéal pour confectionner des plats savoureux : risotto, pâtes, pizza ou paella de la mer. Ou peut-être pour agrémenter vos Spaghetti dune délicieuse sauce aux fruits de mer..."
Carrefour express Rogier,Dr. Oetker Pizza Ristorante Quattro Formaggi 340 g,4.15,Dr. Oetker Pizza Ristorante Quattro Formaggi 340 g
Carrefour express Rogier,Carrefour Classic' Pâte à Pizza Fine et Ronde 260 g,1.35,Carrefour Classic Pâte à Pizza Fine et Ronde 260 g
Carrefour express Rogier,Bruggeman Levure de Boulangerie 42 g,0.25,"Idéale pour vos pains, brioches, pizzas..."
Carrefour express Rogier,Carrefour Bio Pizza Margherita Cuite au Feu de Bois 310 g,2.59,"Cette pizza est fabriquée en Italie, à partir dingrédients issus de lagriculture biologique. Elaborée à partir dune pâte à lhuile dolive vierge extra (2.5%), elle est nappée de sauce tomate et de mozzarella, puis cuite au feu de bois, ce qui lui donne son croustillant et son goût unique si attachant."
Carrefour express Rogier,Dr. Oetker Pizza Ristorante Mozzarella 355 g,3.89,Dr. Oetker Pizza Ristorante Mozzarella 355 g
Carrefour express Rogier,Dr. Oetker Pizza Ristorante Speciale 345 g,3.99,Dr. Oetker Pizza Ristorante Speciale 345 g
Carrefour express Rogier,Dr. Oetker Pizza Ristorante Tonno 355 g,4.39,"Dr. Oetker utilise uniquement du thon rose (Katsuwonus pelamis), dont les stocks ne sont pas en danger."
Carrefour express Rogier,Dr. Oetker Pizza Ristorante Salame 320 g,4.59,Dr. Oetker Pizza Ristorante Salame 320 g
Carrefour express Rogier,Dr. Oetker Pizza Ristorante Prosciutto 340 g,4.59,Dr. Oetker Pizza Ristorante Prosciutto 340 g
Carrefour express Rogier,Dr. Oetker La Margherita Classica 265 g,4.25,"Garnissez votre pizza de:
jambon
roquette
parmesan"
Carrefour express Rogier,Dr. Oetker Pizza Ristorante Hawaii 355 g,3.95,Dr. Oetker Pizza Ristorante Hawaii 355 g
Carrefour express Rogier,Dr. Oetker Pizza Ristorante Spinaci 390 g,3.79,Dr. Oetker Pizza Ristorante Spinaci 390 g
Carrefour express Rogier,Dr. Oetker Pizza Ristorante Pollo 355 g,4.59,Dr. Oetker Pizza Ristorante Pollo 355 g
Carrefour express Rogier,Carrefour Extra 4 Stagioni 400 g,2.59,"La pizza 4 Stagioni est cuite sur pierre pour vous offrir une pâte croustillante à lextérieur et moelleuse à lintérieur. Elle accompagnera vos repas en famille ou entre amis et peut se déguster en entrée ou en plat.  

La pizza 4 Stagioni, cest un mariage unique de :
Savoureux épinards
Oignons frits
Poivrons pour relever lensemble
Champignons de Paris finement coupés en tranches"
Carrefour express Rogier,Dr. Oetker Pizza Ristorante Funghi 365 g,4.69,Dr. Oetker Pizza Ristorante Funghi 365 g
kebab Leuven Diestsestraat,Turkse pizza normal,5.0,
kebab Leuven Diestsestraat,Turkse pizza delux,7.5,
kebab Leuven Diestsestraat,Turkse pizza delux met kaas,8.0,
Kestè Pizzeria Bistro,Pizza filetto,15.0,Piennolo tomaat. buffelmozzarella. basilicum. olijfolie.
Kestè Pizzeria Bistro,Pizza margherita,12.5,Tomaat san marzano dop. mozzarella. basilicum.
Kestè Pizzeria Bistro,Pizza primavera,20.0,Parmaham. dubbele kroon. rucola. mozzarella. vlokken parmezaanse kaas (24 m). verse tomaten.
Kestè Pizzeria Bistro,Pizza provola e pepe,14.0,Tomaat san marzano dop. provola kaas. basilicum. rode peper
Kestè Pizzeria Bistro,Pizza 4 formaggi,21.0,4 kazen (provolone del monaco. caciocavallo. gorgonzola blau. provola agerola). parmezaanse kaas crumble (24 m). olijfolie.
Kestè Pizzeria Bistro,Pizza diavola,15.0,Tomaat san marzano dop. pikant salami. mozzarella. oregano.
Kestè Pizzeria Bistro,Pizza vegetariana,19.0,Knolselderij creme. seizoensgroenten. mozzarella. knapperige zaden.
Kestè Pizzeria Bistro,Pizza parmigiana,19.0,Tomaat san marzano dop. aubergine. parmezaanse kaas (24 m) mozzarella. basilicum.
Kestè Pizzeria Bistro,Pizza amatriciana,18.5,Tomaat san marzano dop. spek. mozzarella. gekonfijte tomaten. pecorino kaas.
Kestè Pizzeria Bistro,Pizza nerano,19.0,Courgette. basilicum pesto. mozzarella. provolone del monaco kaas. olijfolie.
Kestè Pizzeria Bistro,Pizza capricciosa,18.5,Tomaat san marzano dop. mozzarella. gebakken ham. paddestoelen. zwarte olijven. artisjokken.
Kestè Pizzeria Bistro,Pizza gialla,18.0,Gele piennolo tomaat. zwarte olijven. spek. buffelmozzarella. olijfolie.
Kestè Pizzeria Bistro,Pizza nduja,21.0,Tomaat san marzano dop. nduja. burrata. verse tomaat. basilicum. olijfolie.
Kestè Pizzeria Bistro,Pizza carcioffola,21.0,Artisjokken. zwarte olijven. salami. broodkruimels. mozzarella. olijfolie.
Hasseltsekebab,Bambino,8.5,Kinder pizza
Hasseltsekebab,Hot pizza,19.0,"pikante salami, hesp, jalapenos, champ, uien"
ROYAL PIZZA (Kortrijk 2022),Pizza margherita,10.5,"Tomaat, mozzarella, emmental, oregano."
ROYAL PIZZA (Kortrijk 2022),Pizza aglio-cipolla,10.5,"Tomaat, mozzarella, ui, oregano."
ROYAL PIZZA (Kortrijk 2022),Pizza funghi,10.5,"Tomaat, mozzarella, champignons, oregano."
ROYAL PIZZA (Kortrijk 2022),Pizza prosciutto,11.0,"Tomaat, mozzarella, hesp, oregano."
ROYAL PIZZA (Kortrijk 2022),Pizza salami,11.0,"Tomaat, mozzarella, salami, oregano."
ROYAL PIZZA (Kortrijk 2022),Pizza napoli,11.5,"Tomaat, mozzarella, anjovis, kappers, olijf, oregano."
ROYAL PIZZA (Kortrijk 2022),Pizza bologna,12.0,"Tomaat, mozzarella, bolognese, oregano."
ROYAL PIZZA (Kortrijk 2022),Pizza tonio cipolla,12.0,"Tomaat, mozzarella, tonijn, ajuin, oregano."
ROYAL PIZZA (Kortrijk 2022),Pizza prosciutto-funghi,12.0,"Tomaat, mozzarella, hesp, champignons, oregano."
ROYAL PIZZA (Kortrijk 2022),Pizza hawaï,12.5,"Tomaat, mozzarella, hesp, ananas, oregano."
ROYAL PIZZA (Kortrijk 2022),Pizza polo,12.5,"Tomaat, mozzarella, broccoli, kip, ui, oregano."
ROYAL PIZZA (Kortrijk 2022),Pizza pepperoni,12.5,"Tomaat, mozzarella, salami, pikant, oregano."
ROYAL PIZZA (Kortrijk 2022),Pizza capricciosa,12.5,"Tomaat, mozzarella, hesp, paprika, champignons, oregano."
ROYAL PIZZA (Kortrijk 2022),Pizza quattro stagioni,12.5,"Tomaat, mozzarella, emmental, taleggio, gorgonzola, oregano."
ROYAL PIZZA (Kortrijk 2022),Pizza vegetarisch,12.5,"Tomaat, mozzarella, broccoli, rode ajuin, olijf, champignons, oregano."
ROYAL PIZZA (Kortrijk 2022),Pizza pita,12.5,"Tomaat, mozzarella, pitavlees, oregano."
ROYAL PIZZA (Kortrijk 2022),Pizza quattro formaggio,13.0,"Tomaat, mozzarella, emmental, taleggio, gorgonzola, oregano."
ROYAL PIZZA (Kortrijk 2022),Pizza frutti di mare,13.5,"Tomaat, mozzarella, zeevruchten, ansjovis, oregano."
ROYAL PIZZA (Kortrijk 2022),Pizza diablo,14.0,"Tomaat, mozzarella, scampi, garnalen, pesto, oregano."
ROYAL PIZZA (Kortrijk 2022),Pizza royal,14.5,"Tomaat, mozzarella, kip bereid op indische wijze, ui, oregano."
ROYAL PIZZA (Kortrijk 2022),Indian pizza,13.0,"Tomaat, mozzarella, kip, green chili, pikant."
ROYAL PIZZA (Kortrijk 2022),Indian pizza (veggie),13.0,"Tomaat, mozzarella, champignons, green chili, pikant."
 L'italiano,Magna Graecia,21.0,"gevulde rand met grooket provola,san marzano tomatensaus,guanciale,kerstomatjes bereid met aromatische kruiden op de pizza na het bakken,basilicum en extra vergine olijfolie"
 L'italiano,La pizza Carbonara,20.0,"witte basis met fior di latte mozzarella,pacetta,ei met peterselie, zwarte peper, parmigiano reggiano en olijfolie"
Malaciorta,Cerasella,18.5,"Bianca: Pomodori ciliegini gialli e rossi, mozzarella di bufala, cornicione ripieno di ricotta, basilico | White pizza: Yellow and red cherry tomatoes, buffalo mozzarella, border stuffed with ricotta, basil"
Malaciorta,Malafritta,20.0,"Pizza Fritta: Pomodoro San Marzano, mozzarella, ricotta, ciccioli Napoletani | Fried Pizza stuffed with San Marzano tomato, fresh mozzarella, ricotta, typical neapolitan cracklings"
Malaciorta,Tris di montanara,18.0,3 stukken gefrituured pizza (parmigiana-genovese-starcciatella & pistache)
Malaciorta,Italy Strange,20.0,"Bianca: Pomodori ciliengini, mozzarella, prosciutto crudo San Daniele, rucola, Parmigiano Reggiano | White pizza: Cherry tomatoes, fresh mozzarella, san daniele ham, rucola and parmesan"
NACHTWINKEL NACHTWACHT,Dr. Oekter Pizza,4.9,
Pizza Express,1.Pizza Margherita,9.15,basispizza tomatensaus en 100% mozzarella
Pizza Express,2.Pizza Primavera,10.9,"ajuin,paprika,champignons en artisjok"
Pizza Express,3.Pizza Veggi,10.9,"Ajuin,ananas,champignons,mais en olijven"
Pizza Express,4.Pizza Basilico,10.9,"Verse tomaat,basilicum,extra mozzarella"
Pizza Express,5.Pizza Biancaneva,10.9,"Gorgonzola,emmental,tallegio en mozzarella"
Pizza Express,6.Pizza Rucola,10.9,"Verse tomaat,raketsla en extra mozzarella"
Pizza Express,7.Pizza Pepperoni,10.9,"Ajuin,paprika,champignons,hesp en salami"
Pizza Express,8.Pizza Double Pepperoni,10.9,"Ajuin,paprika,champignons hesp,salami,gehakt en knackworst"
Pizza Express,9.Pizza Hot & Spicy,10.9,"Ajuin,paprika,champignonshesp,salami en heerlijk pittig"
Pizza Express,10.Pizza Marinara,10.9,"Tonijn,ansjovis,zeevruchtencoctail en looksnippers"
Pizza Express,11.Pizza 4 Stagione,10.9,"Champignons,tonijn,hesp,ansjovis en artisjok"
Pizza Express,12.Pizza Parma,10.9,Hesp en champignons
Pizza Express,13.Pizza Hawai,10.9,hesp en ananas
Pizza Express,14.Pizza Super,10.9,"Ajuin,paprika en gehakt"
Pizza Express,15.Pizza Tropicana,10.9,"Ananas,champignons en kip"
Pizza Express,16.Pizza Bacon & Cream,10.9,"Ajuin,room en spekjes"
Pizza Express,17.Pizza Duo,10.9,Een helft salami en een helft gehakt
Pizza Express,18.Pizza Carbonara,10.9,"Spek,parmezaan, eigeel en room"
Pizza Express,19.Pizza Calzone,10.9,"Dichtgevouwen pizza met hespp,salami,champgnons,paprika,bolognaisesaue en kaas"
Pizza Express,20.Pizza Express,10.9,"Scampi,spinazie en room"
Pizza Express,72.Pizza Funghi,9.9,Champignons
Pizza Express,73.Pizza Chicken,10.9,champgnons en kip
Pizza Express,74.Pizza Prosciutto,9.9,Hesp
Pizza Express,75.Pizza Tonijn,10.9,Ajuin en tonijn
Pizza Express,76.Pizza Scampi,10.9,Scampis
Pizza Express,77.Pizza Bolognaise,10.9,bolognaisesaus en kaas
Pizza Express,78.Pizza Napolitana,10.9,Ansjovis en kappers
Pizza Express,79.Pizza Student,10.9,"Scampi,spinai en room"
Pizza Express,80.Pizza Mozzarella,10.9,"Verse tomaat,basilicum en extra kaas"
Pizza Express,81.Pizza Turcko,10.9,"Ajuin,paprika,champignons en kip"
Pizza Express,82. Pizza Barbecue,10.9,"Salami,hesp,spekjes,gehakt en kip in barbequesaus"
Pizza Express,83.Pizza Barbecue Chicken,10.9,"Ajuin,paprika en kip in barbequesaus"
Pizza Express,84.Pizza Samurai,10.9,"salami,hesp,spekjes,gehakt en kip in pittig samuraisaus"
Pizza Express,85.Pizza Special,11.9,"Ajuin,paprika,champignons,bolognaise,olijven 4soorten kazen met zoetzure saus"
Pizza Express,86.Pizza Full Option,11.9,"Salami,paprika,ajuin,olijf,kip,ananas,mais,gehakt extra kaas"
Pizza Express,88.Pizza Bicky,10.9,"Bickyburger,gedroogde ajuin,en bickysauzen"
Le Max,Piccata alla Pizzaiola,16.0,
Kalura,Kids Pizza,8.9,"Pizza Margherita for children with a surprise.
Tomato sauce, Fior di latte mozzarella, basil, origano, olive oil "
Kalura,Patapizza (VG) ,16.0,"Tomato sauce, fior di latte mozzarella & fries"
Kalura,Frieten op pizza,3.0,
Pinocchio Gent,Pizza Margherita,9.0,"Tomaten, mozzarella"
Pinocchio Gent,Pizza Napoli,12.0,"Tomaten, mozzarella, kappertjes en ansjovis"
Pinocchio Gent,Pizza Capricciosa,13.0,"Tomaten, mozzarella, ham en champignons"
Pinocchio Gent,Pizza Vegetariana,15.0,"Tomaten, mozzarella, diverse soorten groenten"
Pinocchio Gent,Pizza Parma,18.0,"Tomaten, mozzarella, parmaham en Parmesaanse kaas schilfers, rucola"
Pinocchio Gent,Pizza Viagra,16.0,"Tomaten, mozzarella, peperoncini en zeer pikante salami"
Pinocchio Gent,Pizza Quattro Formaggi,16.0,"Pizza met 4 kaassoorten:  Bel Paese, Tallegio, Gorgonzola, Mozzarella en tomatensaus"
Pinocchio Gent,Pizza Tropicale,12.0,"met tomatensaus, mozzarella, ananas en ham"
Pinocchio Gent,Pizza all' Tonno,16.0,"Pizza met tonijn,  mozzarella, tomaten, ajuin en zwarte olijven"
Pinocchio Gent,Pizza agli Fungj,11.0,"tomaten, mozzarella, champignons"
Pinocchio Gent,Pizza Salame Piccante,12.0,"tomaten, mozzarella,  pikante salami"
Pinocchio Gent,Prosciuto,11.0,pizza met gekookte ham
Pinocchio Gent,Pizza Speciale,15.0,"met gekookte hesp, champignons, paprika, salami en artisjok"
Pinocchio Gent,Pizza Burrata,22.0,"Pizza met Burrata kaas (180 gr) + parmaham en ruccola. Burrata is een beursvormige mozzarella gevuld met extra room, wat het extra lekker maakt."
Pinocchio Gent,Pizza 4 Stagioni,14.0,"Pizza met tomatensaus, mozzarella, olijven, champignons, paprika, ham"
Pizzissima,4 Apart te Kiezen Stukken Pizza,0.0,
Otomat,Pizza Nutella,9.5,"Small pizza with Nutella, topped with strawberries and hazelnuts"
Otomat,Triple Chocolate Pizza,12.5,"Three different types of chocolate, crispy roasted nuts, softly burnt marshmallow. Lime powder from Mexico and basil."
Otomat,Bianca Pizzafiore,12.0,"Sour cream, Fior di Latte Mozzarella, thyme & caramelized red onion."
Carrefour Express Wezembeek Oppem,Dr. Oetker Pizza Ristorante Quattro Formaggi 340 g,4.15,Dr. Oetker Pizza Ristorante Quattro Formaggi 340 g
Carrefour Express Wezembeek Oppem,Carrefour Classic' Pâte à Pizza Fine et Ronde 260 g,1.35,Carrefour Classic Pâte à Pizza Fine et Ronde 260 g
Carrefour Express Wezembeek Oppem,Carrefour Bio Pizza Margherita Cuite au Feu de Bois 310 g,2.59,"Cette pizza est fabriquée en Italie, à partir dingrédients issus de lagriculture biologique. Elaborée à partir dune pâte à lhuile dolive vierge extra (2.5%), elle est nappée de sauce tomate et de mozzarella, puis cuite au feu de bois, ce qui lui donne son croustillant et son goût unique si attachant."
Carrefour Express Wezembeek Oppem,Dr. Oetker Casa di Mama Pizza Speciale 415 g,6.75,Dr. Oetker Casa di Mama Pizza Speciale 415 g
Carrefour Express Wezembeek Oppem,Dr. Oetker Pizza Ristorante Mozzarella 355 g,3.89,Dr. Oetker Pizza Ristorante Mozzarella 355 g
Carrefour Express Wezembeek Oppem,Dr. Oetker Pizza Ristorante Barbecue 340 g,6.25,Dr. Oetker Pizza Ristorante Barbecue 340 g
Carrefour Express Wezembeek Oppem,Dr. Oetker Pizza Ristorante Speciale 345 g,3.99,Dr. Oetker Pizza Ristorante Speciale 345 g
Carrefour Express Wezembeek Oppem,Dr. Oetker Pizza Ristorante Tonno 355 g,4.39,"Dr. Oetker utilise uniquement du thon rose (Katsuwonus pelamis), dont les stocks ne sont pas en danger."
Carrefour Express Wezembeek Oppem,Dr. Oetker Pizza Ristorante Salame 320 g,4.59,Dr. Oetker Pizza Ristorante Salame 320 g
Carrefour Express Wezembeek Oppem,Dr. Oetker Pizza Ristorante Prosciutto 340 g,4.59,Dr. Oetker Pizza Ristorante Prosciutto 340 g
Carrefour Express Wezembeek Oppem,Dr. Oetker Pizza Ristorante Bolognese e Formaggi 375 g,5.15,Dr. Oetker Pizza Ristorante Bolognese e Formaggi 375 g
Carrefour Express Wezembeek Oppem,Dr. Oetker Pizza Ristorante Hawaii 355 g,3.95,Dr. Oetker Pizza Ristorante Hawaii 355 g
Carrefour Express Wezembeek Oppem,Dr. Oetker Pizza Ristorante Spinaci 390 g,3.79,Dr. Oetker Pizza Ristorante Spinaci 390 g
Carrefour Express Wezembeek Oppem,Carrefour Pizza Mozzarella Pâte Fine 340 g,2.05,"Les pizzas ""pâte Fine"" Carrefour vous séduiront avec leur pâte croustillante. Cette pizza se déguste seule ou se partage en famille, en entrée ou en plat.

Cette pizza Mozzarella est garnie de :
Délicieuses tranches de mozzarella
Savoureuses tomates cerise"
Carrefour Express Wezembeek Oppem,Dr. Oetker Pizza Ristorante Pollo 355 g,4.59,Dr. Oetker Pizza Ristorante Pollo 355 g
Carrefour Express Wezembeek Oppem,Dr. Oetker Pizza Ristorante Funghi 365 g,4.69,Dr. Oetker Pizza Ristorante Funghi 365 g
Aroy's Candy Shop,pizza,0.0,
Aroy's Candy Shop,pizza,0.0,
Kalypta,Pizza aioola,0.0,
Kalypta,Pizza Aiola,2.5,
Pizza service (BRG),Menu A,20.0,"1 medium pizza, voorgerecht, lava cakes, cola 33cl"
Pizza service (BRG),Classic pizza,0.0,
Pizza service (BRG),Menu B,32.0,"2 medium pizzas, 2 voorgerechten, 2 lava cakes, 2 cola 33cl"
Pizza service (BRG),Menu C,25.0,"1 large pizza, cheesybread, 5 chicken wings, fles cola"
Pizza service (BRG),Menu D,30.0,"2 large pizzas, 2 lava cakes"
Pizza service (BRG),Pizza Pitza,0.0,
Pizza service (BRG),Pizza Pitza,0.0,
Pizza service (BRG),Pizza Pitza,0.0,
Pizza service (BRG),Pizza Pitza,12.0,"Paprika en shoarmavlees, potje looksaus"
Pizza service (BRG),Calzone,12.0,"Dubbelgevouwen pizza met bolognesesaus, mozzarella, paprika, champignons, ham en salami"
Pizza service (BRG),Pizza Half & Half,20.0,
